{
  "NGC 4258": {
    "N": 443,
    "sigma": 115.0,
    "mu_geo": 29.398,
    "M_W_apparent": 23.55973896745391,
    "M_W_absolute": -5.8382610325460895,
    "M_W_err": 0.021560228646253298,
    "b_W": -3.287530169052448,
    "b_W_err": 0.07816130535015141
  },
  "LMC": {
    "N": 339,
    "sigma": 24.0,
    "mu_geo": 18.477,
    "M_W_apparent": 12.5992412374345,
    "M_W_absolute": -5.877758762565501,
    "M_W_err": 0.004900946368797291,
    "b_W": -3.2908371462562425,
    "b_W_err": 0.01861069587850711
  },
  "M31": {
    "N": 55,
    "sigma": 160.0,
    "mu_geo": 24.38,
    "M_W_apparent": 18.530805422802572,
    "M_W_absolute": -5.8491945771974265,
    "M_W_err": 0.024449253245639388,
    "b_W": -3.3130938620388894,
    "b_W_err": 0.07744325849948229
  },
  "regression": {
    "kappa_anchor": 10.126942820084631,
    "kappa_anchor_err": 663.2809830949317,
    "intercept": -5.874837936073542,
    "intercept_err": 0.0046903430458121315,
    "sigma_ref": 75.25,
    "r_pearson": 0.7048023603032825,
    "p_pearson": 0.5020713416616183,
    "chi2": 4.33289044803653,
    "dof": 1,
    "n_anchors": 3,
    "tension_with_host": 1.770201129531296,
    "kappa_host": 991381.0729980469,
    "kappa_host_err": 560032.5489648851,
    "prediction_test": {
      "reference_anchor": "LMC",
      "reference_S_assumed": 0.8733960595416025,
      "naive_predictions": [
        {
          "anchor": "NGC 4258",
          "sigma": 115.0,
          "M_W_obs": -5.8382610325460895,
          "M_W_pred": -5.738232677052681,
          "d_mu_pred": 0.13952608551281992,
          "d_mu_err": 0.07881848004273026,
          "residual": -0.10002835549340894,
          "tension_sigma": -1.2219300232698056
        },
        {
          "anchor": "M31",
          "sigma": 160.0,
          "M_W_obs": -5.8491945771974265,
          "M_W_pred": -5.601728976505511,
          "d_mu_pred": 0.2760297860599894,
          "d_mu_err": 0.15592961060868699,
          "residual": -0.2474656006919158,
          "tension_sigma": -1.5671224587343555
        }
      ],
      "naive_chi2": 3.9489857824377594,
      "naive_mean_abs_tension_sigma": 1.3945262410020804,
      "tep_screened_predictions": [
        {
          "anchor": "NGC 4258",
          "sigma": 115.0,
          "S_anchor_assumed": 0.09568098445277634,
          "M_W_obs": -5.8382610325460895,
          "M_W_pred": -5.8207728510493215,
          "d_mu_pred": 0.056985911516178926,
          "d_mu_err": 0.03219142078734839,
          "residual": -0.017488181496768007,
          "tension_sigma": -0.44780437122831324
        },
        {
          "anchor": "M31",
          "sigma": 160.0,
          "S_anchor_assumed": 0.4714380741611139,
          "M_W_obs": -5.8491945771974265,
          "M_W_pred": -5.7250748147451676,
          "d_mu_pred": 0.15268394782033273,
          "d_mu_err": 0.08625137478694926,
          "residual": -0.12411976245225897,
          "tension_sigma": -1.3824333040584844
        }
      ],
      "tep_screened_chi2": 2.111650595061243,
      "tep_screened_mean_abs_tension_sigma": 0.9151188376433989,
      "dof": 2,
      "predictions": [
        {
          "anchor": "NGC 4258",
          "sigma": 115.0,
          "M_W_obs": -5.8382610325460895,
          "M_W_pred": -5.738232677052681,
          "d_mu_pred": 0.13952608551281992,
          "d_mu_err": 0.07881848004273026,
          "residual": -0.10002835549340894,
          "tension_sigma": -1.2219300232698056
        },
        {
          "anchor": "M31",
          "sigma": 160.0,
          "M_W_obs": -5.8491945771974265,
          "M_W_pred": -5.601728976505511,
          "d_mu_pred": 0.2760297860599894,
          "d_mu_err": 0.15592961060868699,
          "residual": -0.2474656006919158,
          "tension_sigma": -1.5671224587343555
        }
      ],
      "chi2": 3.9489857824377594,
      "mean_abs_tension_sigma": 1.3945262410020804
    }
  },
  "anchor_screening_inputs": {
    "MW": 0.6053983587536133,
    "LMC": 0.8733960595416025,
    "M31": 0.4714380741611139,
    "NGC 4258": 0.09568098445277634
  },
  "anchor_nmb_inputs": {
    "MW": 7,
    "LMC": 2,
    "M31": 11,
    "NGC 4258": 65
  },
  "anchor_screening_source": "scripts.utils.tep_correction.ANCHOR_SCREENING (formula-derived)"
}