{
  "NGC 4258": {
    "N": 443,
    "sigma": 115.0,
    "mu_geo": 29.398,
    "M_W_apparent": 23.55973896745391,
    "M_W_absolute": -5.8382610325460895,
    "M_W_err": 0.021560228646087226,
    "b_W": -3.287530169052448,
    "b_W_err": 0.07816130537508151
  },
  "LMC": {
    "N": 339,
    "sigma": 24.0,
    "mu_geo": 18.477,
    "M_W_apparent": 12.5992412374345,
    "M_W_absolute": -5.877758762565501,
    "M_W_err": 0.0049009463687059605,
    "b_W": -3.2908371462562425,
    "b_W_err": 0.018610695884837186
  },
  "M31": {
    "N": 55,
    "sigma": 160.0,
    "mu_geo": 24.38,
    "M_W_apparent": 18.530805422802572,
    "M_W_absolute": -5.8491945771974265,
    "M_W_err": 0.02444925324932445,
    "b_W": -3.3130938620388894,
    "b_W_err": 0.07744325853038672
  },
  "regression": {
    "kappa_anchor": 232119.89763634533,
    "kappa_anchor_err": 193678.93842636046,
    "intercept": -5.874926374182812,
    "intercept_err": 0.004690844357260576,
    "sigma_ref_screened": 30.50738103825078,
    "r_pearson": 0.306183306290876,
    "p_pearson": 0.8018959043120335,
    "chi2": 2.8970077404243786,
    "dof": 1,
    "n_anchors": 3,
    "tension_with_host": 1.8077559542932702,
    "kappa_host": 1048680.1147460938,
    "kappa_host_err": 408068.359375,
    "prediction_test": {
      "reference_anchor": "LMC",
      "reference_S_assumed": 0.8733960595416025,
      "naive_predictions": [
        {
          "anchor": "NGC 4258",
          "sigma": 115.0,
          "M_W_obs": -5.8382610325460895,
          "M_W_pred": -5.730168461165884,
          "d_mu_pred": 0.14759030139961685,
          "d_mu_err": 0.057431175918106876,
          "residual": -0.10809257138020545,
          "tension_sigma": -1.7564531610512923
        },
        {
          "anchor": "M31",
          "sigma": 160.0,
          "M_W_obs": -5.8491945771974265,
          "M_W_pred": -5.585775230094632,
          "d_mu_pred": 0.2919835324708682,
          "d_mu_err": 0.11361828968097924,
          "residual": -0.26341934710279435,
          "tension_sigma": -2.2645624960781245
        }
      ],
      "naive_chi2": 8.213371005610663,
      "naive_mean_abs_tension_sigma": 2.0105078285647084,
      "tep_screened_predictions": [
        {
          "anchor": "NGC 4258",
          "sigma": 115.0,
          "S_anchor_assumed": 0.09568098445277634,
          "M_W_obs": -5.8382610325460895,
          "M_W_pred": -5.868864082484902,
          "d_mu_pred": 0.008894680080598497,
          "d_mu_err": 0.003461148406093434,
          "residual": 0.030603049938812354,
          "tension_sigma": 1.36745869726177
        },
        {
          "anchor": "M31",
          "sigma": 160.0,
          "S_anchor_assumed": 0.4714380741611139,
          "M_W_obs": -5.8491945771974265,
          "M_W_pred": -5.742808107083326,
          "d_mu_pred": 0.13495065548217447,
          "d_mu_err": 0.05251276514623824,
          "residual": -0.10638647011410018,
          "tension_sigma": -1.830071917519498
        }
      ],
      "tep_screened_chi2": 5.219106512010349,
      "tep_screened_mean_abs_tension_sigma": 1.598765307390634,
      "dof": 2,
      "predictions": [
        {
          "anchor": "NGC 4258",
          "sigma": 115.0,
          "M_W_obs": -5.8382610325460895,
          "M_W_pred": -5.730168461165884,
          "d_mu_pred": 0.14759030139961685,
          "d_mu_err": 0.057431175918106876,
          "residual": -0.10809257138020545,
          "tension_sigma": -1.7564531610512923
        },
        {
          "anchor": "M31",
          "sigma": 160.0,
          "M_W_obs": -5.8491945771974265,
          "M_W_pred": -5.585775230094632,
          "d_mu_pred": 0.2919835324708682,
          "d_mu_err": 0.11361828968097924,
          "residual": -0.26341934710279435,
          "tension_sigma": -2.2645624960781245
        }
      ],
      "chi2": 8.213371005610663,
      "mean_abs_tension_sigma": 2.0105078285647084
    }
  },
  "anchor_screening_inputs": {
    "MW": 0.6053983587536133,
    "LMC": 0.8733960595416025,
    "M31": 0.4714380741611139,
    "NGC 4258": 0.09568098445277634
  },
  "anchor_nmb_inputs": {
    "MW": 7,
    "LMC": 2,
    "M31": 11,
    "NGC 4258": 65
  },
  "anchor_screening_source": "scripts.utils.tep_correction.ANCHOR_SCREENING (formula-derived)"
}