{
  "NGC 4258": {
    "N": 443,
    "sigma": 115.0,
    "mu_geo": 29.397,
    "M_W_apparent": 23.55973896745391,
    "M_W_absolute": -5.837261032546088,
    "M_W_err": 0.021560228646253298,
    "b_W": -3.287530169052448,
    "b_W_err": 0.07816130535015141
  },
  "LMC": {
    "N": 339,
    "sigma": 24.0,
    "mu_geo": 18.477,
    "M_W_apparent": 12.5992412374345,
    "M_W_absolute": -5.877758762565501,
    "M_W_err": 0.004900946368797291,
    "b_W": -3.2908371462562425,
    "b_W_err": 0.01861069587850711
  },
  "M31": {
    "N": 55,
    "sigma": 160.0,
    "mu_geo": 24.407,
    "M_W_apparent": 18.530805422802572,
    "M_W_absolute": -5.8761945771974275,
    "M_W_err": 0.024449253245639388,
    "b_W": -3.3130938620388894,
    "b_W_err": 0.07744325849948229
  },
  "regression": {
    "kappa_anchor": 5.04733256828341,
    "kappa_anchor_err": 663.2809830949317,
    "intercept": -5.875784450664815,
    "intercept_err": 0.0046903430458121315,
    "sigma_ref": 75.25,
    "r_pearson": 0.04040546930065503,
    "p_pearson": 0.9742700749692184,
    "chi2": 3.3550362539980783,
    "dof": 1,
    "n_anchors": 3,
    "tension_with_host": 1.7702101997303379,
    "kappa_host": 991381.0729980469,
    "kappa_host_err": 560032.5489648851,
    "prediction_test": {
      "reference_anchor": "LMC",
      "reference_S_assumed": 0.1,
      "naive_predictions": [
        {
          "anchor": "NGC 4258",
          "sigma": 115.0,
          "M_W_obs": -5.837261032546088,
          "M_W_pred": -5.738232677052681,
          "d_mu_pred": 0.13952608551281992,
          "d_mu_err": 0.07881848004273026,
          "residual": -0.09902835549340772,
          "tension_sigma": -1.2097141868977699
        },
        {
          "anchor": "M31",
          "sigma": 160.0,
          "M_W_obs": -5.8761945771974275,
          "M_W_pred": -5.601728976505511,
          "d_mu_pred": 0.2760297860599894,
          "d_mu_err": 0.15592961060868699,
          "residual": -0.27446560069191683,
          "tension_sigma": -1.738105036787724
        }
      ],
      "naive_chi2": 4.484417532888588,
      "naive_mean_abs_tension_sigma": 1.473909611842747,
      "tep_screened_predictions": [
        {
          "anchor": "NGC 4258",
          "sigma": 115.0,
          "S_anchor_assumed": 0.5,
          "M_W_obs": -5.837261032546088,
          "M_W_pred": -5.830438858534406,
          "d_mu_pred": 0.047319904031094026,
          "d_mu_err": 0.026731079695889594,
          "residual": -0.006822174011682058,
          "tension_sigma": -0.19665970303730917
        },
        {
          "anchor": "M31",
          "sigma": 160.0,
          "S_anchor_assumed": 0.2,
          "M_W_obs": -5.8761945771974275,
          "M_W_pred": -5.828163590034832,
          "d_mu_pred": 0.0495951725306689,
          "d_mu_err": 0.028016382040368517,
          "residual": -0.048030987162595906,
          "tension_sigma": -1.2806201111459046
        }
      ],
      "tep_screened_chi2": 1.6786629078700717,
      "tep_screened_mean_abs_tension_sigma": 0.7386399070916069,
      "dof": 2,
      "predictions": [
        {
          "anchor": "NGC 4258",
          "sigma": 115.0,
          "M_W_obs": -5.837261032546088,
          "M_W_pred": -5.738232677052681,
          "d_mu_pred": 0.13952608551281992,
          "d_mu_err": 0.07881848004273026,
          "residual": -0.09902835549340772,
          "tension_sigma": -1.2097141868977699
        },
        {
          "anchor": "M31",
          "sigma": 160.0,
          "M_W_obs": -5.8761945771974275,
          "M_W_pred": -5.601728976505511,
          "d_mu_pred": 0.2760297860599894,
          "d_mu_err": 0.15592961060868699,
          "residual": -0.27446560069191683,
          "tension_sigma": -1.738105036787724
        }
      ],
      "chi2": 4.484417532888588,
      "mean_abs_tension_sigma": 1.473909611842747
    }
  },
  "anchor_screening_inputs": {
    "MW": 0.1,
    "LMC": 0.1,
    "M31": 0.2,
    "NGC 4258": 0.5
  },
  "anchor_screening_source": "scripts.utils.tep_correction.ANCHOR_SCREENING"
}