{
  "NGC 4258": {
    "N": 443,
    "sigma": 115.0,
    "mu_geo": 29.398,
    "M_W_apparent": 23.55973896745391,
    "M_W_absolute": -5.8382610325460895,
    "M_W_err": 0.021560228646087226,
    "b_W": -3.287530169052448,
    "b_W_err": 0.07816130537508151
  },
  "LMC": {
    "N": 339,
    "sigma": 24.0,
    "mu_geo": 18.477,
    "M_W_apparent": 12.5992412374345,
    "M_W_absolute": -5.877758762565501,
    "M_W_err": 0.0049009463687059605,
    "b_W": -3.2908371462562425,
    "b_W_err": 0.018610695884837186
  },
  "M31": {
    "N": 55,
    "sigma": 160.0,
    "mu_geo": 24.38,
    "M_W_apparent": 18.530805422802572,
    "M_W_absolute": -5.8491945771974265,
    "M_W_err": 0.02444925324932445,
    "b_W": -3.3130938620388894,
    "b_W_err": 0.07744325853038672
  },
  "regression": {
    "kappa_anchor": 232119.89763634533,
    "kappa_anchor_err": 193678.93842636046,
    "intercept": -5.874926374182812,
    "intercept_err": 0.004690844357260576,
    "sigma_ref_screened": 30.50738103825078,
    "r_pearson": 0.306183306290876,
    "p_pearson": 0.8018959043120335,
    "chi2": 2.8970077404243786,
    "dof": 1,
    "n_anchors": 3,
    "tension_with_host": 1.9061777057506128,
    "kappa_host": 1256703.9489746094,
    "kappa_host_err": 501400.3906249999,
    "prediction_test": {
      "reference_anchor": "LMC",
      "reference_S_assumed": 0.8733960595416025,
      "naive_predictions": [
        {
          "anchor": "NGC 4258",
          "sigma": 115.0,
          "M_W_obs": -5.8382610325460895,
          "M_W_pred": -5.700891372795113,
          "d_mu_pred": 0.1768673897703868,
          "d_mu_err": 0.07056664251915053,
          "residual": -0.13736965975097615,
          "tension_sigma": -1.857616959938294
        },
        {
          "anchor": "M31",
          "sigma": 160.0,
          "M_W_obs": -5.8491945771974265,
          "M_W_pred": -5.527855247535525,
          "d_mu_pred": 0.3499035150299754,
          "d_mu_err": 0.1396046851450093,
          "residual": -0.3213393296619014,
          "tension_sigma": -2.265918653340864
        }
      ],
      "naive_chi2": 8.585128113408464,
      "naive_mean_abs_tension_sigma": 2.061767806639579,
      "tep_screened_predictions": [
        {
          "anchor": "NGC 4258",
          "sigma": 115.0,
          "S_anchor_assumed": 0.09568098445277634,
          "M_W_obs": -5.8382610325460895,
          "M_W_pred": -5.867099668886719,
          "d_mu_pred": 0.010659093678781482,
          "d_mu_err": 0.004252770701174492,
          "residual": 0.028838636340629442,
          "tension_sigma": 1.2808334876287637
        },
        {
          "anchor": "M31",
          "sigma": 160.0,
          "S_anchor_assumed": 0.4714380741611139,
          "M_W_obs": -5.8491945771974265,
          "M_W_pred": -5.716038311041327,
          "d_mu_pred": 0.1617204515241738,
          "d_mu_err": 0.06452330927457792,
          "residual": -0.13315626615609943,
          "tension_sigma": -1.9249466600686018
        }
      ],
      "tep_screened_chi2": 5.345954067140528,
      "tep_screened_mean_abs_tension_sigma": 1.6028900738486827,
      "dof": 2,
      "predictions": [
        {
          "anchor": "NGC 4258",
          "sigma": 115.0,
          "M_W_obs": -5.8382610325460895,
          "M_W_pred": -5.700891372795113,
          "d_mu_pred": 0.1768673897703868,
          "d_mu_err": 0.07056664251915053,
          "residual": -0.13736965975097615,
          "tension_sigma": -1.857616959938294
        },
        {
          "anchor": "M31",
          "sigma": 160.0,
          "M_W_obs": -5.8491945771974265,
          "M_W_pred": -5.527855247535525,
          "d_mu_pred": 0.3499035150299754,
          "d_mu_err": 0.1396046851450093,
          "residual": -0.3213393296619014,
          "tension_sigma": -2.265918653340864
        }
      ],
      "chi2": 8.585128113408464,
      "mean_abs_tension_sigma": 2.061767806639579
    }
  },
  "anchor_screening_inputs": {
    "MW": 0.6053983587536133,
    "LMC": 0.8733960595416025,
    "M31": 0.4714380741611139,
    "NGC 4258": 0.09568098445277634
  },
  "anchor_nmb_inputs": {
    "MW": 7,
    "LMC": 2,
    "M31": 11,
    "NGC 4258": 65
  },
  "anchor_screening_source": "scripts.utils.tep_correction.ANCHOR_SCREENING (formula-derived)"
}