{
  "N4258": {
    "N": 443,
    "sigma": 115.0,
    "mu_geo": 29.397,
    "M_W_apparent": 23.55973896745391,
    "M_W_absolute": -5.837261032546088,
    "M_W_err": 0.021560228646253298,
    "b_W": -3.287530169052448,
    "b_W_err": 0.07816130535015141,
    "log_P_mean": 1.0629233598216705,
    "log_P_std": 0.2688736837492712
  },
  "LMC": {
    "N": 339,
    "sigma": 24.0,
    "mu_geo": 18.477,
    "M_W_apparent": 12.5992412374345,
    "M_W_absolute": -5.877758762565501,
    "M_W_err": 0.004900946368797291,
    "b_W": -3.2908371462562425,
    "b_W_err": 0.01861069587850711,
    "log_P_mean": 1.031835771879056,
    "log_P_std": 0.2617952908687058
  },
  "M31": {
    "N": 55,
    "sigma": 160.0,
    "mu_geo": 24.407,
    "M_W_apparent": 18.530805422802572,
    "M_W_absolute": -5.8761945771974275,
    "M_W_err": 0.024449253245639388,
    "b_W": -3.3130938620388894,
    "b_W_err": 0.07744325849948229,
    "log_P_mean": 1.2141327158181814,
    "log_P_std": 0.23412321197736605
  },
  "regression": {
    "kappa_anchor": 5.04733256828341,
    "kappa_anchor_err": 663.2809830949317,
    "intercept": -5.875784450664815,
    "intercept_err": 0.0046903430458121315,
    "r_pearson": 0.04040546930065503,
    "p_pearson": 0.9742700749692184,
    "chi2": 3.3550362539980783,
    "dof": 1,
    "n_anchors": 3,
    "kappa_host": 1611136.6271972656,
    "kappa_host_err": 619064.453125,
    "tension_with_host": 2.6025249018620533
  },
  "test": {
    "delta_MW": 0.04049773001941226,
    "delta_MW_err": 0.022110240491422718,
    "delta_sigma_sq_over_c2": 1.4073910559022223e-07,
    "significance": 1.8316277489212587,
    "tep_prediction_host_kappa": 0.22674992789539047
  }
}