{
  "NGC 4258": {
    "N": 443,
    "sigma": 115.0,
    "mu_geo": 29.398,
    "M_W_apparent": 23.55973896745391,
    "M_W_absolute": -5.8382610325460895,
    "M_W_err": 0.021560228646087226,
    "b_W": -3.287530169052448,
    "b_W_err": 0.07816130537508151
  },
  "LMC": {
    "N": 339,
    "sigma": 24.0,
    "mu_geo": 18.477,
    "M_W_apparent": 12.5992412374345,
    "M_W_absolute": -5.877758762565501,
    "M_W_err": 0.0049009463687059605,
    "b_W": -3.2908371462562425,
    "b_W_err": 0.018610695884837186
  },
  "M31": {
    "N": 55,
    "sigma": 160.0,
    "mu_geo": 24.38,
    "M_W_apparent": 18.530805422802572,
    "M_W_absolute": -5.8491945771974265,
    "M_W_err": 0.02444925324932445,
    "b_W": -3.3130938620388894,
    "b_W_err": 0.07744325853038672
  },
  "regression": {
    "kappa_anchor": 232119.89763634533,
    "kappa_anchor_err": 193678.93842636046,
    "intercept": -5.874926374182812,
    "intercept_err": 0.004690844357260576,
    "sigma_ref_screened_sq": 930.7002978130233,
    "r_pearson": 0.306183306290876,
    "p_pearson": 0.8018959043120335,
    "chi2": 2.8970077404243786,
    "dof": 1,
    "n_anchors": 3,
    "tension_with_host": 1.5256950699719207,
    "kappa_host": 1621758.2702636719,
    "kappa_host_err": 889992.842193259,
    "prediction_test": {
      "reference_anchor": "LMC",
      "reference_S_assumed": 0.8733960595416025,
      "naive_predictions": [
        {
          "anchor": "NGC 4258",
          "sigma": 115.0,
          "M_W_obs": -5.8382610325460895,
          "M_W_pred": -5.649513954125045,
          "d_mu_pred": 0.22824480844045505,
          "d_mu_err": 0.12525679659197908,
          "residual": -0.1887470784210441,
          "tension_sigma": -1.4839391977320397
        },
        {
          "anchor": "M31",
          "sigma": 160.0,
          "M_W_obs": -5.8491945771974265,
          "M_W_pred": -5.426213337123651,
          "d_mu_pred": 0.45154542544184895,
          "d_mu_err": 0.24780030657899313,
          "residual": -0.42298124007377513,
          "tension_sigma": -1.6983668244395276
        }
      ],
      "naive_chi2": 5.0865254129224144,
      "naive_mean_abs_tension_sigma": 1.5911530110857837,
      "tep_screened_predictions": [
        {
          "anchor": "NGC 4258",
          "sigma": 115.0,
          "S_anchor_assumed": 0.09568098445277634,
          "M_W_obs": -5.8382610325460895,
          "M_W_pred": -5.8640033563370215,
          "d_mu_pred": 0.013755406228478682,
          "d_mu_err": 0.007548728629462276,
          "residual": 0.025742323790931998,
          "tension_sigma": 1.1018251144919071
        },
        {
          "anchor": "M31",
          "sigma": 160.0,
          "S_anchor_assumed": 0.4714380741611139,
          "M_W_obs": -5.8491945771974265,
          "M_W_pred": -5.66906085885946,
          "d_mu_pred": 0.20869790370604072,
          "d_mu_err": 0.11452979391861892,
          "residual": -0.18013371833796654,
          "tension_sigma": -1.536808243205263
        }
      ],
      "tep_screened_chi2": 3.575798159308751,
      "tep_screened_mean_abs_tension_sigma": 1.319316678848585,
      "dof": 2,
      "predictions": [
        {
          "anchor": "NGC 4258",
          "sigma": 115.0,
          "M_W_obs": -5.8382610325460895,
          "M_W_pred": -5.649513954125045,
          "d_mu_pred": 0.22824480844045505,
          "d_mu_err": 0.12525679659197908,
          "residual": -0.1887470784210441,
          "tension_sigma": -1.4839391977320397
        },
        {
          "anchor": "M31",
          "sigma": 160.0,
          "M_W_obs": -5.8491945771974265,
          "M_W_pred": -5.426213337123651,
          "d_mu_pred": 0.45154542544184895,
          "d_mu_err": 0.24780030657899313,
          "residual": -0.42298124007377513,
          "tension_sigma": -1.6983668244395276
        }
      ],
      "chi2": 5.0865254129224144,
      "mean_abs_tension_sigma": 1.5911530110857837
    }
  },
  "anchor_screening_inputs": {
    "MW": 0.6053983587536133,
    "LMC": 0.8733960595416025,
    "M31": 0.4714380741611139,
    "NGC 4258": 0.09568098445277634
  },
  "anchor_nmb_inputs": {
    "MW": 7,
    "LMC": 2,
    "M31": 11,
    "NGC 4258": 65
  },
  "anchor_screening_source": "scripts.utils.tep_correction.ANCHOR_SCREENING (formula-derived)"
}