{
  "NGC 4258": {
    "N": 443,
    "sigma": 115.0,
    "mu_geo": 29.398,
    "M_W_apparent": 23.55973896745391,
    "M_W_absolute": -5.8382610325460895,
    "M_W_err": 0.021560228646087226,
    "b_W": -3.287530169052448,
    "b_W_err": 0.07816130537508151
  },
  "LMC": {
    "N": 339,
    "sigma": 24.0,
    "mu_geo": 18.477,
    "M_W_apparent": 12.5992412374345,
    "M_W_absolute": -5.877758762565501,
    "M_W_err": 0.0049009463687059605,
    "b_W": -3.2908371462562425,
    "b_W_err": 0.018610695884837186
  },
  "M31": {
    "N": 55,
    "sigma": 160.0,
    "mu_geo": 24.38,
    "M_W_apparent": 18.530805422802572,
    "M_W_absolute": -5.8491945771974265,
    "M_W_err": 0.02444925324932445,
    "b_W": -3.3130938620388894,
    "b_W_err": 0.07744325853038672
  },
  "regression": {
    "kappa_anchor": 246442.21361560377,
    "kappa_anchor_err": 138653.37389942596,
    "intercept": -5.860363029076873,
    "intercept_err": 0.009398138785988277,
    "sigma_ref_screened": 30.50738103825078,
    "r_pearson": 0.663451316128769,
    "p_pearson": 0.5381819555331222,
    "chi2": 1.1742141839165596,
    "dof": 1,
    "n_anchors": 3,
    "tension_with_host": 2.057066523490609,
    "kappa_host": 1272451.0192871094,
    "kappa_host_err": 479113.28125,
    "prediction_test": {
      "reference_anchor": "LMC",
      "reference_S_assumed": 0.8733960595416025,
      "naive_predictions": [
        {
          "anchor": "NGC 4258",
          "sigma": 115.0,
          "M_W_obs": -5.8382610325460895,
          "M_W_pred": -5.6986751442036665,
          "d_mu_pred": 0.17908361836183437,
          "d_mu_err": 0.06742997467952158,
          "residual": -0.13958588834242303,
          "tension_sigma": -1.9670397356684275
        },
        {
          "anchor": "M31",
          "sigma": 160.0,
          "M_W_obs": -5.8491945771974265,
          "M_W_pred": -5.523470797834174,
          "d_mu_pred": 0.35428796473132607,
          "d_mu_err": 0.13339929531032874,
          "residual": -0.32572377936325214,
          "tension_sigma": -2.400148800112794
        }
      ],
      "naive_chi2": 9.629959584381401,
      "naive_mean_abs_tension_sigma": 2.183594267890611,
      "tep_screened_predictions": [
        {
          "anchor": "NGC 4258",
          "sigma": 115.0,
          "S_anchor_assumed": 0.09568098445277634,
          "M_W_obs": -5.8382610325460895,
          "M_W_pred": -5.866966105609732,
          "d_mu_pred": 0.010792656955768278,
          "d_mu_err": 0.004063736213894328,
          "residual": 0.028705073063642672,
          "tension_sigma": 1.276882852445934
        },
        {
          "anchor": "M31",
          "sigma": 160.0,
          "S_anchor_assumed": 0.4714380741611139,
          "M_W_obs": -5.8491945771974265,
          "M_W_pred": -5.714011880454236,
          "d_mu_pred": 0.16374688211126498,
          "d_mu_err": 0.06165526593451004,
          "residual": -0.1351826967431906,
          "tension_sigma": -2.03261405658715
        }
      ],
      "tep_screened_chi2": 5.761949721906136,
      "tep_screened_mean_abs_tension_sigma": 1.654748454516542,
      "dof": 2,
      "predictions": [
        {
          "anchor": "NGC 4258",
          "sigma": 115.0,
          "M_W_obs": -5.8382610325460895,
          "M_W_pred": -5.6986751442036665,
          "d_mu_pred": 0.17908361836183437,
          "d_mu_err": 0.06742997467952158,
          "residual": -0.13958588834242303,
          "tension_sigma": -1.9670397356684275
        },
        {
          "anchor": "M31",
          "sigma": 160.0,
          "M_W_obs": -5.8491945771974265,
          "M_W_pred": -5.523470797834174,
          "d_mu_pred": 0.35428796473132607,
          "d_mu_err": 0.13339929531032874,
          "residual": -0.32572377936325214,
          "tension_sigma": -2.400148800112794
        }
      ],
      "chi2": 9.629959584381401,
      "mean_abs_tension_sigma": 2.183594267890611
    }
  },
  "anchor_screening_inputs": {
    "MW": 0.6053983587536133,
    "LMC": 0.8733960595416025,
    "M31": 0.4714380741611139,
    "NGC 4258": 0.09568098445277634
  },
  "anchor_nmb_inputs": {
    "MW": 7,
    "LMC": 2,
    "M31": 11,
    "NGC 4258": 65
  },
  "anchor_screening_source": "scripts.utils.tep_correction.ANCHOR_SCREENING (formula-derived)"
}