{
  "n_hosts_with_raw_and_corrected": 29,
  "assumed_aperture_radius_arcsec": 1.5,
  "default_beta": 0.04,
  "baseline": {
    "r_raw": 0.4659252694849852,
    "p_raw": 0.010853997552512658,
    "r_corrected": 0.4621612433960245,
    "p_corrected": 0.0116001769116666
  },
  "source_stratified": {
    "sigma_source": [
      {
        "sigma_source": "Ho 2007 (J/ApJ/668/94)",
        "n": 7,
        "r": 0.4743695670490936,
        "p": 0.2821475238747579
      },
      {
        "sigma_source": "HyperLEDA (ledacat.cgi)",
        "n": 15,
        "r": 0.5375393195643479,
        "p": 0.03877156834662118
      }
    ],
    "sigma_method": [
      {
        "sigma_method": "stellar absorption",
        "n": 17,
        "r": 0.4811906976829627,
        "p": 0.050522075941419164
      },
      {
        "sigma_method": "vrot/1.7 proxy",
        "n": 12,
        "r": 0.5822340018378247,
        "p": 0.04699809508521172
      }
    ]
  },
  "grid_summary": {
    "beta_min": 0.0,
    "beta_max": 0.08,
    "re_scale_min": 0.7,
    "re_scale_max": 1.3,
    "r_min": 0.4573164991838969,
    "r_max": 0.4659252694849852,
    "slope_min": 0.08074931410143303,
    "slope_max": 0.09109791575115404,
    "delta_h0_min": 4.628158226115971,
    "delta_h0_max": 4.628158226115971,
    "kappa_cep_min": 957617.1875,
    "kappa_cep_max": 1188641.357421875,
    "unified_h0_min": 67.93614352688338,
    "unified_h0_max": 68.51904063068743
  }
}