{
  "n_hosts_with_raw_and_corrected": 29,
  "assumed_aperture_radius_arcsec": 1.5,
  "default_beta": 0.04,
  "baseline": {
    "r_raw": 0.3467176210823639,
    "p_raw": 0.06538290412529087,
    "r_corrected": 0.3296732828583555,
    "p_corrected": 0.08073226088132208
  },
  "source_stratified": {
    "sigma_source": [
      {
        "sigma_source": "Ho 2007 (J/ApJ/668/94)",
        "n": 7,
        "r": 0.46716438526285436,
        "p": 0.2905474877221945
      },
      {
        "sigma_source": "HyperLEDA (ledacat.cgi)",
        "n": 15,
        "r": 0.14973850671710212,
        "p": 0.5942814810957142
      }
    ],
    "sigma_method": [
      {
        "sigma_method": "stellar absorption",
        "n": 17,
        "r": 0.4624953156697442,
        "p": 0.06158255317751439
      },
      {
        "sigma_method": "vrot/1.7 proxy",
        "n": 12,
        "r": 0.16125713295702446,
        "p": 0.6165975194827904
      }
    ]
  },
  "grid_summary": {
    "beta_min": 0.0,
    "beta_max": 0.08,
    "re_scale_min": 0.7,
    "re_scale_max": 1.3,
    "r_min": 0.31124657039169157,
    "r_max": 0.3467176210823639,
    "slope_min": 0.05026392150274528,
    "slope_max": 0.05281581593454105,
    "delta_h0_min": 2.3513379131330936,
    "delta_h0_max": 4.926896086621511,
    "kappa_cep_min": 581927.490234375,
    "kappa_cep_max": 667358.3984375,
    "unified_h0_min": 68.71801032249358,
    "unified_h0_max": 69.13083290603805
  }
}