{
  "n_hosts_with_raw_and_corrected": 29,
  "assumed_aperture_radius_arcsec": 1.5,
  "default_beta": 0.04,
  "baseline": {
    "r_raw": 0.48174588450119027,
    "p_raw": 0.0081420460009845,
    "r_corrected": 0.4659178889421861,
    "p_corrected": 0.010855420330146038
  },
  "source_stratified": {
    "sigma_source": [
      {
        "sigma_source": "",
        "n": 29,
        "r": 0.48174588450119027,
        "p": 0.0081420460009845
      }
    ],
    "sigma_method": [
      {
        "sigma_method": "HI linewidth proxy",
        "n": 13,
        "r": 0.5607010343104611,
        "p": 0.04622203044929288
      },
      {
        "sigma_method": "stellar absorption",
        "n": 16,
        "r": 0.5712469591324655,
        "p": 0.020809510657702056
      }
    ]
  },
  "grid_summary": {
    "beta_min": 0.0,
    "beta_max": 0.08,
    "re_scale_min": 0.7,
    "re_scale_max": 1.3,
    "r_min": 0.44778709306333264,
    "r_max": 0.48174588450119027,
    "slope_min": 0.0827292058348512,
    "slope_max": 0.08852575487043332,
    "delta_h0_min": 3.2460182892039597,
    "delta_h0_max": 7.860052734143736,
    "kappa_cep_min": 924218.75,
    "kappa_cep_max": 1095629.8828125,
    "unified_h0_min": 67.87807764584721,
    "unified_h0_max": 68.48655582933539
  }
}