{
  "n_hosts_with_raw_and_corrected": 36,
  "assumed_aperture_radius_arcsec": 1.5,
  "default_beta": 0.04,
  "baseline": {
    "r_raw": 0.5047486650933622,
    "p_raw": 0.0016929362861349052,
    "r_corrected": 0.4997968790065317,
    "p_corrected": 0.001911342417432097
  },
  "source_stratified": {
    "sigma_source": [
      {
        "sigma_source": "",
        "n": 36,
        "r": 0.5047486650933622,
        "p": 0.0016929362861349052
      }
    ],
    "sigma_method": [
      {
        "sigma_method": "HI linewidth proxy",
        "n": 18,
        "r": 0.572820543411293,
        "p": 0.012965526668387614
      },
      {
        "sigma_method": "stellar absorption",
        "n": 18,
        "r": 0.5557456510395912,
        "p": 0.016635929234442855
      }
    ]
  },
  "grid_summary": {
    "beta_min": 0.0,
    "beta_max": 0.08,
    "re_scale_min": 0.7,
    "re_scale_max": 1.3,
    "r_min": 0.49263467659226123,
    "r_max": 0.5047486650933622,
    "slope_min": 0.11378834012871675,
    "slope_max": 0.12660631676160491,
    "delta_h0_min": 10.109375342032507,
    "delta_h0_max": 10.109375342032507,
    "kappa_cep_min": 0.0,
    "kappa_cep_max": 0.0,
    "unified_h0_min": 67.5866210992718,
    "unified_h0_max": 67.58668519136228
  }
}