{
  "n_hosts_with_raw_and_corrected": 29,
  "assumed_aperture_radius_arcsec": 1.5,
  "default_beta": 0.04,
  "baseline": {
    "r_raw": 0.48174588450114225,
    "p_raw": 0.008142046000991755,
    "r_corrected": 0.46591788894213326,
    "p_corrected": 0.010855420330156207
  },
  "source_stratified": {
    "sigma_source": [
      {
        "sigma_source": "",
        "n": 29,
        "r": 0.48174588450114225,
        "p": 0.008142046000991755
      }
    ],
    "sigma_method": [
      {
        "sigma_method": "HI linewidth proxy",
        "n": 13,
        "r": 0.5607010343104266,
        "p": 0.04622203044930914
      },
      {
        "sigma_method": "stellar absorption",
        "n": 16,
        "r": 0.5712469591323799,
        "p": 0.02080951065772548
      }
    ]
  },
  "grid_summary": {
    "beta_min": 0.0,
    "beta_max": 0.08,
    "re_scale_min": 0.7,
    "re_scale_max": 1.3,
    "r_min": 0.4477870930632749,
    "r_max": 0.48174588450114225,
    "slope_min": 0.08272920583483998,
    "slope_max": 0.08852575487041876,
    "delta_h0_min": 3.246018289203249,
    "delta_h0_max": 7.860052734142712,
    "kappa_cep_min": 1196301.26953125,
    "kappa_cep_max": 1361950.68359375,
    "unified_h0_min": 68.53418031438066,
    "unified_h0_max": 69.2907935233286
  }
}