{
  "n_hosts_with_raw_and_corrected": 29,
  "assumed_aperture_radius_arcsec": 1.5,
  "default_beta": 0.04,
  "baseline": {
    "r_raw": 0.46592526948498514,
    "p_raw": 0.010853997552512658,
    "r_corrected": 0.4621612433960245,
    "p_corrected": 0.0116001769116666
  },
  "source_stratified": {
    "sigma_source": [
      {
        "sigma_source": "Ho+2009 (J/ApJS/183/1)",
        "n": 5,
        "r": 0.7477679793025622,
        "p": 0.14617693911385293
      },
      {
        "sigma_source": "HyperLEDA (ledacat.cgi)",
        "n": 6,
        "r": 0.5307333792142946,
        "p": 0.27864786829455535
      },
      {
        "sigma_source": "HyperLEDA HI (VII/238/hidat)",
        "n": 10,
        "r": 0.39078855287670367,
        "p": 0.26417186914864954
      }
    ],
    "sigma_method": [
      {
        "sigma_method": "HI proxy (calibrated_vmax)",
        "n": 10,
        "r": 0.39078855287670367,
        "p": 0.26417186914864954
      },
      {
        "sigma_method": "stellar absorption",
        "n": 16,
        "r": 0.5623302988703892,
        "p": 0.02336700148010813
      }
    ]
  },
  "grid_summary": {
    "beta_min": 0.0,
    "beta_max": 0.08,
    "re_scale_min": 0.7,
    "re_scale_max": 1.3,
    "r_min": 0.45731649918389694,
    "r_max": 0.46592526948498514,
    "slope_min": 0.08074931410143303,
    "slope_max": 0.09109791575115404,
    "delta_h0_min": 4.628158226115971,
    "delta_h0_max": 4.628158226115971,
    "kappa_cep_min": 957617.1875,
    "kappa_cep_max": 1188641.357421875,
    "unified_h0_min": 67.93614352688338,
    "unified_h0_max": 68.51904063068743
  }
}