{
  "n": 29,
  "n_eff_equicorr": 23.920587186044067,
  "avg_offdiag_corr": 0.007583743621655924,
  "gls_slope_per_kms": 0.07617622778484542,
  "gls_slope_se": 0.03120621850412874,
  "gls_slope_t": 2.4410592323054754,
  "gls_slope_p": 0.021482258082255568,
  "pearson_r": 0.46591788894213326,
  "spearman_rho": 0.5172413793103448,
  "pearson_p_cov": 0.0031,
  "spearman_p_cov": 0.0041,
  "n_sims": 20000,
  "bayesian_comparison": {
    "n": 29,
    "sigma_ref": 87.16507328052906,
    "null_chi2": 19.90233625365438,
    "null_bic": 23.269632083640854,
    "tep_chi2": 14.177957310978881,
    "tep_bic": 20.91254897095183,
    "delta_chi2": 5.724378942675498,
    "delta_bic": 2.3570831126890255,
    "bayes_factor": 3.2496313409200543,
    "ln_bayes_factor": 1.1785415563445127,
    "evidence_strength": "positive",
    "kappa_wls_implied": 1041441.9665768298,
    "wls_beta_x": 32812420.609655235,
    "wls_mu_tep": 68.41597355396435,
    "gls_crosscheck": {
      "null_chi2": 19.991790165900028,
      "tep_chi2": 14.251265938832155,
      "null_bic": 23.359085995886502,
      "tep_bic": 20.985857598805104,
      "delta_bic": 2.373228397081398
    },
    "projected": {
      "n_eff": 28,
      "null_chi2": 19.991790165900028,
      "tep_chi2": 14.251265938832159,
      "delta_chi2": 5.740524227067869,
      "delta_bic": 2.4083197168926667,
      "bayes_factor": 3.333956905387034,
      "ln_bayes_factor": 1.2041598584463333,
      "evidence_strength": "positive",
      "beta_proj": 0.0,
      "null_bic_matched": 23.359085995886502,
      "tep_bic_matched": 20.985857598805108,
      "delta_bic_matched": 2.3732283970813945
    }
  }
}