{
  "n": 29,
  "n_eff_equicorr": 23.920587186044067,
  "avg_offdiag_corr": 0.007583743621655924,
  "gls_slope_per_kms": 0.07617622778484542,
  "gls_slope_se": 0.03120621850412874,
  "gls_slope_t": 2.4410592323054754,
  "gls_slope_p": 0.021482258082255568,
  "pearson_r": 0.46591788894213326,
  "spearman_rho": 0.5172413793103448,
  "pearson_p_cov": 0.0031,
  "spearman_p_cov": 0.0041,
  "n_sims": 20000,
  "bayesian_comparison": {
    "n": 29,
    "sigma_ref": 87.16507328052906,
    "null_chi2": 19.90233625365438,
    "null_bic": 23.269632083640854,
    "tep_chi2": 14.280994400812839,
    "tep_bic": 21.015586060785786,
    "delta_chi2": 5.621341852841541,
    "delta_bic": 2.254046022855068,
    "bayes_factor": 3.0864544700647776,
    "ln_bayes_factor": 1.127023011427534,
    "evidence_strength": "positive",
    "kappa_wls_implied": 873044.9630958759,
    "wls_beta_x": 27507333.13360017,
    "wls_mu_tep": 68.41734101205233,
    "gls_crosscheck": {
      "null_chi2": 19.991790165900028,
      "tep_chi2": 14.354645979500372,
      "null_bic": 23.359085995886502,
      "tep_bic": 21.08923763947332,
      "delta_bic": 2.2698483564131813
    },
    "projected": {
      "n_eff": 28,
      "null_chi2": 19.991790165900028,
      "tep_chi2": 14.354645979500372,
      "delta_chi2": 5.637144186399656,
      "delta_bic": 2.3049396762244534,
      "bayes_factor": 3.166002775485901,
      "ln_bayes_factor": 1.1524698381122267,
      "evidence_strength": "positive",
      "beta_proj": 0.0,
      "null_bic_matched": 23.359085995886502,
      "tep_bic_matched": 21.08923763947332,
      "delta_bic_matched": 2.2698483564131813
    }
  },
  "provenance_eiv": {
    "beta": [
      54.76166077102874,
      310054739.4515391,
      20.627433373132217,
      0.0
    ],
    "beta_se": [
      0.0,
      0.0,
      0.0,
      0.0
    ],
    "beta1_t": null,
    "beta1_p": null,
    "gamma_HI": 20.627433373132217,
    "gamma_HI_se": 0.0,
    "gamma_rotation": 0.0,
    "gamma_rotation_se": 0.0,
    "n_stellar": 16,
    "n_hi": 13,
    "n_rot": 0,
    "mean_x_err_stellar": 4.181701268723964e-08,
    "mean_x_err_hi": 1.9500892006470315e-08,
    "mean_x_err_rot": null
  }
}