{
  "n": 29,
  "n_eff_equicorr": 7.464844039972716,
  "avg_offdiag_corr": 0.10303131702948858,
  "gls_slope_per_kms": 0.08775678361628109,
  "gls_slope_se": 0.008016252790467127,
  "gls_slope_t": 10.947357313961064,
  "gls_slope_p": 1.967292995175285e-11,
  "pearson_r": 0.3296732828583555,
  "spearman_rho": 0.27192118226600975,
  "pearson_p_cov": 0.12195,
  "spearman_p_cov": 0.1702,
  "n_sims": 20000,
  "bayesian_comparison": {
    "n": 29,
    "sigma_ref": 75.25,
    "null_chi2": 540.790742128356,
    "null_bic": 544.1580379583424,
    "tep_chi2": 441.2348091172903,
    "tep_bic": 447.9694007772632,
    "delta_chi2": 99.55593301106569,
    "delta_bic": 96.18863718107923,
    "bayes_factor": 7.71075980460963e+20,
    "ln_bayes_factor": 48.094318590539615,
    "evidence_strength": "very strong",
    "kappa_wls_implied": 1229824.7467646797,
    "wls_beta_x": 37100050.008437976,
    "wls_mu_tep": 65.5066790588916,
    "gls_crosscheck": {
      "null_chi2": 575.1289751176562,
      "tep_chi2": 575.0004591100409,
      "null_bic": 578.4962709476426,
      "tep_bic": 581.7350507700138,
      "delta_bic": -3.238779822371157
    },
    "projected": {
      "n_eff": 28,
      "null_chi2": 575.1289751176557,
      "tep_chi2": 484.2639577313084,
      "delta_chi2": 90.86501738634735,
      "delta_bic": 87.53281287617216,
      "bayes_factor": 1.0174400027086803e+19,
      "ln_bayes_factor": 43.76640643808608,
      "evidence_strength": "very strong",
      "beta_proj": 0.0,
      "null_bic_matched": 578.4962709476422,
      "tep_bic_matched": 490.9985493912813,
      "delta_bic_matched": 87.49772155636089
    }
  }
}