{
  "n": 29,
  "n_eff_equicorr": 7.464844039972716,
  "avg_offdiag_corr": 0.10303131702948858,
  "gls_slope_per_kms": 0.11891153324294479,
  "gls_slope_se": 0.010643601712829302,
  "gls_slope_t": 11.172114144370356,
  "gls_slope_p": 1.2508216684636864e-11,
  "pearson_r": 0.4621612433960245,
  "spearman_rho": 0.5113300492610836,
  "pearson_p_cov": 0.02655,
  "spearman_p_cov": 0.008,
  "n_sims": 20000
}