{
  "n": 29,
  "n_eff_equicorr": 7.46484403998459,
  "avg_offdiag_corr": 0.10303131702926788,
  "gls_slope_per_kms": 0.12725571208199307,
  "gls_slope_se": 0.010058344681259337,
  "gls_slope_t": 12.651754947222612,
  "gls_slope_p": 7.329692408575283e-13,
  "pearson_r": 0.4659178889421861,
  "spearman_rho": 0.5172413793103448,
  "pearson_p_cov": 0.02315,
  "spearman_p_cov": 0.0045,
  "n_sims": 20000,
  "bayesian_comparison": {
    "n": 29,
    "sigma_ref": 75.25,
    "null_chi2": 540.790742128356,
    "null_bic": 544.1580379583424,
    "tep_chi2": 404.6541460417888,
    "tep_bic": 411.3887377017617,
    "delta_chi2": 136.13659608656718,
    "delta_bic": 132.76930025658072,
    "bayes_factor": 6.768418966739918e+28,
    "ln_bayes_factor": 66.38465012829036,
    "evidence_strength": "very strong",
    "kappa_wls_implied": 1668680.711734776,
    "wls_beta_x": 49894950.85362489,
    "wls_mu_tep": 64.92884372120486,
    "gls_crosscheck": {
      "null_chi2": 575.1289751176562,
      "tep_chi2": 574.9878108939693,
      "null_bic": 578.4962709476426,
      "tep_bic": 581.7224025539422,
      "delta_bic": -3.226131606299532
    },
    "projected": {
      "n_eff": 28,
      "null_chi2": 575.1289751176557,
      "tep_chi2": 443.88657771168903,
      "delta_chi2": 131.2423974059667,
      "delta_bic": 127.91019289579151,
      "bayes_factor": 5.961361753180816e+27,
      "ln_bayes_factor": 63.955096447895755,
      "evidence_strength": "very strong",
      "beta_proj": 0.0,
      "null_bic_matched": 578.4962709476422,
      "tep_bic_matched": 450.62116937166195,
      "delta_bic_matched": 127.87510157598024
    }
  },
  "provenance_eiv": {
    "beta": [
      61.318114446306105,
      78884974.90337063,
      5.551959052681923,
      0.0
    ],
    "beta_se": [
      0.7145343005724771,
      7758306.960434817,
      0.9567992625731903,
      0.0
    ],
    "beta1_t": 10.167807912945674,
    "beta1_p": 2.2892576723165803e-10,
    "gamma_HI": 5.551959052681923,
    "gamma_HI_se": 0.9567992625731903,
    "gamma_rotation": 0.0,
    "gamma_rotation_se": 0.0,
    "n_stellar": 16,
    "n_hi": 13,
    "n_rot": 0,
    "mean_x_err_stellar": 4.4455487815163574e-08,
    "mean_x_err_hi": 2.0731315110010134e-08,
    "mean_x_err_rot": null
  }
}