{
  "n": 36,
  "n_eff_equicorr": 29.910237076048432,
  "avg_offdiag_corr": 0.005817179782167181,
  "gls_slope_per_kms": 0.08671862230831434,
  "gls_slope_se": 0.030852101056852287,
  "gls_slope_t": 2.8107849818239212,
  "gls_slope_p": 0.008141855072580029,
  "pearson_r": 0.4997968790065317,
  "spearman_rho": 0.5485199485199486,
  "pearson_p_cov": 0.0003,
  "spearman_p_cov": 0.0006,
  "n_sims": 20000,
  "bayesian_comparison": {
    "n": 36,
    "sigma_ref_screened_sq": 930.7002978130233,
    "null_chi2": 28.946311563437458,
    "null_bic": 32.52983050189357,
    "tep_chi2": 21.280280714005567,
    "tep_bic": 28.44731859091779,
    "delta_chi2": 7.666030849431891,
    "delta_bic": 4.082511910975782,
    "bayes_factor": 7.700274329924244,
    "ln_bayes_factor": 2.041255955487891,
    "evidence_strength": "positive",
    "kappa_wls_implied": 1056177.3866891968,
    "wls_beta_x": 31753969.881801065,
    "wls_mu_tep": 65.28531131222955,
    "gls_crosscheck": {
      "null_chi2": 28.9577162019551,
      "tep_chi2": 21.32724505368445,
      "null_bic": 32.54123514041121,
      "tep_bic": 28.49428293059667,
      "delta_bic": 4.046952209814542
    },
    "projected": {
      "n_eff": 35,
      "null_chi2": 28.95771620195511,
      "tep_chi2": 21.327245053684457,
      "delta_chi2": 7.630471148270654,
      "delta_bic": 4.07512308678124,
      "bayes_factor": 7.671878827927261,
      "ln_bayes_factor": 2.03756154339062,
      "evidence_strength": "positive",
      "beta_proj": 0.0,
      "null_bic_matched": 32.541235140411224,
      "tep_bic_matched": 28.494282930596675,
      "delta_bic_matched": 4.046952209814549
    }
  },
  "provenance_eiv": {
    "beta": [
      43.1452073963651,
      346853682.7308718,
      13.357872680137811,
      0.0
    ],
    "beta_se": [
      3.556326711366697,
      71625721.7119745,
      3.8154194258672196,
      0.0
    ],
    "beta1_t": 4.842585518728312,
    "beta1_p": 3.138442000283348e-05,
    "gamma_HI": 13.357872680137811,
    "gamma_HI_se": 3.8154194258672196,
    "gamma_rotation": 0.0,
    "gamma_rotation_se": 0.0,
    "n_stellar": 18,
    "n_hi": 18,
    "n_rot": 0,
    "mean_x_err_stellar": 3.91022545965547e-08,
    "mean_x_err_hi": 1.9253254709858577e-08,
    "mean_x_err_rot": null
  }
}