{
  "kappa_cep": {
    "kappa_host": 1256701.66015625,
    "kappa_host_err": 817096.3895878203,
    "kappa_joint": 1272451.0192871094,
    "kappa_joint_err": 479113.28125,
    "unified_h0": 68.83787861896722
  },
  "kappa_trgb": {
    "kappa_trgb": 2789654.889284431,
    "kappa_trgb_err": 1553592.764466351,
    "n_trgb": 18,
    "raw_slope_t": 1.7956152687430025
  },
  "kappa_diff": {
    "kappa_diff": 809397.8313019935,
    "kappa_diff_err": 360182.0771407153,
    "n_diff": 13
  },
  "consistency_tests": {
    "tension_kappa_diff_vs_kappa_cep": -0.5009225578582918,
    "tension_kappa_diff_vs_zero": 2.2471907478777164,
    "tension_kappa_trgb_vs_zero": 1.7956152687430027,
    "joint_chi2": 3.809299424519922,
    "joint_dof": 4,
    "joint_pvalue": 0.43242909415353337
  },
  "theory": {
    "kappa_gal": 970000.0,
    "kappa_gal_err": 400000.0,
    "kappa_msp": 29000.0,
    "kappa_msp_err": 45000.0
  }
}