{
  "kappa_cep": {
    "kappa_host": 1048681.640625,
    "kappa_host_err": 637037.2575835272,
    "kappa_joint": 1048680.1147460938,
    "kappa_joint_err": 408068.359375,
    "unified_h0": 68.75204211389524
  },
  "kappa_trgb": {
    "kappa_trgb": 2789654.889284431,
    "kappa_trgb_err": 1553592.764466351,
    "n_trgb": 18,
    "raw_slope_t": 1.7956152687430025
  },
  "kappa_diff": {
    "kappa_diff": 534509.3308624491,
    "kappa_diff_err": 231575.94731710732,
    "n_diff": 13
  },
  "consistency_tests": {
    "tension_kappa_diff_vs_kappa_cep": -0.758564380155662,
    "tension_kappa_diff_vs_zero": 2.3081383755737015,
    "tension_kappa_trgb_vs_zero": 1.7956152687430027,
    "joint_chi2": 3.829554690252979,
    "joint_dof": 4,
    "joint_pvalue": 0.4295642695425891
  },
  "theory": {
    "kappa_gal": 970000.0,
    "kappa_gal_err": 400000.0,
    "kappa_msp": 29000.0,
    "kappa_msp_err": 45000.0
  }
}