{
  "stellar_absorption": {
    "n_stellar": 18,
    "n_hi": 18,
    "n_total": 36,
    "full_sample": {
      "pearson_r": 0.4997968790065317,
      "pearson_p": 0.001911342417432097,
      "spearman_rho": 0.5485199485199486,
      "spearman_p": 0.0005328248427797342
    },
    "stellar_only": {
      "pearson_r": 0.536934905663976,
      "pearson_p": 0.02158354439514472,
      "spearman_rho": 0.5892672858617131,
      "spearman_p": 0.010070753912334262,
      "median_sigma": 98.97661583959075,
      "h0_low_sigma": 62.18832341061209,
      "h0_high_sigma": 73.38881830864982,
      "delta_h0": 11.200494898037725
    },
    "stellar_hosts": [
      "NGC 0691",
      "NGC 1015",
      "NGC 1309",
      "NGC 1365",
      "NGC 1559",
      "NGC 3021",
      "NGC 3147",
      "NGC 3254",
      "NGC 3370",
      "NGC 3583",
      "NGC 3982",
      "NGC 4536",
      "NGC 4639",
      "NGC 5728",
      "NGC 7541",
      "NGC 7678",
      "NGC 976",
      "UGC 9391"
    ],
    "hi_hosts": [
      "M 101",
      "NGC 105",
      "NGC 1448",
      "NGC 2442",
      "NGC 2525",
      "NGC 2608",
      "NGC 3447",
      "NGC 3972",
      "NGC 4038",
      "NGC 4424",
      "NGC 4680",
      "NGC 5468",
      "NGC 5584",
      "NGC 5643",
      "NGC 5861",
      "NGC 5917",
      "NGC 7250",
      "NGC 7329"
    ]
  },
  "gold_standard": {
    "n_gold": 9,
    "gold_sources": [
      "Kormendy&Ho2013",
      "SDSS DR7",
      "Ho+2009"
    ],
    "gold_hosts": [
      "NGC 1365",
      "NGC 3021",
      "NGC 3147",
      "NGC 3254",
      "NGC 3583",
      "NGC 3982",
      "NGC 4536",
      "NGC 4639",
      "UGC 9391"
    ],
    "pearson_r": 0.5688224756185484,
    "pearson_p": 0.10997271255893747,
    "spearman_rho": 0.5333333333333333,
    "spearman_p": 0.13922686754397814
  },
  "density_control": {
    "available": true,
    "n_valid": 36,
    "baseline_r": 0.4997968790065317,
    "baseline_p": 0.001911342417432097,
    "partial_r_h0_sigma_given_rho": 0.49526135119762676,
    "partial_p": 0.002132669053516221,
    "r_h0_rho": -0.07838913733215687,
    "p_h0_rho": 0.6495148346145032,
    "r_sigma_rho": -0.1788079514459146,
    "p_sigma_rho": 0.2967521273532551
  },
  "subsample_tep": {
    "full_sample": {
      "n": 36,
      "kappa_cep": 1611138.916015625,
      "unified_h0": 66.14245561901501,
      "h0_error": 1.4390114873233777
    },
    "stellar_only": {
      "n": 18,
      "kappa_cep": 1146704.1015625,
      "unified_h0": 65.42198009876051,
      "h0_error": 1.6991920837843664
    },
    "gold_standard": {
      "n": 9,
      "kappa_cep": 1370928.955078125,
      "unified_h0": 61.76550528228415,
      "h0_error": 2.773248910848681
    }
  },
  "convergence": {
    "tiers": [
      {
        "tier": "Full sample",
        "n": 36,
        "h0_raw": 67.5868988898651,
        "h0_raw_sem": 1.617580691910576,
        "h0_corrected": 66.14245739416326,
        "h0_corrected_sem": 1.4594239325968725,
        "correction_kms": 1.444441495701838,
        "dH_dkappa": -8.96535694936431e-07,
        "kappa_for_planck": 208467.87352771632,
        "kappa_bound_1sigma": 2012724.7492400326,
        "delta_planck": -1.257542605836747,
        "tension_sigma_planck": 0.8616705384562924
      },
      {
        "tier": "Stellar only",
        "n": 18,
        "h0_raw": 67.78857085963095,
        "h0_raw_sem": 2.11693156545915,
        "h0_corrected": 64.57169331349074,
        "h0_corrected_sem": 1.782475332103627,
        "correction_kms": 3.2168775461402106,
        "dH_dkappa": -1.996650992744354e-06,
        "kappa_for_planck": 194611.30715531978,
        "kappa_bound_1sigma": 1254852.4675543525,
        "delta_planck": -2.828306686509265,
        "tension_sigma_planck": 1.586729777164084
      },
      {
        "tier": "Gold standard",
        "n": 9,
        "h0_raw": 64.59308889375819,
        "h0_raw_sem": 3.675307273297239,
        "h0_corrected": 61.33309046315324,
        "h0_corrected_sem": 2.9454089273751767,
        "correction_kms": 3.259998430604952,
        "dH_dkappa": -2.0234152557725956e-06,
        "kappa_for_planck": null,
        "kappa_bound_1sigma": null,
        "delta_planck": -6.066909536846765,
        "tension_sigma_planck": 2.0597851389869106
      }
    ],
    "tightest_bound": 1254852.4675543525,
    "tightest_bound_tier": "Stellar only",
    "uniform_kappa": 1611136.6271972656
  },
  "composition": [
    {
      "tier": "Full sample",
      "n": 36,
      "mean_sigma": 94.8200970828859,
      "median_sigma": 89.66358706862846,
      "mean_redshift": 0.006784166666666667,
      "group_richness_mean": 13.363636363636363,
      "n_high_sigma": 18,
      "n_low_sigma": 18,
      "raw_slope": 0.1192797925955749,
      "corrected_mean_full_kappa": 66.14245739416326,
      "corrected_mean_refit_kappa": 66.14245561901501,
      "refit_kappa": 1611138.916015625
    },
    {
      "tier": "Stellar only",
      "n": 18,
      "mean_sigma": 108.62218626612713,
      "median_sigma": 98.97661583959075,
      "mean_redshift": 0.00726611111111111,
      "group_richness_mean": 8.823529411764707,
      "n_high_sigma": 11,
      "n_low_sigma": 7,
      "raw_slope": 0.10119090270609575,
      "corrected_mean_full_kappa": 64.57169331349074,
      "corrected_mean_refit_kappa": 65.42198009876051,
      "refit_kappa": 1146704.1015625
    },
    {
      "tier": "Gold standard",
      "n": 9,
      "mean_sigma": 108.14184609652914,
      "median_sigma": 96.40480287112231,
      "mean_redshift": 0.006124444444444444,
      "group_richness_mean": 16.5,
      "n_high_sigma": 6,
      "n_low_sigma": 3,
      "raw_slope": 0.12815646429566044,
      "corrected_mean_full_kappa": 61.33309046315324,
      "corrected_mean_refit_kappa": 61.76550528228415,
      "refit_kappa": 1370928.955078125
    }
  ]
}