{
  "stellar_absorption": {
    "n_stellar": 16,
    "n_hi": 13,
    "n_total": 29,
    "full_sample": {
      "pearson_r": 0.4659178889421861,
      "pearson_p": 0.010855420330146038,
      "spearman_rho": 0.5172413793103448,
      "spearman_p": 0.004061456506390692
    },
    "stellar_only": {
      "pearson_r": 0.5486822802914199,
      "pearson_p": 0.027741737572815645,
      "spearman_rho": 0.6176470588235293,
      "spearman_p": 0.010787984601948835,
      "median_sigma": 101.69761062572539,
      "h0_low_sigma": 64.87429978450248,
      "h0_high_sigma": 73.414156189467,
      "delta_h0": 8.53985640496451
    },
    "stellar_hosts": [
      "NGC 0691",
      "NGC 1015",
      "NGC 1309",
      "NGC 1365",
      "NGC 1559",
      "NGC 3021",
      "NGC 3147",
      "NGC 3254",
      "NGC 3370",
      "NGC 3583",
      "NGC 4639",
      "NGC 5728",
      "NGC 7541",
      "NGC 7678",
      "NGC 976",
      "UGC 9391"
    ],
    "hi_hosts": [
      "NGC 105",
      "NGC 2442",
      "NGC 2525",
      "NGC 2608",
      "NGC 3447",
      "NGC 4038",
      "NGC 4680",
      "NGC 5468",
      "NGC 5584",
      "NGC 5861",
      "NGC 5917",
      "NGC 7250",
      "NGC 7329"
    ]
  },
  "gold_standard": {
    "n_gold": 0,
    "gold_sources": [
      "Kormendy&Ho2013",
      "SDSS DR7",
      "Ho+2009"
    ],
    "gold_hosts": [],
    "pearson_r": null,
    "pearson_p": null,
    "spearman_rho": null,
    "spearman_p": null
  },
  "density_control": {
    "available": true,
    "n_valid": 29,
    "baseline_r": 0.4659178889421861,
    "baseline_p": 0.010855420330146038,
    "partial_r_h0_sigma_given_rho": 0.45459198294135333,
    "partial_p": 0.013231018271231406,
    "r_h0_rho": -0.11464630363067177,
    "p_h0_rho": 0.5537233643153526,
    "r_sigma_rho": -0.24315478404793223,
    "p_sigma_rho": 0.20372559118291386
  },
  "subsample_tep": {
    "full_sample": {
      "n": 29,
      "kappa_cep": 991381.8359375,
      "unified_h0": 68.13221878667224,
      "h0_error": 1.2611106665210776
    },
    "stellar_only": {
      "n": 16,
      "kappa_cep": 933575.439453125,
      "unified_h0": 66.27216913718296,
      "h0_error": 1.5710652400343095
    },
    "gold_standard": {
      "n": 0,
      "kappa_cep": null,
      "unified_h0": null,
      "h0_error": null
    }
  },
  "convergence": {
    "tiers": [
      {
        "tier": "Full sample",
        "n": 29,
        "h0_raw": 70.05852959777373,
        "h0_raw_sem": 1.4395359826617715,
        "h0_corrected": 68.13222017543657,
        "h0_corrected_sem": 1.2834329272507823,
        "correction_kms": 1.9263094223371553,
        "dH_dkappa": -1.943056484336322e-06,
        "kappa_for_planck": 1368220.4399126256,
        "kappa_bound_1sigma": 2109082.0639911764,
        "delta_planck": 0.7322201754365665,
        "tension_sigma_planck": 0.5705169003299936
      },
      {
        "tier": "Stellar only",
        "n": 16,
        "h0_raw": 69.14422798698475,
        "h0_raw_sem": 2.027829549125786,
        "h0_corrected": 66.10667945781988,
        "h0_corrected_sem": 1.6198259376413433,
        "correction_kms": 3.037548529164866,
        "dH_dkappa": -3.0639565469804465e-06,
        "kappa_for_planck": 569273.0821211189,
        "kappa_bound_1sigma": 1231106.7334906938,
        "delta_planck": -1.2933205421801262,
        "tension_sigma_planck": 0.7984318019153049
      }
    ],
    "tightest_bound": 1231106.7334906938,
    "tightest_bound_tier": "Stellar only",
    "uniform_kappa": 991381.0729980469
  },
  "composition": [
    {
      "tier": "Full sample",
      "n": 29,
      "mean_sigma": 99.64964551007937,
      "median_sigma": 96.40480287112231,
      "mean_redshift": 0.007712413793103449,
      "group_richness_mean": 3.9615384615384617,
      "n_high_sigma": 14,
      "n_low_sigma": 15,
      "raw_slope": 0.08511851500604518,
      "corrected_mean_full_kappa": 68.13222017543657,
      "corrected_mean_refit_kappa": 68.13221878667224,
      "refit_kappa": 991381.8359375
    },
    {
      "tier": "Stellar only",
      "n": 16,
      "mean_sigma": 111.04982215576244,
      "median_sigma": 101.69761062572539,
      "mean_redshift": 0.007758124999999999,
      "group_richness_mean": 5.4,
      "n_high_sigma": 9,
      "n_low_sigma": 7,
      "raw_slope": 0.08877575299392189,
      "corrected_mean_full_kappa": 66.10667945781988,
      "corrected_mean_refit_kappa": 66.27216913718296,
      "refit_kappa": 933575.439453125
    }
  ]
}