{
  "stellar_absorption": {
    "n_stellar": 16,
    "n_hi": 13,
    "n_total": 29,
    "full_sample": {
      "pearson_r": 0.4621612433960245,
      "pearson_p": 0.0116001769116666,
      "spearman_rho": 0.5113300492610836,
      "spearman_p": 0.0045836144004947985
    },
    "stellar_only": {
      "pearson_r": 0.5536716703562449,
      "pearson_p": 0.026075458206201777,
      "spearman_rho": 0.5970588235294118,
      "spearman_p": 0.014609731954981046,
      "median_sigma": 96.37171468447504,
      "h0_low_sigma": 64.55820132342396,
      "h0_high_sigma": 73.73025465054553,
      "delta_h0": 9.172053327121574
    },
    "stellar_hosts": [
      "NGC 0691",
      "NGC 1015",
      "NGC 1309",
      "NGC 1365",
      "NGC 1559",
      "NGC 3021",
      "NGC 3147",
      "NGC 3254",
      "NGC 3370",
      "NGC 3583",
      "NGC 4639",
      "NGC 5728",
      "NGC 7541",
      "NGC 7678",
      "NGC 976",
      "UGC 9391"
    ],
    "hi_hosts": [
      "NGC 105",
      "NGC 2442",
      "NGC 2525",
      "NGC 2608",
      "NGC 3447",
      "NGC 4038",
      "NGC 4680",
      "NGC 5468",
      "NGC 5584",
      "NGC 5861",
      "NGC 5917",
      "NGC 7250",
      "NGC 7329"
    ]
  },
  "gold_standard": {
    "n_gold": 7,
    "gold_sources": [
      "Kormendy&Ho2013",
      "SDSS DR7",
      "Ho+2009"
    ],
    "gold_hosts": [
      "NGC 3147",
      "NGC 3254",
      "NGC 3370",
      "NGC 3583",
      "NGC 4639",
      "NGC 7678",
      "UGC 9391"
    ],
    "pearson_r": 0.5868182141976073,
    "pearson_p": 0.16604652542532608,
    "spearman_rho": 0.5714285714285715,
    "spearman_p": 0.1802019889115274
  },
  "density_control": {
    "available": true,
    "n_valid": 29,
    "baseline_r": 0.4621612433960245,
    "baseline_p": 0.0116001769116666,
    "partial_r_h0_sigma_given_rho": 0.4926698158523865,
    "partial_p": 0.0066238448918061734,
    "r_h0_rho": 0.10426814897368744,
    "p_h0_rho": 0.5903884777568528,
    "r_sigma_rho": -0.18538490712650607,
    "p_sigma_rho": 0.3356504053384904
  },
  "subsample_tep": {
    "full_sample": {
      "n": 29,
      "alpha": 941253.662109375,
      "unified_h0": 68.13761877966564,
      "h0_error": 1.264365423156458
    },
    "stellar_only": {
      "n": 16,
      "alpha": 941876.220703125,
      "unified_h0": 66.2303944900766,
      "h0_error": 1.6038942732246577
    },
    "gold_standard": {
      "n": 7,
      "alpha": 1217889.404296875,
      "unified_h0": 61.97323644685356,
      "h0_error": 2.6686655955782705
    }
  }
}