{
    "analysis_type": "cross_domain_consistency",
    "description": "Cross-domain consistency check: applies the bare TEP geometric-factor estimate (~10^6 mag) without SH0ES tuning.",
    "kappa_cep_source": "Paper 11 (TEP-H0) Cepheid period-luminosity fit (bare estimate, not pulsar-derived)",
    "kappa_cep_frozen": 1050000.0,
    "sigma_ref": 75.25,
    "unified_h0": 68.16860822809451,
    "h0_sem": 1.296524126387865,
    "residual_slope": -3.395341120974065e-05,
    "pearson_r": -0.0002046907084329412,
    "pearson_p": 0.9991591865127292,
    "spearman_rho": 0.09064039408866993,
    "spearman_p": 0.6400654847396492,
    "bootstrap_h0_mean": 68.16895346844242,
    "bootstrap_h0_std": 1.2979998013616367,
    "bootstrap_h0_median": 68.19728774159796,
    "bootstrap_h0_robust_std": 1.2576422503436007,
    "bootstrap_h0_ci_lower": 65.38515352082936,
    "bootstrap_h0_ci_upper": 70.57806164308994,
    "bootstrap_residual_slope_mean": 0.018708301607467455,
    "blind_predicted_slope": 0.08096199579610858,
    "observed_raw_slope": 0.08511786648710859,
    "slope_agreement_percent": 4.882489261675086,
    "planck_h0": 67.4,
    "planck_err": 0.5,
    "tension_sigma": 0.5525691047019468,
    "tension_statistical": 0.5531166414482385,
    "is_consistent": true,
    "n_hosts": 29
}