{
  "joint_kappa_cep": 824707.4663562373,
  "joint_kappa_err": 91352.63779989966,
  "chi2": 388.97130730429484,
  "dof": 31,
  "chi2_per_dof": 12.547461525944994,
  "r_pearson": 0.4369528040409366,
  "p_pearson": 0.01239941116888372,
  "n_hosts": 29,
  "n_anchors": 3,
  "chi2_host": 373.2553346254121,
  "chi2_anchor": 15.715972678882745,
  "kappa_host_only": 991381.0729980469,
  "kappa_host_only_err": 560032.5489648851,
  "tension_with_host_only": 0.2937319564507288,
  "sigma_ref": 75.25,
  "h0_base": 68.13222017543657
}