{
  "joint_kappa_cep": 803196.9028347775,
  "joint_kappa_err": 83240.11676547308,
  "joint_kappa_err_scaled": 415341.88400800707,
  "chi2": 946.0839877588819,
  "dof": 38,
  "chi2_per_dof": 24.896947046286368,
  "r_pearson": 0.4501770395716143,
  "p_pearson": 0.004032359600737664,
  "n_hosts": 36,
  "n_anchors": 3,
  "chi2_host": 934.901241914882,
  "chi2_anchor": 11.182745843999797,
  "kappa_host_only": 1611136.6271972656,
  "kappa_host_only_err": 619064.453125,
  "tension_with_host_only": 1.0837755573904402,
  "sigma_ref": 30.51,
  "h0_base": 66.14245739416327
}