{
  "joint_kappa_cep": 971954.7183086013,
  "joint_kappa_err": 83240.11676547308,
  "chi2": 931.6783850718981,
  "dof": 38,
  "chi2_per_dof": 24.51785223873416,
  "r_pearson": 0.4528285242871599,
  "p_pearson": 0.0037957660349780785,
  "n_hosts": 36,
  "n_anchors": 3,
  "chi2_host": 914.699615909859,
  "chi2_anchor": 16.97876916203918,
  "kappa_host_only": 1621758.2702636719,
  "kappa_host_only_err": 889992.842193259,
  "tension_with_host_only": 0.7269495885509656,
  "sigma_ref": 30.51,
  "h0_base": 65.22171712902463
}