{
  "joint_kappa_cep": 928974.7107483374,
  "joint_kappa_err": 115856.73445561572,
  "chi2": 397.53498690786023,
  "dof": 31,
  "chi2_per_dof": 12.823709255092265,
  "r_pearson": 0.42087388824341676,
  "p_pearson": 0.016452902761037835,
  "n_hosts": 29,
  "n_anchors": 3,
  "chi2_host": 394.2611732730998,
  "chi2_anchor": 3.2738136347604327,
  "kappa_host_only": 1049548.33984375,
  "kappa_host_only_err": 427260.1288735341,
  "tension_with_host_only": 0.2723661321766072,
  "sigma_ref": 75.25,
  "h0_base": 68.74882730083228
}