{
  "joint_kappa_cep": 824707.466297683,
  "joint_kappa_err": 91352.63779574902,
  "chi2": 388.9713073087877,
  "dof": 31,
  "chi2_per_dof": 12.547461526089926,
  "r_pearson": 0.4369528040409366,
  "p_pearson": 0.01239941116888372,
  "n_hosts": 29,
  "n_anchors": 3,
  "chi2_host": 373.25533462837666,
  "chi2_anchor": 15.715972680411012,
  "kappa_host_only": 991381.0729980469,
  "kappa_host_only_err": 560032.5489648851,
  "tension_with_host_only": 0.29373195655426615,
  "sigma_ref": 75.25,
  "h0_base": 68.13222017543657
}