{
  "joint_kappa_cep": 608834.0873812167,
  "joint_kappa_err": 86714.75253263676,
  "joint_kappa_err_scaled": 316759.84584576584,
  "chi2": 413.6527935614465,
  "dof": 31,
  "chi2_per_dof": 13.343638501982145,
  "r_pearson": 0.4621035595930475,
  "p_pearson": 0.007752811704300791,
  "n_hosts": 29,
  "n_anchors": 3,
  "chi2_host": 407.2553981740432,
  "chi2_anchor": 6.397395387403335,
  "kappa_host_only": 1048680.1147460938,
  "kappa_host_only_err": 408068.359375,
  "tension_with_host_only": 0.8514550215549574,
  "sigma_ref": 30.51,
  "h0_base": 68.75204211389524
}