{
    "Baseline": {
        "r_squared": 0.10868447343060517,
        "adj_r_squared": 0.07567278726136839,
        "params": {
            "const": -7.999243628598052e-16,
            "sigma_inferred": 0.3296732828583554
        },
        "bse": {
            "const": 0.17853109578838375,
            "sigma_inferred": 0.18169118352093153
        },
        "pvalues": {
            "const": 0.9999999999999964,
            "sigma_inferred": 0.08073226088132213
        },
        "hc3_params": {
            "const": -7.999243628598052e-16,
            "sigma_inferred": 0.3296732828583554
        },
        "hc3_bse": {
            "const": 0.18161168859535484,
            "sigma_inferred": 0.13066269686375767
        },
        "hc3_pvalues": {
            "const": 0.9999999999999964,
            "sigma_inferred": 0.017828738171214633
        },
        "nobs": 29.0
    },
    "AgeControl": {
        "r_squared": 0.15405749038645833,
        "adj_r_squared": 0.08898498964695511,
        "params": {
            "const": -7.999243628598052e-16,
            "sigma_inferred": 0.28272694744099597,
            "mean_logP": 0.21812146928941328
        },
        "bse": {
            "const": 0.17724082684818726,
            "sigma_inferred": 0.18470699227608864,
            "mean_logP": 0.18470699227608875
        },
        "pvalues": {
            "const": 0.9999999999999964,
            "sigma_inferred": 0.13792652871745006,
            "mean_logP": 0.2483307203701983
        },
        "hc3_params": {
            "const": -7.999243628598052e-16,
            "sigma_inferred": 0.28272694744099597,
            "mean_logP": 0.21812146928941328
        },
        "hc3_bse": {
            "const": 0.18549870138501645,
            "sigma_inferred": 0.1509867270325729,
            "mean_logP": 0.2209589130908967
        },
        "hc3_pvalues": {
            "const": 0.9999999999999967,
            "sigma_inferred": 0.07242108922095701,
            "mean_logP": 0.3326630977044487
        },
        "nobs": 29.0
    },
    "DustControl": {
        "r_squared": 0.24138097193471308,
        "adj_r_squared": 0.1503466885668786,
        "params": {
            "const": -7.999243628598052e-16,
            "sigma_inferred": 0.26019570693030153,
            "c": 0.37532502109594545,
            "x1": -0.13358064733312586
        },
        "bse": {
            "const": 0.17116772490577173,
            "sigma_inferred": 0.18096405562729312,
            "c": 0.1825718005393288,
            "x1": 0.179537640066566
        },
        "pvalues": {
            "const": 0.9999999999999962,
            "sigma_inferred": 0.16288263642199494,
            "c": 0.05038980163298721,
            "x1": 0.46379712507715054
        },
        "hc3_params": {
            "const": -7.999243628598052e-16,
            "sigma_inferred": 0.26019570693030153,
            "c": 0.37532502109594545,
            "x1": -0.13358064733312586
        },
        "hc3_bse": {
            "const": 0.17756012079864736,
            "sigma_inferred": 0.1394539481242319,
            "c": 0.15000794462739858,
            "x1": 0.17362517581462292
        },
        "hc3_pvalues": {
            "const": 0.9999999999999964,
            "sigma_inferred": 0.07384280670651154,
            "c": 0.019254969488219944,
            "x1": 0.4488867883900345
        },
        "nobs": 29.0
    },
    "Full": {
        "r_squared": 0.3329957997682589,
        "adj_r_squared": 0.22182843306296862,
        "params": {
            "const": -7.999243628598052e-16,
            "sigma_inferred": 0.16389665061377395,
            "mean_logP": 0.21305981568579518,
            "c": 0.33333858309796544,
            "host_logmass": 0.2717330345812591
        },
        "bse": {
            "const": 0.16380934743833594,
            "sigma_inferred": 0.17709920436370166,
            "mean_logP": 0.17143286149108972,
            "c": 0.17232451974578275,
            "host_logmass": 0.16875533746756494
        },
        "pvalues": {
            "const": 0.9999999999999962,
            "sigma_inferred": 0.36394407998665135,
            "mean_logP": 0.22594074795182467,
            "c": 0.06494203447573703,
            "host_logmass": 0.12042580592687441
        },
        "hc3_params": {
            "const": -7.999243628598052e-16,
            "sigma_inferred": 0.16389665061377395,
            "mean_logP": 0.21305981568579518,
            "c": 0.33333858309796544,
            "host_logmass": 0.2717330345812591
        },
        "hc3_bse": {
            "const": 0.17490857421467126,
            "sigma_inferred": 0.19625118980798145,
            "mean_logP": 0.1828299761071644,
            "c": 0.13584058051565562,
            "host_logmass": 0.18871907597417265
        },
        "hc3_pvalues": {
            "const": 0.9999999999999964,
            "sigma_inferred": 0.4118773461119919,
            "mean_logP": 0.2553316805267778,
            "c": 0.02177013102586222,
            "host_logmass": 0.1628187019989436
        },
        "nobs": 29.0
    },
    "FlowEnvironment": {
        "r_squared": 0.3887509797765374,
        "adj_r_squared": 0.22204670153377482,
        "params": {
            "const": -7.999243628598052e-16,
            "sigma_inferred": 0.09834179477099597,
            "mean_logP": 0.34257855917409,
            "c": 0.33779732168148346,
            "host_logmass": 0.23465959567578598,
            "z_hd": -0.022710294114876683,
            "tully_nmb": 0.2847016704965568
        },
        "bse": {
            "const": 0.163786372477017,
            "sigma_inferred": 0.21803582767513136,
            "mean_logP": 0.20214167767964017,
            "c": 0.17755724608990314,
            "host_logmass": 0.17091020006556404,
            "z_hd": 0.23577154037063003,
            "tully_nmb": 0.21225578740987974
        },
        "pvalues": {
            "const": 0.9999999999999962,
            "sigma_inferred": 0.656378596618416,
            "mean_logP": 0.10423424234850683,
            "c": 0.07028069857910628,
            "host_logmass": 0.18358648666637972,
            "z_hd": 0.9241358826622363,
            "tully_nmb": 0.19350227287109564
        },
        "hc3_params": {
            "const": -7.999243628598052e-16,
            "sigma_inferred": 0.09834179477099597,
            "mean_logP": 0.34257855917409,
            "c": 0.33779732168148346,
            "host_logmass": 0.23465959567578598,
            "z_hd": -0.022710294114876683,
            "tully_nmb": 0.2847016704965568
        },
        "hc3_bse": {
            "const": 0.2423871800778597,
            "sigma_inferred": 0.3179146646408198,
            "mean_logP": 0.23730701519700698,
            "c": 0.14809277862947554,
            "host_logmass": 0.19954990136534578,
            "z_hd": 0.5402405258993661,
            "tully_nmb": 0.8736920456192301
        },
        "hc3_pvalues": {
            "const": 0.9999999999999973,
            "sigma_inferred": 0.759978229835483,
            "mean_logP": 0.16293900885820292,
            "c": 0.03259087174043362,
            "host_logmass": 0.25218603718274024,
            "z_hd": 0.9668480951655779,
            "tully_nmb": 0.7476091776115792
        },
        "nobs": 29.0
    },
    "_interpretation": {
        "primary_model": "Full",
        "primary_reason": "Controls age, SN color, and stellar mass. This is the primary astrophysical-confound model.",
        "primary_sigma_hc3_p": 0.4118773461119919,
        "stress_model": "FlowEnvironment",
        "stress_reason": "Adds redshift and group richness. This is a conservative stress test because group richness can mediate TEP screening rather than act as a pure nuisance covariate.",
        "stress_sigma_hc3_p": 0.759978229835483
    }
}