{
    "Baseline": {
        "r_squared": 0.2497969202646697,
        "adj_r_squared": 0.22773212380186592,
        "params": {
            "const": 0.0,
            "sigma_inferred": 0.49979687900653147
        },
        "bse": {
            "const": 0.14646462183731665,
            "sigma_inferred": 0.14854223797561358
        },
        "pvalues": {
            "const": 1.0,
            "sigma_inferred": 0.0019113424174321003
        },
        "hc3_params": {
            "const": 0.0,
            "sigma_inferred": 0.49979687900653147
        },
        "hc3_bse": {
            "const": 0.14874817880472865,
            "sigma_inferred": 0.11661075438556037
        },
        "hc3_pvalues": {
            "const": 1.0,
            "sigma_inferred": 0.00014161852457086226
        },
        "nobs": 36.0
    },
    "AgeControl": {
        "r_squared": 0.359032923265876,
        "adj_r_squared": 0.3201864337668382,
        "params": {
            "const": 0.0,
            "sigma_inferred": 0.36710192381491147,
            "mean_logP": 0.35615158870137353
        },
        "bse": {
            "const": 0.13741801254982325,
            "sigma_inferred": 0.1501802686733916,
            "mean_logP": 0.15018026867339165
        },
        "pvalues": {
            "const": 1.0,
            "sigma_inferred": 0.02001803349704148,
            "mean_logP": 0.023705845531126937
        },
        "hc3_params": {
            "const": 0.0,
            "sigma_inferred": 0.36710192381491147,
            "mean_logP": 0.35615158870137353
        },
        "hc3_bse": {
            "const": 0.1417530668144276,
            "sigma_inferred": 0.11994733463198771,
            "mean_logP": 0.1633187254188818
        },
        "hc3_pvalues": {
            "const": 1.0,
            "sigma_inferred": 0.0043684507015391465,
            "mean_logP": 0.03643658491340746
        },
        "nobs": 36.0
    },
    "DustControl": {
        "r_squared": 0.2564855947987711,
        "adj_r_squared": 0.18678111931115593,
        "params": {
            "const": 0.0,
            "sigma_inferred": 0.47531594218669876,
            "c": 0.08268889141300087,
            "x1": 0.010055281311288251
        },
        "bse": {
            "const": 0.1502977489933495,
            "sigma_inferred": 0.15982237063362484,
            "c": 0.16087434926582278,
            "x1": 0.15719419536671614
        },
        "pvalues": {
            "const": 1.0,
            "sigma_inferred": 0.005550163071601195,
            "c": 0.6107856975372823,
            "x1": 0.9493942256538094
        },
        "hc3_params": {
            "const": 0.0,
            "sigma_inferred": 0.47531594218669876,
            "c": 0.08268889141300087,
            "x1": 0.010055281311288251
        },
        "hc3_bse": {
            "const": 0.15551428573745651,
            "sigma_inferred": 0.13276481615292204,
            "c": 0.1729937555272829,
            "x1": 0.12691169639516942
        },
        "hc3_pvalues": {
            "const": 1.0,
            "sigma_inferred": 0.0011204434455412307,
            "c": 0.6359081856946451,
            "x1": 0.9373426656323478
        },
        "nobs": 36.0
    },
    "Full": {
        "r_squared": 0.38798549415997685,
        "adj_r_squared": 0.3090158805031996,
        "params": {
            "const": 0.0,
            "sigma_inferred": 0.33007755452165044,
            "mean_logP": 0.377028693565681,
            "c": 0.04869305784376175,
            "host_logmass": 0.16577293601753454
        },
        "bse": {
            "const": 0.13854242425825947,
            "sigma_inferred": 0.15681542531285825,
            "mean_logP": 0.15384269452127566,
            "c": 0.14687740763033652,
            "host_logmass": 0.14269355017829008
        },
        "pvalues": {
            "const": 1.0,
            "sigma_inferred": 0.04350494335330931,
            "mean_logP": 0.020096713942065882,
            "c": 0.7424812665634193,
            "host_logmass": 0.25420764993319084
        },
        "hc3_params": {
            "const": 0.0,
            "sigma_inferred": 0.33007755452165044,
            "mean_logP": 0.377028693565681,
            "c": 0.04869305784376175,
            "host_logmass": 0.16577293601753454
        },
        "hc3_bse": {
            "const": 0.14356977425489084,
            "sigma_inferred": 0.112098878705414,
            "mean_logP": 0.1564883400026057,
            "c": 0.1461750288821051,
            "host_logmass": 0.1056860929094786
        },
        "hc3_pvalues": {
            "const": 1.0,
            "sigma_inferred": 0.006084030245470266,
            "mean_logP": 0.022111944306016488,
            "c": 0.7412901942103619,
            "host_logmass": 0.12690727959667122
        },
        "nobs": 36.0
    },
    "FlowEnvironment": {
        "r_squared": 0.4609518751379609,
        "adj_r_squared": 0.3494246768906425,
        "params": {
            "const": 0.0,
            "sigma_inferred": 0.30717628214335174,
            "mean_logP": 0.28824975895150373,
            "c": 0.12077293741827372,
            "host_logmass": 0.12769217204939756,
            "z_hd": 0.00016513842854959382,
            "tully_nmb": -0.3058278794342621
        },
        "bse": {
            "const": 0.13443041602642503,
            "sigma_inferred": 0.15835106329954243,
            "mean_logP": 0.18465515636141214,
            "c": 0.15007853882982258,
            "host_logmass": 0.13978863907071806,
            "z_hd": 0.19986527959882963,
            "tully_nmb": 0.16014371692338963
        },
        "pvalues": {
            "const": 1.0,
            "sigma_inferred": 0.06218000850914262,
            "mean_logP": 0.12936771470914776,
            "c": 0.4275231083172528,
            "host_logmass": 0.368529888014139,
            "z_hd": 0.9993464066490854,
            "tully_nmb": 0.06610742512963665
        },
        "hc3_params": {
            "const": 0.0,
            "sigma_inferred": 0.30717628214335174,
            "mean_logP": 0.28824975895150373,
            "c": 0.12077293741827372,
            "host_logmass": 0.12769217204939756,
            "z_hd": 0.00016513842854959382,
            "tully_nmb": -0.3058278794342621
        },
        "hc3_bse": {
            "const": 0.15502222822280834,
            "sigma_inferred": 0.1572390983613874,
            "mean_logP": 0.18209549686752033,
            "c": 0.15053003409211704,
            "host_logmass": 0.11776661009298996,
            "z_hd": 0.3192839010194334,
            "tully_nmb": 0.3525830492635712
        },
        "hc3_pvalues": {
            "const": 1.0,
            "sigma_inferred": 0.06046043565401104,
            "mean_logP": 0.12427696739228578,
            "c": 0.42889535694598524,
            "host_logmass": 0.28717233163916067,
            "z_hd": 0.9995908637211015,
            "tully_nmb": 0.39284795277440665
        },
        "nobs": 36.0
    },
    "_interpretation": {
        "primary_model": "Full",
        "primary_reason": "Controls age, SN color, and stellar mass. This is the primary astrophysical-confound model.",
        "primary_sigma_hc3_p": 0.006084030245470266,
        "stress_model": "FlowEnvironment",
        "stress_reason": "Adds redshift and group richness. This is a conservative stress test because group richness can mediate TEP screening rather than act as a pure nuisance covariate.",
        "stress_sigma_hc3_p": 0.06046043565401104
    }
}