{
    "Baseline": {
        "r_squared": 0.2170794792363433,
        "adj_r_squared": 0.18808242291176347,
        "params": {
            "const": -7.999243628598052e-16,
            "sigma_inferred": 0.46591788894218605
        },
        "bse": {
            "const": 0.16732351248592894,
            "sigma_inferred": 0.17028522051129352
        },
        "pvalues": {
            "const": 0.9999999999999962,
            "sigma_inferred": 0.01085542033014605
        },
        "hc3_params": {
            "const": -7.999243628598052e-16,
            "sigma_inferred": 0.46591788894218605
        },
        "hc3_bse": {
            "const": 0.169705501800843,
            "sigma_inferred": 0.11433185444867335
        },
        "hc3_pvalues": {
            "const": 0.9999999999999962,
            "sigma_inferred": 0.0003626894013477578
        },
        "nobs": 29.0
    },
    "AgeControl": {
        "r_squared": 0.25274023064111195,
        "adj_r_squared": 0.19525870992119754,
        "params": {
            "const": -7.999243628598052e-16,
            "sigma_inferred": 0.4270116776566733,
            "mean_logP": 0.19280675476072306
        },
        "bse": {
            "const": 0.1665824110099554,
            "sigma_inferred": 0.17309165350307756,
            "mean_logP": 0.17309165350307762
        },
        "pvalues": {
            "const": 0.9999999999999962,
            "sigma_inferred": 0.020532291198686534,
            "mean_logP": 0.275514057214535
        },
        "hc3_params": {
            "const": -7.999243628598052e-16,
            "sigma_inferred": 0.4270116776566733,
            "mean_logP": 0.19280675476072306
        },
        "hc3_bse": {
            "const": 0.1729939217990557,
            "sigma_inferred": 0.13286623332818984,
            "mean_logP": 0.19229763673847286
        },
        "hc3_pvalues": {
            "const": 0.9999999999999963,
            "sigma_inferred": 0.003481114694157683,
            "mean_logP": 0.325271675128016
        },
        "nobs": 29.0
    },
    "DustControl": {
        "r_squared": 0.30945062536515655,
        "adj_r_squared": 0.22658470040897527,
        "params": {
            "const": -7.999243628598052e-16,
            "sigma_inferred": 0.3844752279594921,
            "c": 0.31365783718243545,
            "x1": -0.13710375958344057
        },
        "bse": {
            "const": 0.16330797007294423,
            "sigma_inferred": 0.17667970432314573,
            "c": 0.17856300145861642,
            "x1": 0.17078514508102677
        },
        "pvalues": {
            "const": 0.9999999999999961,
            "sigma_inferred": 0.03920352977803838,
            "c": 0.09123584650457608,
            "x1": 0.4296653162202708
        },
        "hc3_params": {
            "const": -7.999243628598052e-16,
            "sigma_inferred": 0.3844752279594921,
            "c": 0.31365783718243545,
            "x1": -0.13710375958344057
        },
        "hc3_bse": {
            "const": 0.1683951659441448,
            "sigma_inferred": 0.12304035691587904,
            "c": 0.13906386351668795,
            "x1": 0.1655281885559366
        },
        "hc3_pvalues": {
            "const": 0.9999999999999962,
            "sigma_inferred": 0.004465214166658093,
            "c": 0.033103730722572805,
            "x1": 0.41534938122384957
        },
        "nobs": 29.0
    },
    "Full": {
        "r_squared": 0.3860835148938222,
        "adj_r_squared": 0.28376410070945923,
        "params": {
            "const": -7.999243628598052e-16,
            "sigma_inferred": 0.3009006235014167,
            "mean_logP": 0.19358932659672995,
            "c": 0.27777930722080924,
            "host_logmass": 0.2558584598600313
        },
        "bse": {
            "const": 0.15715530417618195,
            "sigma_inferred": 0.17355467430739296,
            "mean_logP": 0.16381766752610136,
            "c": 0.16952743603487383,
            "host_logmass": 0.1617312313281056
        },
        "pvalues": {
            "const": 0.999999999999996,
            "sigma_inferred": 0.09579232156613257,
            "mean_logP": 0.24888759408360336,
            "c": 0.11435204224924769,
            "host_logmass": 0.1267403909143576
        },
        "hc3_params": {
            "const": -7.999243628598052e-16,
            "sigma_inferred": 0.3009006235014167,
            "mean_logP": 0.19358932659672995,
            "c": 0.27777930722080924,
            "host_logmass": 0.2558584598600313
        },
        "hc3_bse": {
            "const": 0.160889916336883,
            "sigma_inferred": 0.11147683381901721,
            "mean_logP": 0.164551264105824,
            "c": 0.11865507468005365,
            "host_logmass": 0.1220809135409942
        },
        "hc3_pvalues": {
            "const": 0.999999999999996,
            "sigma_inferred": 0.012529035552566948,
            "mean_logP": 0.25094533564757077,
            "c": 0.027866787217297944,
            "host_logmass": 0.04682469400827426
        },
        "nobs": 29.0
    },
    "FlowEnvironment": {
        "r_squared": 0.4268705008182715,
        "adj_r_squared": 0.27056245558689096,
        "params": {
            "const": -7.999243628598052e-16,
            "sigma_inferred": 0.24939036436144452,
            "mean_logP": 0.3121321835060302,
            "c": 0.2932858172475244,
            "host_logmass": 0.2257394784767305,
            "z_hd": -0.04788793992994375,
            "tully_nmb": 0.23612244068654603
        },
        "bse": {
            "const": 0.15859703267358377,
            "sigma_inferred": 0.192396866853159,
            "mean_logP": 0.19724798116594852,
            "c": 0.1757347544556422,
            "host_logmass": 0.16552985946456453,
            "z_hd": 0.20380327882950106,
            "tully_nmb": 0.2013277910407099
        },
        "pvalues": {
            "const": 0.999999999999996,
            "sigma_inferred": 0.2083301929480368,
            "mean_logP": 0.1278212304054383,
            "c": 0.10930557451982686,
            "host_logmass": 0.18644209069078085,
            "z_hd": 0.8164042018145958,
            "tully_nmb": 0.253408641697534
        },
        "hc3_params": {
            "const": -7.999243628598052e-16,
            "sigma_inferred": 0.24939036436144452,
            "mean_logP": 0.3121321835060302,
            "c": 0.2932858172475244,
            "host_logmass": 0.2257394784767305,
            "z_hd": -0.04788793992994375,
            "tully_nmb": 0.23612244068654603
        },
        "hc3_bse": {
            "const": 0.24724824442318535,
            "sigma_inferred": 0.22434844376847907,
            "mean_logP": 0.2007976706544485,
            "c": 0.1271099230928327,
            "host_logmass": 0.1244634614634428,
            "z_hd": 0.44343375074740565,
            "tully_nmb": 1.0113084703297754
        },
        "hc3_pvalues": {
            "const": 0.9999999999999974,
            "sigma_inferred": 0.2783022389114874,
            "mean_logP": 0.134343367613533,
            "c": 0.030826250635995124,
            "host_logmass": 0.08338883421017008,
            "z_hd": 0.914979760981618,
            "tully_nmb": 0.8175458769834602
        },
        "nobs": 29.0
    },
    "_interpretation": {
        "primary_model": "Full",
        "primary_reason": "Controls age, SN color, and stellar mass. This is the primary astrophysical-confound model.",
        "primary_sigma_hc3_p": 0.012529035552566948,
        "stress_model": "FlowEnvironment",
        "stress_reason": "Adds redshift and group richness. This is a conservative stress test because group richness can mediate TEP screening rather than act as a pure nuisance covariate.",
        "stress_sigma_hc3_p": 0.2783022389114874
    }
}