{
    "Baseline": {
        "r_squared": 0.2170794792362939,
        "adj_r_squared": 0.18808242291171218,
        "params": {
            "const": 9.551821139597294e-16,
            "sigma_inferred": 0.4659178889421332
        },
        "bse": {
            "const": 0.16732351248593422,
            "sigma_inferred": 0.1702852205112989
        },
        "pvalues": {
            "const": 0.9999999999999956,
            "sigma_inferred": 0.010855420330156242
        },
        "hc3_params": {
            "const": 9.551821139597294e-16,
            "sigma_inferred": 0.4659178889421332
        },
        "hc3_bse": {
            "const": 0.16970550180084948,
            "sigma_inferred": 0.11433185444870246
        },
        "hc3_pvalues": {
            "const": 0.9999999999999956,
            "sigma_inferred": 0.00036268940134920243
        },
        "nobs": 29.0
    },
    "AgeControl": {
        "r_squared": 0.25274023064103734,
        "adj_r_squared": 0.19525870992111716,
        "params": {
            "const": 9.551821139597294e-16,
            "sigma_inferred": 0.4270116776566343,
            "mean_logP": 0.19280675476065412
        },
        "bse": {
            "const": 0.16658241100996374,
            "sigma_inferred": 0.1730916535030862,
            "mean_logP": 0.17309165350308628
        },
        "pvalues": {
            "const": 0.9999999999999954,
            "sigma_inferred": 0.020532291198702618,
            "mean_logP": 0.2755140572147263
        },
        "hc3_params": {
            "const": 9.551821139597294e-16,
            "sigma_inferred": 0.4270116776566343,
            "mean_logP": 0.19280675476065412
        },
        "hc3_bse": {
            "const": 0.17299392179906484,
            "sigma_inferred": 0.13286623332821568,
            "mean_logP": 0.19229763673847758
        },
        "hc3_pvalues": {
            "const": 0.9999999999999956,
            "sigma_inferred": 0.0034811146941656143,
            "mean_logP": 0.32527167512819744
        },
        "nobs": 29.0
    },
    "DustControl": {
        "r_squared": 0.30945062536510703,
        "adj_r_squared": 0.22658470040891976,
        "params": {
            "const": 9.551821139597294e-16,
            "sigma_inferred": 0.38447522795943906,
            "c": 0.3136578371824356,
            "x1": -0.13710375958343946
        },
        "bse": {
            "const": 0.1633079700729501,
            "sigma_inferred": 0.17667970432315205,
            "c": 0.17856300145862283,
            "x1": 0.17078514508103287
        },
        "pvalues": {
            "const": 0.9999999999999953,
            "sigma_inferred": 0.039203529778069714,
            "c": 0.0912358465045868,
            "x1": 0.4296653162202908
        },
        "hc3_params": {
            "const": 9.551821139597294e-16,
            "sigma_inferred": 0.38447522795943906,
            "c": 0.3136578371824356,
            "x1": -0.13710375958343946
        },
        "hc3_bse": {
            "const": 0.16839516594415083,
            "sigma_inferred": 0.12304035691588283,
            "c": 0.13906386351667313,
            "x1": 0.16552818855594867
        },
        "hc3_pvalues": {
            "const": 0.9999999999999956,
            "sigma_inferred": 0.004465214166663821,
            "c": 0.03310373072255562,
            "x1": 0.4153493812238871
        },
        "nobs": 29.0
    },
    "Full": {
        "r_squared": 0.38608351489376924,
        "adj_r_squared": 0.2837641007093974,
        "params": {
            "const": 9.551821139597294e-16,
            "sigma_inferred": 0.30090062350137065,
            "mean_logP": 0.1935893265966633,
            "c": 0.27777930722081323,
            "host_logmass": 0.2558584598600706
        },
        "bse": {
            "const": 0.15715530417618873,
            "sigma_inferred": 0.17355467430740046,
            "mean_logP": 0.1638176675261084,
            "c": 0.16952743603488113,
            "host_logmass": 0.16173123132811257
        },
        "pvalues": {
            "const": 0.9999999999999952,
            "sigma_inferred": 0.09579232156619406,
            "mean_logP": 0.24888759408378142,
            "c": 0.11435204224925749,
            "host_logmass": 0.12674039091431752
        },
        "hc3_params": {
            "const": 9.551821139597294e-16,
            "sigma_inferred": 0.30090062350137065,
            "mean_logP": 0.1935893265966633,
            "c": 0.27777930722081323,
            "host_logmass": 0.2558584598600706
        },
        "hc3_bse": {
            "const": 0.16088991633689084,
            "sigma_inferred": 0.11147683381904745,
            "mean_logP": 0.1645512641058274,
            "c": 0.11865507468003507,
            "host_logmass": 0.12208091354102539
        },
        "hc3_pvalues": {
            "const": 0.9999999999999953,
            "sigma_inferred": 0.012529035552599859,
            "mean_logP": 0.25094533564773885,
            "c": 0.027866787217273797,
            "host_logmass": 0.04682469400829489
        },
        "nobs": 29.0
    },
    "FlowEnvironment": {
        "r_squared": 0.42687050081822797,
        "adj_r_squared": 0.27056245558683556,
        "params": {
            "const": 9.551821139597294e-16,
            "sigma_inferred": 0.24939036436136242,
            "mean_logP": 0.3121321835059549,
            "c": 0.2932858172475133,
            "host_logmass": 0.2257394784767603,
            "z_hd": -0.04788793992986111,
            "tully_nmb": 0.23612244068660465
        },
        "bse": {
            "const": 0.1585970326735898,
            "sigma_inferred": 0.19239686685316632,
            "mean_logP": 0.19724798116595602,
            "c": 0.1757347544556489,
            "host_logmass": 0.16552985946457083,
            "z_hd": 0.2038032788295088,
            "tully_nmb": 0.20132779104071755
        },
        "pvalues": {
            "const": 0.9999999999999952,
            "sigma_inferred": 0.208330192948198,
            "mean_logP": 0.12782123040553922,
            "c": 0.10930557451985222,
            "host_logmass": 0.18644209069074127,
            "z_hd": 0.8164042018149135,
            "tully_nmb": 0.2534086416974372
        },
        "hc3_params": {
            "const": 9.551821139597294e-16,
            "sigma_inferred": 0.24939036436136242,
            "mean_logP": 0.3121321835059549,
            "c": 0.2932858172475133,
            "host_logmass": 0.2257394784767603,
            "z_hd": -0.04788793992986111,
            "tully_nmb": 0.23612244068660465
        },
        "hc3_bse": {
            "const": 0.2472482444232362,
            "sigma_inferred": 0.22434844376852014,
            "mean_logP": 0.2007976706544456,
            "c": 0.12710992309281569,
            "host_logmass": 0.1244634614634721,
            "z_hd": 0.44343375074748465,
            "tully_nmb": 1.0113084703301263
        },
        "hc3_pvalues": {
            "const": 0.9999999999999969,
            "sigma_inferred": 0.27830223891172684,
            "mean_logP": 0.13434336761361698,
            "c": 0.030826250635980722,
            "host_logmass": 0.08338883421020005,
            "z_hd": 0.9149797609817792,
            "tully_nmb": 0.8175458769834777
        },
        "nobs": 29.0
    },
    "_interpretation": {
        "primary_model": "Full",
        "primary_reason": "Controls age, SN color, and stellar mass. This is the primary astrophysical-confound model.",
        "primary_sigma_hc3_p": 0.012529035552599859,
        "stress_model": "FlowEnvironment",
        "stress_reason": "Adds redshift and group richness. This is a conservative stress test because group richness can mediate TEP screening rather than act as a pure nuisance covariate.",
        "stress_sigma_hc3_p": 0.27830223891172684
    }
}