{
    "Baseline": {
        "r_squared": 0.18313413580770166,
        "adj_r_squared": 0.1528798445413203,
        "params": {
            "const": -7.999243628598052e-16,
            "sigma_inferred": 0.4279417434741577
        },
        "bse": {
            "const": 0.17091237475210133,
            "sigma_inferred": 0.1739376073952422
        },
        "pvalues": {
            "const": 0.9999999999999962,
            "sigma_inferred": 0.020567348172728858
        },
        "nobs": 29.0
    },
    "AgeControl": {
        "r_squared": 0.2226767261234286,
        "adj_r_squared": 0.1628826281329231,
        "params": {
            "const": -7.999243628598052e-16,
            "sigma_inferred": 0.3881412298698368,
            "mean_logP": 0.20279711831999653
        },
        "bse": {
            "const": 0.1699003127462645,
            "sigma_inferred": 0.17633697383978497,
            "mean_logP": 0.1763369738397851
        },
        "pvalues": {
            "const": 0.9999999999999962,
            "sigma_inferred": 0.03680451037817871,
            "mean_logP": 0.26059009285812457
        },
        "nobs": 29.0
    },
    "DustControl": {
        "r_squared": 0.3042024190968917,
        "adj_r_squared": 0.22070670938851866,
        "params": {
            "const": -7.999243628598052e-16,
            "sigma_inferred": 0.36509263454269314,
            "c": 0.3567106204395799,
            "x1": -0.13418051865463743
        },
        "bse": {
            "const": 0.163927369389247,
            "sigma_inferred": 0.17189278789698786,
            "c": 0.1743526948333725,
            "x1": 0.17133844299895323
        },
        "pvalues": {
            "const": 0.9999999999999962,
            "sigma_inferred": 0.04374483274070548,
            "c": 0.05142078064780376,
            "x1": 0.44090605686530326
        },
        "nobs": 29.0
    },
    "Full": {
        "r_squared": 0.3755079083534677,
        "adj_r_squared": 0.27142589307904563,
        "params": {
            "const": -7.999243628598052e-16,
            "sigma_inferred": 0.2733602347945467,
            "mean_logP": 0.19602753711927612,
            "c": 0.3149676054047946,
            "host_logmass": 0.24496025768761903
        },
        "bse": {
            "const": 0.1585031389791375,
            "sigma_inferred": 0.17123332145358874,
            "mean_logP": 0.16536260070796452,
            "c": 0.16604596508858843,
            "host_logmass": 0.16450590077163463
        },
        "pvalues": {
            "const": 0.999999999999996,
            "sigma_inferred": 0.12347999508428362,
            "mean_logP": 0.24744839267290222,
            "c": 0.06994308195081395,
            "host_logmass": 0.14949410327661505
        },
        "nobs": 29.0
    }
}