{
    "Baseline": {
        "r_squared": 0.21359301489735927,
        "adj_r_squared": 0.18446683026392818,
        "params": {
            "const": -7.999243628598052e-16,
            "sigma_inferred": 0.4621612433960243
        },
        "bse": {
            "const": 0.16769565718638887,
            "sigma_inferred": 0.17066395235500412
        },
        "pvalues": {
            "const": 0.9999999999999962,
            "sigma_inferred": 0.011600176911666595
        },
        "nobs": 29.0
    },
    "AgeControl": {
        "r_squared": 0.2537751471914126,
        "adj_r_squared": 0.19637323543690588,
        "params": {
            "const": -7.999243628598052e-16,
            "sigma_inferred": 0.4261704970817303,
            "mean_logP": 0.2036601731176546
        },
        "bse": {
            "const": 0.16646701698401078,
            "sigma_inferred": 0.17212256108959847,
            "mean_logP": 0.17212256108959853
        },
        "pvalues": {
            "const": 0.9999999999999962,
            "sigma_inferred": 0.02012022483268602,
            "mean_logP": 0.2474254491581038
        },
        "nobs": 29.0
    },
    "DustControl": {
        "r_squared": 0.32798670799629326,
        "adj_r_squared": 0.24734511295584838,
        "params": {
            "const": -7.999243628598052e-16,
            "sigma_inferred": 0.3979713493574458,
            "c": 0.3472965022371954,
            "x1": -0.13070475153773917
        },
        "bse": {
            "const": 0.16110126254820564,
            "sigma_inferred": 0.16884329180783375,
            "c": 0.17157235760329967,
            "x1": 0.16817042327766366
        },
        "pvalues": {
            "const": 0.999999999999996,
            "sigma_inferred": 0.026559544634854923,
            "c": 0.053759434857770204,
            "x1": 0.44432403280202915
        },
        "nobs": 29.0
    },
    "Full": {
        "r_squared": 0.3963053634073507,
        "adj_r_squared": 0.29568959064190903,
        "params": {
            "const": -7.999243628598052e-16,
            "sigma_inferred": 0.31278928176026033,
            "mean_logP": 0.19522609399304963,
            "c": 0.3055877314743489,
            "host_logmass": 0.2360692772376479
        },
        "bse": {
            "const": 0.15584147663550335,
            "sigma_inferred": 0.16807979851666488,
            "mean_logP": 0.16198941474820425,
            "c": 0.16342689858453743,
            "host_logmass": 0.16191604026717998
        },
        "pvalues": {
            "const": 0.999999999999996,
            "sigma_inferred": 0.07504485685915929,
            "mean_logP": 0.23988375202624918,
            "c": 0.07374880961817605,
            "host_logmass": 0.15781054365448602
        },
        "nobs": 29.0
    }
}