{
  "n": 29,
  "sigma_ref": 75.25,
  "planck_h0": 67.4,
  "planck_err": 0.5,
  "baseline": {
    "slope": 0.08511786648710849,
    "pearson_r": 0.4621612433960245,
    "pearson_p": 0.0116001769116666,
    "spearman_rho": 0.5113300492610836,
    "spearman_p": 0.0045836144004947985
  },
  "train_test": {
    "n_repeats": 200,
    "train_frac": 0.7,
    "alpha_mean": 950071.4721679688,
    "alpha_std": 215207.6586055147,
    "test_slope_median": 0.010908893441024064,
    "test_slope_q16": -0.04136913932782737,
    "test_slope_q84": 0.08152838450771469,
    "test_abs_pearson_r_median": 0.25020024553195874,
    "test_h0_mean_median": 67.87361288021168,
    "test_h0_mean_q16": 65.85447381644526,
    "test_h0_mean_q84": 69.82136802123762
  },
  "loocv": {
    "alpha_mean": 944241.8591729526,
    "alpha_std": 54742.73106566226,
    "pred_h0_mean": 68.02676682453905,
    "pred_h0_sem": 1.3084138474286786,
    "pred_slope": -0.007783864431040953,
    "pearson_r": -0.04649919669260728,
    "pearson_p": 0.8107019934508192,
    "spearman_rho": 0.030049261083743836,
    "spearman_p": 0.8770287826136492,
    "tension_sigma": 0.4474684171246592
  }
}