{
  "n": 29,
  "sigma_ref": 87.16507328052906,
  "planck_h0": 67.4,
  "planck_err": 0.5,
  "baseline": {
    "slope": 0.08511851500603197,
    "pearson_r": 0.46591788894213326,
    "pearson_p": 0.010855420330156207,
    "spearman_rho": 0.5172413793103448,
    "spearman_p": 0.004061456506390692
  },
  "train_test": {
    "n_repeats": 200,
    "train_frac": 0.7,
    "kappa_cep_mean": 1083338.9587402344,
    "kappa_cep_std": 319279.6078845102,
    "test_slope_median": 0.016880367709003807,
    "test_slope_q16": -0.057366915557921665,
    "test_slope_q84": 0.11301853579766745,
    "test_abs_pearson_r_median": 0.2911622701650232,
    "test_h0_mean_median": 68.47516971300723,
    "test_h0_mean_q16": 66.56145542474151,
    "test_h0_mean_q84": 70.52785326464841
  },
  "loocv": {
    "kappa_cep_mean": 1054301.7157192887,
    "kappa_cep_std": 77882.61723131788,
    "pred_h0_mean": 68.57590926922977,
    "pred_h0_sem": 1.3393580377279932,
    "pred_slope": -0.01221390956683306,
    "pearson_r": -0.07185647094429398,
    "pearson_p": 0.7110717401660231,
    "spearman_rho": 0.09802955665024629,
    "spearman_p": 0.6129229431611378,
    "tension_sigma": 0.8225193463881125
  }
}