{
  "n": 29,
  "sigma_ref": 75.25,
  "planck_h0": 67.4,
  "planck_err": 0.5,
  "baseline": {
    "slope": 0.08511786648710849,
    "pearson_r": 0.4621612433960245,
    "pearson_p": 0.0116001769116666,
    "spearman_rho": 0.5113300492610836,
    "spearman_p": 0.0045836144004947985
  },
  "train_test": {
    "n_repeats": 200,
    "train_frac": 0.7,
    "kappa_cep_mean": 1062225.2197265625,
    "kappa_cep_std": 259070.15667504552,
    "test_slope_median": 0.009511576985618147,
    "test_slope_q16": -0.04507287752680135,
    "test_slope_q84": 0.08552139254213682,
    "test_abs_pearson_r_median": 0.25732837734391156,
    "test_h0_mean_median": 67.89020304546159,
    "test_h0_mean_q16": 66.10446886299829,
    "test_h0_mean_q84": 69.93588538397043
  },
  "loocv": {
    "kappa_cep_mean": 1053185.614224138,
    "kappa_cep_std": 61990.720582868176,
    "pred_h0_mean": 68.04390549113987,
    "pred_h0_sem": 1.3187345268942727,
    "pred_slope": -0.008400107946416088,
    "pearson_r": -0.04978778537105248,
    "pearson_p": 0.7975797118456317,
    "spearman_rho": 0.038423645320197035,
    "spearman_p": 0.8431321374954324,
    "tension_sigma": 0.4565602576885701
  }
}