{
  "n": 36,
  "sigma_ref": 87.16507328052906,
  "planck_h0": 67.4,
  "planck_err": 0.5,
  "baseline": {
    "slope": 0.11927979259557504,
    "pearson_r": 0.4997968790065317,
    "pearson_p": 0.001911342417432097,
    "spearman_rho": 0.5485199485199486,
    "spearman_p": 0.0005328248427797342
  },
  "train_test": {
    "n_repeats": 200,
    "train_frac": 0.7,
    "kappa_cep_mean": 1715757.2021484375,
    "kappa_cep_std": 612182.9613613146,
    "test_slope_median": 0.02312536405223105,
    "test_slope_q16": -0.07876948890255873,
    "test_slope_q84": 0.14338613717917317,
    "test_abs_pearson_r_median": 0.29896146363893683,
    "test_h0_mean_median": 66.20373811277932,
    "test_h0_mean_q16": 63.609012374276666,
    "test_h0_mean_q84": 68.30474258139996
  },
  "loocv": {
    "kappa_cep_mean": 1618792.724609375,
    "kappa_cep_std": 114933.43386662572,
    "pred_h0_mean": 65.91534443647419,
    "pred_h0_sem": 1.5156417883861837,
    "pred_slope": -0.017211912905075084,
    "pearson_r": -0.07697065598223421,
    "pearson_p": 0.6554612139511501,
    "spearman_rho": 0.13822393822393822,
    "spearman_p": 0.4214289475003635,
    "tension_sigma": 0.9302437095278161
  }
}