{
  "n": 29,
  "sigma_ref": 87.16507328052906,
  "planck_h0": 67.4,
  "planck_err": 0.5,
  "baseline": {
    "slope": 0.08511851500603197,
    "pearson_r": 0.46591788894213326,
    "pearson_p": 0.010855420330156207,
    "spearman_rho": 0.5172413793103448,
    "spearman_p": 0.004061456506390692
  },
  "train_test": {
    "n_repeats": 200,
    "train_frac": 0.7,
    "kappa_cep_mean": 1302956.7260742188,
    "kappa_cep_std": 389842.123074811,
    "test_slope_median": 0.01750023235469092,
    "test_slope_q16": -0.05184268541107851,
    "test_slope_q84": 0.11724770628643269,
    "test_abs_pearson_r_median": 0.2969635030661818,
    "test_h0_mean_median": 68.59250250026471,
    "test_h0_mean_q16": 66.75930782128812,
    "test_h0_mean_q84": 70.75078092517833
  },
  "loocv": {
    "kappa_cep_mean": 1278370.6138873922,
    "kappa_cep_std": 85232.36038968887,
    "pred_h0_mean": 68.67141477184003,
    "pred_h0_sem": 1.344575351242436,
    "pred_slope": -0.011950026673827392,
    "pearson_r": -0.07003120537122362,
    "pearson_p": 0.718111123993446,
    "spearman_rho": 0.08768472906403939,
    "spearman_p": 0.6510536024486941,
    "tension_sigma": 0.8862921982375062
  }
}