{
  "n": 29,
  "sigma_ref": 87.16507328052906,
  "planck_h0": 67.4,
  "planck_err": 0.5,
  "baseline": {
    "slope": 0.08511851500603197,
    "pearson_r": 0.46591788894213326,
    "pearson_p": 0.010855420330156207,
    "spearman_rho": 0.5172413793103448,
    "spearman_p": 0.004061456506390692
  },
  "train_test": {
    "n_repeats": 200,
    "train_frac": 0.7,
    "kappa_cep_mean": 1289802.490234375,
    "kappa_cep_std": 405888.9451155706,
    "test_slope_median": 0.018687111079974367,
    "test_slope_q16": -0.05101010765488401,
    "test_slope_q84": 0.11869690446548405,
    "test_abs_pearson_r_median": 0.3049008569725902,
    "test_h0_mean_median": 68.59478169294854,
    "test_h0_mean_q16": 66.74897695062839,
    "test_h0_mean_q84": 70.75809842462695
  },
  "loocv": {
    "kappa_cep_mean": 1263196.0112473061,
    "kappa_cep_std": 89562.89229184945,
    "pred_h0_mean": 68.671861397346,
    "pred_h0_sem": 1.3454644014460806,
    "pred_slope": -0.011742592873583526,
    "pearson_r": -0.0687701013568383,
    "pearson_p": 0.7229880002561138,
    "spearman_rho": 0.08768472906403939,
    "spearman_p": 0.6510536024486941,
    "tension_sigma": 0.8860887999163161
  }
}