{
  "checks": [
    {
      "details": {
        "duplicates": []
      },
      "name": "no_duplicate_hosts_in_stratified_h0",
      "ok": true
    },
    {
      "details": {
        "anchors_present": []
      },
      "name": "anchors_excluded_from_stratified_h0",
      "ok": true
    },
    {
      "details": {
        "expected": {
          "delta_h0": 10.109375342032507,
          "high_mean_h0": 72.64158656088135,
          "high_n": 18,
          "low_mean_h0": 62.53221121884884,
          "low_n": 18,
          "median_sigma": 89.66358706862846,
          "n": 36,
          "pearson_p": 0.001911342417432097,
          "pearson_r": 0.4997968790065317,
          "spearman_p": 0.0005328248427797342,
          "spearman_rho": 0.5485199485199486
        },
        "got": {
          "correlation_r": 0.49979687900653164,
          "difference": 10.109375342032507,
          "difference_cov_err": 4.0193644616078315,
          "h0_covariance_saved": true,
          "h0_mean_cov_err": 2.1179282526716765,
          "high_density": {
            "cov_err": 2.6151662498720816,
            "mean_h0": 72.64158656088135,
            "n": 18,
            "std_err": 1.918524273002335
          },
          "low_density": {
            "cov_err": 3.1952763558224184,
            "mean_h0": 62.53221121884884,
            "n": 18,
            "std_err": 2.021756286182302
          },
          "median_sigma": 89.66358706862846,
          "sh0es_density_max": 1.759078117964844,
          "sh0es_density_mean": 0.16084058661657089,
          "sh0es_density_min": 7.844355552799971e-05
        }
      },
      "name": "stratification_results_matches_recomputed",
      "ok": true
    },
    {
      "details": {
        "expected": {
          "n": 36,
          "pearson_r": 0.4997968790065317,
          "spearman_rho": 0.5485199485199486
        },
        "got": {
          "avg_offdiag_corr": 0.005817179782167181,
          "bayesian_comparison": {
            "bayes_factor": 7.700274329924244,
            "delta_bic": 4.082511910975782,
            "delta_chi2": 7.666030849431891,
            "evidence_strength": "positive",
            "gls_crosscheck": {
              "delta_bic": 4.046952209814542,
              "null_bic": 32.54123514041121,
              "null_chi2": 28.9577162019551,
              "tep_bic": 28.49428293059667,
              "tep_chi2": 21.32724505368445
            },
            "kappa_wls_implied": 1056177.3866891968,
            "ln_bayes_factor": 2.041255955487891,
            "n": 36,
            "null_bic": 32.52983050189357,
            "null_chi2": 28.946311563437458,
            "projected": {
              "bayes_factor": 7.671878827927261,
              "beta_proj": 0.0,
              "delta_bic": 4.07512308678124,
              "delta_bic_matched": 4.046952209814549,
              "delta_chi2": 7.630471148270654,
              "evidence_strength": "positive",
              "ln_bayes_factor": 2.03756154339062,
              "n_eff": 35,
              "null_bic_matched": 32.541235140411224,
              "null_chi2": 28.95771620195511,
              "tep_bic_matched": 28.494282930596675,
              "tep_chi2": 21.327245053684457
            },
            "sigma_ref_screened": 30.50738103825078,
            "tep_bic": 28.44731859091779,
            "tep_chi2": 21.280280714005567,
            "wls_beta_x": 31753969.881801065,
            "wls_mu_tep": 65.28531131222955
          },
          "gls_slope_p": 0.008141855072580029,
          "gls_slope_per_kms": 0.08671862230831434,
          "gls_slope_se": 0.030852101056852287,
          "gls_slope_t": 2.8107849818239212,
          "n": 36,
          "n_eff_equicorr": 29.910237076048432,
          "n_sims": 20000,
          "pearson_p_cov": 0.0003,
          "pearson_r": 0.4997968790065317,
          "provenance_eiv": {
            "beta": [
              43.1452073963651,
              346853682.7308718,
              13.357872680137811,
              0.0
            ],
            "beta1_p": 3.138442000283348e-05,
            "beta1_t": 4.842585518728312,
            "beta_se": [
              3.556326711366697,
              71625721.7119745,
              3.8154194258672196,
              0.0
            ],
            "gamma_HI": 13.357872680137811,
            "gamma_HI_se": 3.8154194258672196,
            "gamma_rotation": 0.0,
            "gamma_rotation_se": 0.0,
            "mean_x_err_hi": 1.9253254709858577e-08,
            "mean_x_err_rot": null,
            "mean_x_err_stellar": 3.91022545965547e-08,
            "n_hi": 18,
            "n_rot": 0,
            "n_stellar": 18
          },
          "spearman_p_cov": 0.0006,
          "spearman_rho": 0.5485199485199486
        }
      },
      "name": "covariance_robustness_matches_recomputed",
      "ok": true
    },
    {
      "details": {
        "projected": {
          "bayes_factor": 7.671878827927261,
          "beta_proj": 0.0,
          "delta_bic": 4.07512308678124,
          "delta_bic_matched": 4.046952209814549,
          "delta_chi2": 7.630471148270654,
          "evidence_strength": "positive",
          "ln_bayes_factor": 2.03756154339062,
          "n_eff": 35,
          "null_bic_matched": 32.541235140411224,
          "null_chi2": 28.95771620195511,
          "tep_bic_matched": 28.494282930596675,
          "tep_chi2": 21.327245053684457
        }
      },
      "name": "covariance_projected_bic_retains_strong_evidence",
      "ok": true
    },
    {
      "details": {
        "gls_crosscheck": {
          "delta_bic": 4.046952209814542,
          "null_bic": 32.54123514041121,
          "null_chi2": 28.9577162019551,
          "tep_bic": 28.49428293059667,
          "tep_chi2": 21.32724505368445
        },
        "projected": {
          "bayes_factor": 7.671878827927261,
          "beta_proj": 0.0,
          "delta_bic": 4.07512308678124,
          "delta_bic_matched": 4.046952209814549,
          "delta_chi2": 7.630471148270654,
          "evidence_strength": "positive",
          "ln_bayes_factor": 2.03756154339062,
          "n_eff": 35,
          "null_bic_matched": 32.541235140411224,
          "null_chi2": 28.95771620195511,
          "tep_bic_matched": 28.494282930596675,
          "tep_chi2": 21.327245053684457
        }
      },
      "name": "covariance_gls_slope_matches_projected_contrast",
      "ok": true
    },
    {
      "details": {
        "got": {
          "anchor_nmb": {
            "LMC": 2,
            "M31": 11,
            "MW": 7,
            "NGC 4258": 65
          },
          "anchor_screening": {
            "LMC": 0.8733960595416025,
            "M31": 0.4714380741611139,
            "MW": 0.6053983587536133,
            "NGC 4258": 0.09568098445277634
          },
          "bootstrap_h0_ci_lower": 63.157037414071326,
          "bootstrap_h0_ci_upper": 69.4111970974629,
          "bootstrap_h0_mean": 66.22115687113987,
          "bootstrap_h0_median": 66.22722980471644,
          "bootstrap_h0_robust_std": 1.6476062370561309,
          "bootstrap_h0_std": 1.614629951375398,
          "bootstrap_kappa_ci_lower": 915998.53515625,
          "bootstrap_kappa_ci_upper": 4223979.4921875,
          "bootstrap_kappa_mean": 1862420.3125,
          "bootstrap_kappa_median": 1669189.453125,
          "bootstrap_kappa_n_negative": 0,
          "bootstrap_kappa_robust_std": 619064.453125,
          "bootstrap_kappa_skewness": 1.9077486809781163,
          "bootstrap_kappa_std": 802001.1564526104,
          "bootstrap_n_converged": 1000,
          "bootstrap_n_failed": 0,
          "bootstrap_residual_slope_mean": 1.5822162034289357e-06,
          "delta_h0_screened": 3.16719612211282,
          "h0_screened_sem": 1.3901876020320028,
          "h0_sem": 1.4594239325968725,
          "is_consistent": true,
          "n_hosts": 36,
          "optimal_kappa_cep": 1611136.6271972656,
          "optimal_kappa_cep_screened": 1648976.1352539062,
          "planck_h0": 67.4,