{
  "checks": [
    {
      "details": {
        "duplicates": []
      },
      "name": "no_duplicate_hosts_in_stratified_h0",
      "ok": true
    },
    {
      "details": {
        "anchors_present": []
      },
      "name": "anchors_excluded_from_stratified_h0",
      "ok": true
    },
    {
      "details": {
        "expected": {
          "delta_h0": 4.628158226115971,
          "high_mean_h0": 72.45240454231646,
          "high_n": 14,
          "low_mean_h0": 67.82424631620049,
          "low_n": 15,
          "median_sigma": 89.53951311106145,
          "n": 29,
          "pearson_p": 0.0116001769116666,
          "pearson_r": 0.4621612433960245,
          "spearman_p": 0.0045836144004947985,
          "spearman_rho": 0.5113300492610836
        },
        "got": {
          "correlation_r": 0.4621612433960245,
          "difference": 4.628158226115971,
          "difference_cov_err": 0.9405629326109087,
          "h0_covariance_saved": true,
          "h0_mean_cov_err": 0.8472139507882559,
          "high_density": {
            "cov_err": 1.0384588218678676,
            "mean_h0": 72.45240454231646,
            "n": 14,
            "std_err": 2.319130087431726
          },
          "low_density": {
            "cov_err": 0.8990353137055453,
            "mean_h0": 67.82424631620049,
            "n": 15,
            "std_err": 1.6164433035410595
          },
          "median_sigma": 89.53951311106145,
          "sh0es_density_max": 1.7590781179647055,
          "sh0es_density_mean": 0.11322882398572941,
          "sh0es_density_min": 7.84435555279967e-05
        }
      },
      "name": "stratification_results_matches_recomputed",
      "ok": true
    },
    {
      "details": {
        "expected": {
          "n": 29,
          "pearson_r": 0.4621612433960245,
          "spearman_rho": 0.5113300492610836
        },
        "got": {
          "avg_offdiag_corr": 0.10303131702948858,
          "bayesian_comparison": {
            "bayes_factor": 2.5537323460051626e+20,
            "delta_bic": 93.97851562807523,
            "delta_chi2": 97.34581145806169,
            "evidence_strength": "very strong",
            "gls_crosscheck": {
              "delta_bic": -3.2820253515003515,
              "null_bic": 578.4962709476426,
              "null_chi2": 575.1289751176562,
              "tep_bic": 581.778296299143,
              "tep_chi2": 575.0437046391701
            },
            "kappa_wls_implied": 1525704.2775596895,
            "ln_bayes_factor": 46.989257814037614,
            "n": 29,
            "null_bic": 544.1580379583424,
            "null_chi2": 540.790742128356,
            "projected": {
              "bayes_factor": 1.3116661202390977e+19,
              "beta_proj": 0.0,
              "delta_bic": 88.04082988699554,
              "delta_bic_matched": 88.00573856718427,
              "delta_chi2": 91.37303439717073,
              "evidence_strength": "very strong",
              "ln_bayes_factor": 44.02041494349777,
              "n_eff": 28,
              "null_bic_matched": 578.4962709476422,
              "null_chi2": 575.1289751176557,
              "tep_bic_matched": 490.4905323804579,
              "tep_chi2": 483.755940720485
            },
            "sigma_ref": 75.25,
            "tep_bic": 450.1795223302672,
            "tep_chi2": 443.4449306702943,
            "wls_beta_x": 45631245.4934433,
            "wls_mu_tep": 64.94508277800821
          },
          "gls_slope_p": 1.2508216684636864e-11,
          "gls_slope_per_kms": 0.11891153324294479,
          "gls_slope_se": 0.010643601712829302,
          "gls_slope_t": 11.172114144370356,
          "n": 29,
          "n_eff_equicorr": 7.464844039972716,
          "n_sims": 20000,
          "pearson_p_cov": 0.02655,
          "pearson_r": 0.4621612433960245,
          "provenance_eiv": {
            "beta": [
              64.39558818520992,
              52594701.15122178,
              0.0,
              0.7279964766009849
            ],
            "beta1_p": 1.016204187465064e-08,
            "beta1_t": 8.371851788308199,
            "beta_se": [
              0.6161978528678632,
              6282325.879762168,
              0.0,
              0.8411604990435366
            ],
            "gamma_HI": 0.0,
            "gamma_HI_se": 0.0,
            "gamma_rotation": 0.7279964766009849,
            "gamma_rotation_se": 0.8411604990435366,
            "mean_x_err_hi": null,
            "mean_x_err_rot": 7.270541521873434e-09,
            "mean_x_err_stellar": 2.6622473034460848e-08,
            "n_hi": 0,
            "n_rot": 12,
            "n_stellar": 17
          },
          "spearman_p_cov": 0.008,
          "spearman_rho": 0.5113300492610836
        }
      },
      "name": "covariance_robustness_matches_recomputed",
      "ok": true
    },
    {
      "details": {
        "got": {
          "bootstrap_h0_ci_lower": 65.06646525996793,
          "bootstrap_h0_ci_upper": 70.9257235792396,
          "bootstrap_h0_mean": 68.1361590725598,
          "bootstrap_h0_median": 68.13166719562426,
          "bootstrap_h0_robust_std": 1.4771193339310997,
          "bootstrap_h0_std": 1.491564681860745,
          "bootstrap_kappa_ci_lower": 631960.44921875,
          "bootstrap_kappa_ci_upper": 2408137.20703125,
          "bootstrap_kappa_mean": 1157600.1953125,
          "bootstrap_kappa_median": 1071728.515625,
          "bootstrap_kappa_n_negative": 1,
          "bootstrap_kappa_robust_std": 313849.609375,
          "bootstrap_kappa_skewness": 1.924716163928255,
          "bootstrap_kappa_std": 427260.1288735341,
          "bootstrap_n_converged": 1000,
          "bootstrap_n_failed": 0,
          "bootstrap_residual_slope_mean": 1.7836365723046823e-06,
          "delta_h0_screened": 0.7070794028314396,
          "h0_screened_sem": 1.2875127102066435,
          "h0_sem": 1.296510859163623,
          "is_consistent": true,
          "n_hosts": 29,
          "optimal_kappa_cep": 1049548.33984375,
          "optimal_kappa_cep_screened": 1058724.9755859375,
          "planck_h0": 67.4,
          "sigma_ref": 75.25,
          "sigma_ref_screened": 60.57454085669986,
          "slope_audit": {
            "correction_delta_slope_value": -0.08511789150303709,
            "correction_slope_H0_sigma_negative": true,
            "distance_modulus_correction_high_sigma_positive": true,
            "dmu_high_sigma_mean": 0.09845959358572046,
            "raw_slope_H0_sigma_positive": true,
            "raw_slope_value": 0.08511786648710849
          },
          "tension_sigma": 0.48906701616272447,
          "tension_statistical": 0.5536699315596317,
          "unified_h0": 68.1693702237083,
          "unified_h0_screened": 67.46229082087686
        },
        "recomputed_tension_bootstrap": 0.48906701616272447,
        "recomputed_tension_sem": 0.5536699315596317
      },
      "name": "tep_correction_internal_consistency",
      "ok": true
    },
    {
      "details": {
        "counts": {
          "n_hosts": 41,
          "n_missing_sigma": 0,
          "n_with_sigma": 41
        },
        "inputs": {}
      },
      "name": "sigma_regeneration_has_full_coverage",
      "ok": true
    },
    {
      "details": {
        "duplicates": [],
        "expected_n": 29,
        "n": 29
      },
      "name": "sigma_provenance_unique",
      "ok": true
    },
    {
      "details": {
        "path": "/Users/matthewsmawfield/www/Temporal Equivalence Principle/TEP-H0/data/raw/external/velocity_dispersions_literature_regenerated.csv"
      },
      "name": "regenerated_sigma_catalog_present",
      "ok": true
    },
    {
      "details": {
        "path": "/Users/matthewsmawfield/www/Temporal Equivalence Principle/TEP-H0/data/raw/external/velocity_dispersions_literature.csv"
      },
      "name": "legacy_sigma_catalog_present",
      "ok": true
    },
    {
      "details": {
        "expected": {
          "n": 29,
          "pearson_r": 0.4621612433960245,