{
  "checks": [
    {
      "details": {
        "duplicates": []
      },
      "name": "no_duplicate_hosts_in_stratified_h0",
      "ok": true
    },
    {
      "details": {
        "anchors_present": []
      },
      "name": "anchors_excluded_from_stratified_h0",
      "ok": true
    },
    {
      "details": {
        "expected": {
          "delta_h0": 2.3513379131330936,
          "high_mean_h0": 71.27473886318738,
          "high_n": 14,
          "low_mean_h0": 68.92340095005429,
          "low_n": 15,
          "median_sigma": 84.63771282593834,
          "n": 29,
          "pearson_p": 0.08073226088132208,
          "pearson_r": 0.3296732828583555,
          "spearman_p": 0.15358578193911646,
          "spearman_rho": 0.27192118226600975
        },
        "got": {
          "correlation_r": 0.3296732828583555,
          "difference": 2.3513379131330936,
          "difference_cov_err": 0.934538680834898,
          "h0_covariance_saved": true,
          "h0_mean_cov_err": 0.8472139507882559,
          "high_density": {
            "cov_err": 0.9916753045290531,
            "mean_h0": 71.27473886318738,
            "n": 14,
            "std_err": 2.316961490006155
          },
          "low_density": {
            "cov_err": 0.9441696037677171,
            "mean_h0": 68.92340095005429,
            "n": 15,
            "std_err": 1.7803285647247367
          },
          "median_sigma": 84.63771282593834,
          "sh0es_density_max": 1.7590781179647055,
          "sh0es_density_mean": 0.17903632916720133,
          "sh0es_density_min": 7.84435555279967e-05
        }
      },
      "name": "stratification_results_matches_recomputed",
      "ok": true
    },
    {
      "details": {
        "expected": {
          "n": 29,
          "pearson_r": 0.3296732828583555,
          "spearman_rho": 0.27192118226600975
        },
        "got": {
          "avg_offdiag_corr": 0.10303131702948858,
          "bayesian_comparison": {
            "bayes_factor": 7.71075980460963e+20,
            "delta_bic": 96.18863718107923,
            "delta_chi2": 99.55593301106569,
            "evidence_strength": "very strong",
            "gls_crosscheck": {
              "delta_bic": -3.238779822371157,
              "null_bic": 578.4962709476426,
              "null_chi2": 575.1289751176562,
              "tep_bic": 581.7350507700138,
              "tep_chi2": 575.0004591100409
            },
            "kappa_wls_implied": 1229824.7467646797,
            "ln_bayes_factor": 48.094318590539615,
            "n": 29,
            "null_bic": 544.1580379583424,
            "null_chi2": 540.790742128356,
            "projected": {
              "bayes_factor": 1.0174400027086803e+19,
              "beta_proj": 0.0,
              "delta_bic": 87.53281287617216,
              "delta_bic_matched": 87.49772155636089,
              "delta_chi2": 90.86501738634735,
              "evidence_strength": "very strong",
              "ln_bayes_factor": 43.76640643808608,
              "n_eff": 28,
              "null_bic_matched": 578.4962709476422,
              "null_chi2": 575.1289751176557,
              "tep_bic_matched": 490.9985493912813,
              "tep_chi2": 484.2639577313084
            },
            "sigma_ref": 75.25,
            "tep_bic": 447.9694007772632,
            "tep_chi2": 441.2348091172903,
            "wls_beta_x": 37100050.008437976,
            "wls_mu_tep": 65.5066790588916
          },
          "gls_slope_p": 1.967292995175285e-11,
          "gls_slope_per_kms": 0.08775678361628109,
          "gls_slope_se": 0.008016252790467127,
          "gls_slope_t": 10.947357313961064,
          "n": 29,
          "n_eff_equicorr": 7.464844039972716,
          "n_sims": 20000,
          "pearson_p_cov": 0.12195,
          "pearson_r": 0.3296732828583555,
          "spearman_p_cov": 0.1702,
          "spearman_rho": 0.27192118226600975
        }
      },
      "name": "covariance_robustness_matches_recomputed",
      "ok": true
    },
    {
      "details": {
        "got": {
          "bootstrap_h0_ci_lower": 65.55779123831856,
          "bootstrap_h0_ci_upper": 71.95338360001197,
          "bootstrap_h0_mean": 68.90479205059059,
          "bootstrap_h0_median": 68.89390387658986,
          "bootstrap_h0_robust_std": 1.5696710557496871,
          "bootstrap_h0_std": 1.6207108953555414,
          "bootstrap_kappa_ci_lower": -30314.941406249985,
          "bootstrap_kappa_ci_upper": 1310920.4101562493,
          "bootstrap_kappa_mean": 622000.1953125,
          "bootstrap_kappa_median": 602099.609375,
          "bootstrap_kappa_n_negative": 28,
          "bootstrap_kappa_robust_std": 277882.81249999994,
          "bootstrap_kappa_skewness": 0.019252795305797158,
          "bootstrap_kappa_std": 336676.646768122,
          "bootstrap_n_converged": 1000,
          "bootstrap_n_failed": 0,
          "bootstrap_residual_slope_mean": 1.9031907180660337e-06,
          "delta_h0_screened": 0.32798467892374106,
          "h0_screened_sem": 1.3658415596490192,
          "h0_sem": 1.356903280285381,
          "is_consistent": true,
          "n_hosts": 29,
          "optimal_kappa_cep": 613986.2060546875,
          "optimal_kappa_cep_screened": 612373.3520507812,
          "planck_h0": 67.4,
          "sigma_ref": 75.25,
          "sigma_ref_screened": 85.47602002901165,
          "slope_audit": {
            "correction_delta_slope_value": -0.05187080760984198,
            "correction_slope_H0_sigma_negative": true,
            "distance_modulus_correction_high_sigma_positive": true,
            "dmu_high_sigma_mean": 0.07572935242421303,
            "raw_slope_H0_sigma_positive": true,
            "raw_slope_value": 0.051870814790717895
          },
          "tension_sigma": 0.8823955772061446,
          "tension_statistical": 1.0349384260516978,
          "unified_h0": 68.89661776706522,
          "unified_h0_screened": 69.22460244598896
        },
        "recomputed_tension_bootstrap": 0.8823955772061446,
        "recomputed_tension_sem": 1.0349384260516978
      },
      "name": "tep_correction_internal_consistency",
      "ok": true
    },
    {
      "details": {},
      "name": "sigma_regeneration_report_exists",
      "ok": false
    },
    {
      "details": {
        "duplicates": [],
        "expected_n": 29,
        "n": 29
      },
      "name": "sigma_provenance_unique",
      "ok": true
    },
    {
      "details": {
        "path": "/Users/matthewsmawfield/www/Temporal Equivalence Principle/TEP-H0/data/raw/external/velocity_dispersions_literature_regenerated.csv"
      },
      "name": "regenerated_sigma_catalog_present",
      "ok": true
    },
    {
      "details": {
        "path": "/Users/matthewsmawfield/www/Temporal Equivalence Principle/TEP-H0/data/raw/external/velocity_dispersions_literature.csv"
      },
      "name": "legacy_sigma_catalog_present",
      "ok": true
    },
    {
      "details": {
        "expected": {
          "n": 29,
          "pearson_r": 0.3296732828583555,
          "spearman_rho": 0.27192118226600975
        },
        "got": {
          "full_sample": {
            "pearson_p": 0.08073226088132208,
            "pearson_r": 0.3296732828583555,
            "spearman_p": 0.15358578193911646,
            "spearman_rho": 0.27192118226600975
          },
          "hi_hosts": [
            "NGC 105",
            "NGC 2442",
            "NGC 2525",
            "NGC 2608",
            "NGC 3447",
            "NGC 4038",
            "NGC 4680",
            "NGC 5468",
            "NGC 5861",
            "NGC 5917",
            "NGC 7250",
            "NGC 7329"
          ],
          "n_hi": 12,
          "n_stellar": 17,
          "n_total": 29,