{
  "checks": [
    {
      "details": {
        "duplicates": []
      },
      "name": "no_duplicate_hosts_in_stratified_h0",
      "ok": true
    },
    {
      "details": {
        "anchors_present": []
      },
      "name": "anchors_excluded_from_stratified_h0",
      "ok": true
    },
    {
      "details": {
        "expected": {
          "delta_h0": 7.860052734143736,
          "high_mean_h0": 74.12407411543427,
          "high_n": 14,
          "low_mean_h0": 66.26402138129053,
          "low_n": 15,
          "median_sigma": 96.40480287112231,
          "n": 29,
          "pearson_p": 0.010855420330146038,
          "pearson_r": 0.4659178889421861,
          "spearman_p": 0.004061456506390692,
          "spearman_rho": 0.5172413793103448
        },
        "got": {
          "correlation_r": 0.4659178889421861,
          "difference": 7.860052734143736,
          "difference_cov_err": 0.9500121773014382,
          "h0_covariance_saved": true,
          "h0_mean_cov_err": 0.8472139507882559,
          "high_density": {
            "cov_err": 1.0693352823050717,
            "mean_h0": 74.12407411543427,
            "n": 14,
            "std_err": 1.3008872175379496
          },
          "low_density": {
            "cov_err": 0.8695667120918744,
            "mean_h0": 66.26402138129053,
            "n": 15,
            "std_err": 2.101363216966635
          },
          "median_sigma": 96.40480287112231,
          "sh0es_density_max": 1.7590781179647055,
          "sh0es_density_mean": 0.17903632916720133,
          "sh0es_density_min": 7.84435555279967e-05
        }
      },
      "name": "stratification_results_matches_recomputed",
      "ok": true
    },
    {
      "details": {
        "expected": {
          "n": 29,
          "pearson_r": 0.4659178889421861,
          "spearman_rho": 0.5172413793103448
        },
        "got": {
          "avg_offdiag_corr": 0.10303131702948858,
          "bayesian_comparison": {
            "bayes_factor": 6.768418966739918e+28,
            "delta_bic": 132.76930025658072,
            "delta_chi2": 136.13659608656718,
            "evidence_strength": "very strong",
            "gls_crosscheck": {
              "delta_bic": -3.226131606299532,
              "null_bic": 578.4962709476426,
              "null_chi2": 575.1289751176562,
              "tep_bic": 581.7224025539422,
              "tep_chi2": 574.9878108939693
            },
            "kappa_wls_implied": 1668680.711734776,
            "ln_bayes_factor": 66.38465012829036,
            "n": 29,
            "null_bic": 544.1580379583424,
            "null_chi2": 540.790742128356,
            "projected": {
              "bayes_factor": 5.961361753180816e+27,
              "beta_proj": 0.0,
              "delta_bic": 127.91019289579151,
              "delta_bic_matched": 127.87510157598024,
              "delta_chi2": 131.2423974059667,
              "evidence_strength": "very strong",
              "ln_bayes_factor": 63.955096447895755,
              "n_eff": 28,
              "null_bic_matched": 578.4962709476422,
              "null_chi2": 575.1289751176557,
              "tep_bic_matched": 450.62116937166195,
              "tep_chi2": 443.88657771168903
            },
            "sigma_ref": 75.25,
            "tep_bic": 411.3887377017617,
            "tep_chi2": 404.6541460417888,
            "wls_beta_x": 49894950.85362489,
            "wls_mu_tep": 64.92884372120486
          },
          "gls_slope_p": 7.329692408575283e-13,
          "gls_slope_per_kms": 0.12725571208222897,
          "gls_slope_se": 0.010058344681242627,
          "gls_slope_t": 12.651754947267085,
          "n": 29,
          "n_eff_equicorr": 7.464844039972716,
          "n_sims": 20000,
          "pearson_p_cov": 0.02315,
          "pearson_r": 0.4659178889421861,
          "provenance_eiv": {
            "beta": [
              61.318114446306105,
              78884974.90337063,
              5.551959052681923,
              0.0
            ],
            "beta1_p": 2.2892576723165803e-10,
            "beta1_t": 10.167807912945674,
            "beta_se": [
              0.7145343005724771,
              7758306.960434817,
              0.9567992625731903,
              0.0
            ],
            "gamma_HI": 5.551959052681923,
            "gamma_HI_se": 0.9567992625731903,
            "gamma_rotation": 0.0,
            "gamma_rotation_se": 0.0,
            "mean_x_err_hi": 2.0731315110010134e-08,
            "mean_x_err_rot": null,
            "mean_x_err_stellar": 4.4455487815163574e-08,
            "n_hi": 13,
            "n_rot": 0,
            "n_stellar": 16
          },
          "spearman_p_cov": 0.0045,
          "spearman_rho": 0.5172413793103448
        }
      },
      "name": "covariance_robustness_matches_recomputed",
      "ok": true
    },
    {
      "details": {
        "got": {
          "bootstrap_h0_ci_lower": 65.06224936018195,
          "bootstrap_h0_ci_upper": 70.87436534580853,
          "bootstrap_h0_mean": 68.060424535311,
          "bootstrap_h0_median": 68.0438356361133,
          "bootstrap_h0_robust_std": 1.4662502811842444,
          "bootstrap_h0_std": 1.4858318656526661,
          "bootstrap_kappa_ci_lower": 600676.26953125,
          "bootstrap_kappa_ci_upper": 2879611.8164062495,
          "bootstrap_kappa_mean": 1163178.41796875,
          "bootstrap_kappa_median": 1019189.453125,
          "bootstrap_kappa_n_negative": 0,
          "bootstrap_kappa_robust_std": 357382.8125,
          "bootstrap_kappa_skewness": 2.4695935530111086,
          "bootstrap_kappa_std": 560032.5489648851,
          "bootstrap_n_converged": 1000,
          "bootstrap_n_failed": 0,
          "bootstrap_residual_slope_mean": 1.8689667195284316e-06,
          "delta_h0_screened": 0.5264442098465167,
          "h0_screened_sem": 1.2969409247878707,
          "h0_sem": 1.2834329272507825,
          "is_consistent": true,
          "n_hosts": 29,
          "optimal_kappa_cep": 991381.0729980469,
          "optimal_kappa_cep_screened": 987178.8024902344,
          "planck_h0": 67.4,
          "sigma_ref": 75.25,
          "sigma_ref_screened": 85.47602002901165,
          "slope_audit": {
            "correction_delta_slope_value": -0.08511851145536725,
            "correction_slope_H0_sigma_negative": true,
            "distance_modulus_correction_high_sigma_positive": true,
            "dmu_high_sigma_mean": 0.08827322817544211,
            "raw_slope_H0_sigma_positive": true,
            "raw_slope_value": 0.08511851500604478
          },
          "tension_sigma": 0.4670652755556426,
          "tension_statistical": 0.531600185924667,
          "unified_h0": 68.13222017543657,
          "unified_h0_screened": 68.65866438528309
        },
        "recomputed_tension_bootstrap": 0.4670652755556426,
        "recomputed_tension_sem": 0.531600185924667
      },
      "name": "tep_correction_internal_consistency",
      "ok": true
    },
    {
      "details": {
        "counts": {
          "n_hosts": 43,
          "n_missing_sigma": 0,
          "n_with_sigma": 43
        },
        "inputs": {}
      },
      "name": "sigma_regeneration_has_full_coverage",
      "ok": true
    },
    {
      "details": {
        "duplicates": [],
        "expected_n": 29,
        "n": 29
      },
      "name": "sigma_provenance_unique",
      "ok": true
    },
    {
      "details": {
        "path": "/Users/matthewsmawfield/www/Temporal Equivalence Principle/TEP-H0/data/raw/external/velocity_dispersions_literature.csv"
      },
      "name": "master_sigma_catalog_present",
      "ok": true
    },
    {
      "details": {
        "expected": {
          "n": 29,
          "pearson_r": 0.4659178889421861,
          "spearman_rho": 0.5172413793103448
        },
        "got": {
          "full_sample": {
            "pearson_p": 0.010855420330146038,
            "pearson_r": 0.4659178889421861,
            "spearman_p": 0.004061456506390692,