{
    "module": "stellar_validation_core",
    "description": "Numerical closure test: MESA/RSP matter-frame period + TEP scalar-boundary transport recovers headline kappa_Cep.",
    "parameters": {
        "KAPPA_CEP": 1621758.2702636719,
        "KAPPA_CEP_ERR": 889992.842193259,
        "B_PL": -3.26,
        "SIGMA_REF_SCREENED_SQ": 930.7002978130233,
        "ALPHA_CLOCK": 1145471.2937266687,
        "P_mesa_days": 5.5
    },
    "closure_test": {
        "kappa_hat": 1621758.2702636716,
        "rms_residual_mag": 3.3962362650452656e-17,
        "max_abs_diff_mag": 1.1102230246251565e-16,
        "expected_kappa_Cep": 1621758.2702636719,
        "relative_error": 1.435667990248726e-16,
        "passed": true
    },
    "grid_checksum": null
}