fit,description,r_h0_sigma,p_r,rho_h0_sigma,p_rho,dH0_median_split,n_hosts
full_baseline,Full baseline (mu_i + all corrections),0.46591796818527514,0.01085540505329967,0.5172413793103448,0.004061456506390692,7.860053695014514,29
no_period,Remove period correction,0.4022500323677149,0.030524620764765188,0.3975369458128078,0.03271737063024196,12.268144192826341,29
no_Z,Remove metallicity correction,0.507192780736515,0.004982246723862084,0.5571428571428569,0.00169245617798347,8.609327662413364,29
no_PZ,Remove period + metallicity,0.42849507355043304,0.02038667380465167,0.4344827586206896,0.018513698421556812,13.07168133202191,29
