model,parameter,kappa_injected,kappa_recovered,kappa_err,recovery_fraction,significance
cepheid_offset,kappa0_6,970000.0,971210.9459060376,210262.0380227699,1.0012483978412758,4.619050376563278
sn_offset,kappaSN_6,970000.0,971479.6221244048,241974.82541979966,1.001525383633407,4.014796251796007
cepheid_plus_sn,kappaCep_6,970000.0,968161.8405378511,415416.0225656653,0.9981049902452073,2.3305837713200206
cepheid_plus_sn,kappaSN_6,970000.0,966618.2551063071,478071.17481677316,0.9965136650580485,2.021912857383162
