{
  "n_cepheids": 1917,
  "rho_half": 0.5,
  "n_steep": 2.0,
  "model_A_null": {
    "a": 21.63729675136539,
    "b": -1.5178651328455552,
    "chi2": 4050.8524923056075,
    "k": 2,
    "aic": 4054.8524923056075,
    "bic": 4065.9695257916987
  },
  "model_B_step": {
    "a_outer": 21.62799562350371,
    "b": -1.529177933997164,
    "delta_a": 0.31234009485054326,
    "chi2": 4037.1311112789112,
    "k": 3,
    "aic": 4043.1311112789112,
    "bic": 4059.8066615080484
  },
  "model_C_continuous": {
    "a_active": 21.632271703198054,
    "b": -1.5190643399876653,
    "delta_a": 0.27580560359697326,
    "chi2": 4049.877320163916,
    "k": 3,
    "aic": 4055.877320163916,
    "bic": 4072.552870393053
  },
  "model_comparison": {
    "delta_aic": [
      11.721381026696235,
      0.0,
      12.746208885004762
    ],
    "aic_weights": [
      0.002836352755073014,
      0.9954645364430454,
      0.0016991108018814703
    ],
    "preferred_model": "TBD"
  }
}