{
  "raw": {
    "pearson_r": 0.46591788894213326,
    "pearson_p": 0.010855420330156207,
    "spearman_rho": 0.5172413793103448,
    "spearman_p": 0.004061456506390692,
    "scatter": 7.6173084269038
  },
  "corrected": {
    "pearson_r": -0.00593940183569203,
    "pearson_p": 0.975606141898783,
    "spearman_rho": 0.10098522167487682,
    "spearman_p": 0.6022020102530081,
    "scatter": 6.9420593304136125,
    "residual_r": -0.005939401835691988,
    "residual_p": 0.975606141898783
  },
  "interpretation": "If TEP is real, the corrected H0 should show no residual correlation with sigma (|r| < 0.2). The scatter should also decrease. If |r_corr| > |r_raw|, the correction overfit."
}