{
    "optimal_kappa_cep": 1272451.0192871094,
    "sigma_ref": 87.16507328052906,
    "unified_h0": 68.83787861896722,
    "h0_sem": 1.3119258982092847,
    "bootstrap_h0_mean": 68.89918478983842,
    "bootstrap_h0_std": 1.4790147059547696,
    "bootstrap_h0_ci_lower": 65.87812302990373,
    "bootstrap_h0_ci_upper": 71.71952984500459,
    "bootstrap_kappa_mean": 1440407.71484375,
    "bootstrap_kappa_std": 737991.4971948254,
    "bootstrap_kappa_median": 1276562.5,
    "bootstrap_kappa_robust_std": 448900.390625,
    "bootstrap_kappa_ci_lower": 630290.52734375,
    "bootstrap_kappa_ci_upper": 3389233.398437499,
    "bootstrap_kappa_skewness": 3.1431112724245405,
    "bootstrap_kappa_n_negative": 0,
    "bootstrap_h0_median": 68.97473531251501,
    "bootstrap_h0_robust_std": 1.4282396881625274,
    "bootstrap_residual_slope_mean": 0.0017440288566485868,
    "bootstrap_n_converged": 1000,
    "bootstrap_n_failed": 0,
    "wls_kappa": 1414440.6924207672,
    "wls_kappa_err": 159498.18790314713,
    "wls_kappa_err_scaled": 589341.2284366533,
    "wls_chi2": 382.27876366667334,
    "wls_dof": 28,
    "planck_h0": 67.4,
    "tension_sigma": 0.9602498234600322,
    "tension_statistical": 1.0241473294991124,
    "is_consistent": true,
    "n_hosts": 29,
    "slope_audit": {
        "raw_slope_H0_sigma_positive": true,
        "correction_slope_H0_sigma_negative": true,
        "distance_modulus_correction_high_sigma_positive": true,
        "raw_slope_value": 0.08511851500603197,
        "correction_delta_slope_value": -0.08610739625507939,
        "dmu_high_sigma_mean": 0.0923659456832565
    },
    "screening_formula": "S_group(N_mb) = [1 + (N_mb / N_crit)^gamma]^{-1}",
    "screening_n_crit": 10.0,
    "screening_gamma": 1.2,
    "anchor_nmb": {
        "MW": 7,
        "LMC": 2,
        "M31": 11,
        "NGC 4258": 65
    },
    "anchor_screening": {
        "MW": 0.6053983587536133,
        "LMC": 0.8733960595416025,
        "M31": 0.4714380741611139,
        "NGC 4258": 0.09568098445277634
    },
    "sigma_ref_screened": 30.50738103825078,
    "optimal_kappa_cep_screened": 1350379.9438476562,
    "unified_h0_screened": 66.34074484768112,
    "h0_screened_sem": 1.2731906596265927,
    "delta_h0_screened": 2.4971337712861015
}