model,parameter,kappa_injected,kappa_recovered,kappa_err,recovery_fraction,significance
cepheid_offset,kappa0_6,970000.0,966130.6615244632,210262.0380227695,0.9960109912623332,4.594888695123558
sn_offset,kappaSN_6,970000.0,970923.5361641806,241974.8254197996,1.0009520991383305,4.012498136860872
cepheid_plus_sn,kappaCep_6,970000.0,970241.8048886765,415416.0225656584,1.0002492833903882,2.335590714331018
cepheid_plus_sn,kappaSN_6,970000.0,970639.3625462748,478071.1748167659,1.000659136645644,2.030323963619642
