model,kappa_Cep,kappa_err,kappa_significance,H0,H0_err,chi2,dof,chi2_reduced,delta_chi2_vs_baseline,notes
Baseline SH0ES,0.0,0.0,0,73.04342157542929,1.007156253817851,3552.706270469551,3444,1.031563957743772,0,Standard SH0ES
TEP Summary Likelihood (Stage 1),2750371.073096385,109848.63318825123,25.037826992193736,,,20927.510621042748,36,581.3197394734096,,Discarded: model broken
Variant A: Free kappa,-66654.760951057,210262.0380227695,0.31700806088371924,73.12247467084623,—,3552.6057763588933,3443,1.0318343817481537,—,kappa=-6.7e4+/-2.1e5 (0.3sigma; opposite sign)
Variant B: Prior kappa,157774.05356485778,186115.36388053637,—,72.85664065264467,1.0283992548479461,3553.7450695231296,3443,1.032165283044766,—,Prior dominates
Variant C: Fixed kappa,970000.0,0.0,—,71.9026181577856,0.9914263321948594,3576.9136267056415,3444,1.0385928068250991,24.207356236090618,Sensitivity test only
