{
    "median_sigma": 96.40480287112231,
    "low_density": {
        "n": 15,
        "mean_h0": 66.26402138129373,
        "std_err": 2.1013632169668233,
        "cov_err": 2.498219276618911
    },
    "high_density": {
        "n": 14,
        "mean_h0": 74.12407411543644,
        "std_err": 1.3008872175375852,
        "cov_err": 2.5095354030210992
    },
    "difference": 7.860052734142712,
    "correlation_r": 0.4659178889421334,
    "h0_mean_cov_err": 1.8402298949135711,
    "difference_cov_err": 3.3973175326052147,
    "h0_covariance_saved": true,
    "sh0es_density_mean": 0.17903632916721793,
    "sh0es_density_min": 7.844355552799971e-05,
    "sh0es_density_max": 1.759078117964844
}