model,description,n_params,rank,chi2,dof,chi2_reduced,H0,delta_chi2,kappa_0,kappa_0_err,kappa_0_sig,kappa_Z,kappa_Z_err,kappa_Z_sig
1_baseline,Full baseline (L theta),46,46,3552.706270469557,3444,1.0315639577437739,73.04342157542929,0.0,,,,,,
2_noZ_plus_TEP,"Remove Z_W, add TEP offset",46,46,3575.1813251351464,3444,1.0380898156606115,1.0669797540832695,-22.475054665589596,140780.8938733468,205679.60533969663,0.6844669584076442,,,
3_baseline_plus_TEP,Full baseline + TEP offset,47,47,3552.6057763588906,3443,1.031834381748153,73.12247467084623,0.1004941106662045,-66654.760951057,210262.0380227699,0.31700806088371863,,,
4_baseline_TEP_Zint,Full baseline + TEP + TEP×metallicity interaction,48,48,3552.4480078687643,3442,1.032088323029856,73.19289130416014,0.2582626007924773,-62170.63281501477,210564.89127106467,0.29525640499574635,305452.80187177914,769013.5259815692,0.39720081838859606
6_orthogonalized_TEP,Full baseline + orthogonalized TEP (X ⟂ Z_mean),47,47,3552.5939237978127,3443,1.0318309392384004,72.98786528479181,0.11234667174403512,-81555.77133907155,243318.1994543304,0.33518155042232733,,,
