model,kappa_Cep,kappa_err,kappa_significance,H0,H0_err,chi2,dof,chi2_reduced,delta_chi2_vs_baseline,notes
Baseline SH0ES,0.0,0.0,0,73.0434215754375,1.0071562538179564,3552.706270469558,3444,1.031563957743774,0,Standard SH0ES
TEP Summary Likelihood (Stage 1),2750371.0730964756,109848.63318825097,25.037826992194617,,,20927.51062104372,36,581.3197394734366,,Discarded: model broken
Variant A: Free kappa,-66654.76095201241,210262.03802276557,0.31700806088826905,73.1224746708568,—,3552.6057763588924,3443,1.0318343817481535,—,kappa=-6.7e4+/-2.1e5 (0.3sigma; opposite sign)
Variant B: Prior kappa,157774.05356363475,186115.36388053387,—,72.8566406526538,1.0283992548480665,3553.745069523117,3443,1.0321652830447623,—,Prior dominates
Variant C: Fixed kappa,970000.0,0.0,—,71.90261815779357,0.9914263321949617,3576.913626705653,3444,1.0385928068251025,-24.20735623609471,Sensitivity test only
