{
    "median_sigma": 89.66358706862846,
    "low_density": {
        "n": 18,
        "mean_h0": 62.53221121884884,
        "std_err": 2.021756286182302,
        "cov_err": 3.1952763558224184
    },
    "high_density": {
        "n": 18,
        "mean_h0": 72.64158656088135,
        "std_err": 1.918524273002335,
        "cov_err": 2.6151662498720816
    },
    "difference": 10.109375342032507,
    "correlation_r": 0.49979687900653164,
    "h0_mean_cov_err": 2.1179282526716765,
    "difference_cov_err": 4.0193644616078315,
    "h0_covariance_saved": true,
    "sh0es_density_mean": 0.16084058661657089,
    "sh0es_density_min": 7.844355552799971e-05,
    "sh0es_density_max": 1.759078117964844
}