{
    "median_sigma": 96.40480287112231,
    "low_density": {
        "n": 15,
        "mean_h0": 66.26402138129053,
        "std_err": 2.101363216966635,
        "cov_err": 0.8695667120918744
    },
    "high_density": {
        "n": 14,
        "mean_h0": 74.12407411543427,
        "std_err": 1.3008872175379496,
        "cov_err": 1.0693352823050717
    },
    "difference": 7.860052734143736,
    "correlation_r": 0.4659178889421861,
    "h0_mean_cov_err": 0.8472139507882559,
    "difference_cov_err": 0.9500121773014382,
    "h0_covariance_saved": true,
    "sh0es_density_mean": 0.17903632916720133,
    "sh0es_density_min": 7.84435555279967e-05,
    "sh0es_density_max": 1.7590781179647055
}