kappa,expected_slope,slope_ols,slope_odr,odr_ols_ratio
0.0,0.0,-0.03920107693406402,-0.06817637860475055,1.7391455525424164
500000.0,0.041051081559718074,0.003258648724427272,0.022014865972806327,6.755826673731327
1000000.0,0.08210216311943615,0.10004837501308228,0.12172139063565805,1.216625363677739
1500000.0,0.12315324467915421,0.1063530042011926,0.10261652335313522,0.9648671809873003
