{
    "optimal_kappa_cep": 1621758.2702636719,
    "sigma_ref": 75.25,
    "unified_h0": 65.22171712902463,
    "h0_sem": 1.4382560736081482,
    "bootstrap_h0_mean": 65.09241487030852,
    "bootstrap_h0_std": 1.699755276174819,
    "bootstrap_h0_ci_lower": 61.846053253319106,
    "bootstrap_h0_ci_upper": 68.67132992418443,
    "bootstrap_kappa_mean": 1877695.5078125,
    "bootstrap_kappa_std": 889992.842193259,
    "bootstrap_kappa_median": 1637060.546875,
    "bootstrap_kappa_robust_std": 632318.359375,
    "bootstrap_kappa_ci_lower": 946354.98046875,
    "bootstrap_kappa_ci_upper": 4521899.4140625,
    "bootstrap_kappa_skewness": 2.239536172407191,
    "bootstrap_kappa_n_negative": 0,
    "bootstrap_h0_median": 65.06627364741111,
    "bootstrap_h0_robust_std": 1.6312841973219676,
    "bootstrap_residual_slope_mean": 1.5827336642049352e-06,
    "bootstrap_n_converged": 1000,
    "bootstrap_n_failed": 0,
    "planck_h0": 67.4,
    "tension_sigma": 1.2294390327380373,
    "tension_statistical": 1.4305504680576153,
    "is_consistent": true,
    "n_hosts": 36,
    "slope_audit": {
        "raw_slope_H0_sigma_positive": true,
        "correction_slope_H0_sigma_negative": true,
        "distance_modulus_correction_high_sigma_positive": true,
        "raw_slope_value": 0.11927979259557504,
        "correction_delta_slope_value": -0.11927977591957459,
        "dmu_high_sigma_mean": 0.12087595697845918
    },
    "screening_formula": "S_group(N_mb) = [1 + (N_mb / N_crit)^gamma]^{-1}",
    "screening_n_crit": 10.0,
    "screening_gamma": 1.2,
    "anchor_nmb": {
        "MW": 7,
        "LMC": 2,
        "M31": 11,
        "NGC 4258": 65
    },
    "anchor_screening": {
        "MW": 0.6053983587536133,
        "LMC": 0.8733960595416025,
        "M31": 0.4714380741611139,
        "NGC 4258": 0.09568098445277634
    },
    "sigma_ref_screened": 30.50738103825078,
    "optimal_kappa_cep_screened": 1648976.1352539062,
    "unified_h0_screened": 62.97526127205045,
    "h0_screened_sem": 1.3901876020320028,
    "delta_h0_screened": 2.2464558569741726
}