{
    "optimal_alpha": 1049548.33984375,
    "sigma_ref": 75.25,
    "unified_h0": 68.1693702237083,
    "h0_sem": 1.296510859163623,
    "bootstrap_h0_mean": 68.13616161313495,
    "bootstrap_h0_std": 1.491567922427454,
    "bootstrap_alpha_mean": 1157598.8464355469,
    "bootstrap_alpha_std": 427261.06581288605,
    "planck_h0": 67.4,
    "tension_sigma": 0.4890660609576291,
    "is_consistent": true,
    "n_hosts": 29
}