{
    "optimal_kappa_cep": 1256703.9489746094,
    "sigma_ref": 87.16507328052906,
    "unified_h0": 68.85163741601664,
    "h0_sem": 1.3112864788605973,
    "bootstrap_h0_mean": 68.92767916909966,
    "bootstrap_h0_std": 1.4491250293842688,
    "bootstrap_h0_ci_lower": 66.07919992968263,
    "bootstrap_h0_ci_upper": 71.87302744575744,
    "bootstrap_kappa_mean": 1472974.70703125,
    "bootstrap_kappa_std": 786603.3178377281,
    "bootstrap_kappa_median": 1267138.671875,
    "bootstrap_kappa_robust_std": 501400.3906249999,
    "bootstrap_kappa_ci_lower": 628759.765625,
    "bootstrap_kappa_ci_upper": 3778542.480468746,
    "bootstrap_kappa_skewness": 2.7789174188352854,
    "bootstrap_kappa_n_negative": 1,
    "bootstrap_h0_median": 68.95854207115724,
    "bootstrap_h0_robust_std": 1.4173534097780731,
    "bootstrap_residual_slope_mean": 1.4902083838242274e-06,
    "bootstrap_n_converged": 1000,
    "bootstrap_n_failed": 0,
    "wls_kappa": 1414440.6924207672,
    "wls_kappa_err": 159498.18790314713,
    "wls_kappa_err_scaled": 589341.2284366533,
    "wls_chi2": 382.27876366667334,
    "wls_dof": 28,
    "planck_h0": 67.4,
    "tension_sigma": 0.9965557795006353,
    "tension_statistical": 1.0343874028380549,
    "is_consistent": true,
    "n_hosts": 29,
    "slope_audit": {
        "raw_slope_H0_sigma_positive": true,
        "correction_slope_H0_sigma_negative": true,
        "distance_modulus_correction_high_sigma_positive": true,
        "raw_slope_value": 0.08511851500603197,
        "correction_delta_slope_value": -0.08511853658232016,
        "dmu_high_sigma_mean": 0.09122288161312068
    },
    "screening_formula": "S_group(N_mb) = [1 + (N_mb / N_crit)^gamma]^{-1}",
    "screening_n_crit": 10.0,
    "screening_gamma": 1.2,
    "anchor_nmb": {
        "MW": 7,
        "LMC": 2,
        "M31": 11,
        "NGC 4258": 65
    },
    "anchor_screening": {
        "MW": 0.6053983587536133,
        "LMC": 0.8733960595416025,
        "M31": 0.4714380741611139,
        "NGC 4258": 0.09568098445277634
    },
    "sigma_ref_screened": 30.50738103825078,
    "optimal_kappa_cep_screened": 1341705.322265625,
    "unified_h0_screened": 66.36327961845559,
    "h0_screened_sem": 1.2729442493251126,
    "delta_h0_screened": 2.4883577975610507
}