{
    "optimal_kappa_cep": 1049548.33984375,
    "sigma_ref": 75.25,
    "unified_h0": 68.1693702237083,
    "h0_sem": 1.296510859163623,
    "bootstrap_h0_mean": 68.1361590725598,
    "bootstrap_h0_std": 1.491564681860745,
    "bootstrap_h0_ci_lower": 65.06646525996793,
    "bootstrap_h0_ci_upper": 70.9257235792396,
    "bootstrap_kappa_mean": 1157600.1953125,
    "bootstrap_kappa_std": 427260.1288735341,
    "bootstrap_kappa_median": 1071728.515625,
    "bootstrap_kappa_robust_std": 313849.609375,
    "bootstrap_kappa_ci_lower": 631960.44921875,
    "bootstrap_kappa_ci_upper": 2408137.20703125,
    "bootstrap_kappa_skewness": 1.924716163928255,
    "bootstrap_kappa_n_negative": 1,
    "bootstrap_h0_median": 68.13166719562426,
    "bootstrap_h0_robust_std": 1.4771193339310997,
    "bootstrap_residual_slope_mean": 1.7836365723046823e-06,
    "bootstrap_n_converged": 1000,
    "bootstrap_n_failed": 0,
    "planck_h0": 67.4,
    "tension_sigma": 0.48906701616272447,
    "tension_statistical": 0.5536699315596317,
    "is_consistent": true,
    "n_hosts": 29
}