{
    "optimal_kappa_cep": 1611136.6271972656,
    "sigma_ref": 87.16507328052906,
    "unified_h0": 66.14245739416327,
    "h0_sem": 1.4594239325968725,
    "bootstrap_h0_mean": 66.22115687113987,
    "bootstrap_h0_std": 1.614629951375398,
    "bootstrap_h0_ci_lower": 63.157037414071326,
    "bootstrap_h0_ci_upper": 69.4111970974629,
    "bootstrap_kappa_mean": 1862420.3125,
    "bootstrap_kappa_std": 802001.1564526104,
    "bootstrap_kappa_median": 1669189.453125,
    "bootstrap_kappa_robust_std": 619064.453125,
    "bootstrap_kappa_ci_lower": 915998.53515625,
    "bootstrap_kappa_ci_upper": 4223979.4921875,
    "bootstrap_kappa_skewness": 1.9077486809781163,
    "bootstrap_kappa_n_negative": 0,
    "bootstrap_h0_median": 66.22722980471644,
    "bootstrap_h0_robust_std": 1.6476062370561309,
    "bootstrap_residual_slope_mean": 1.5822162034289357e-06,
    "bootstrap_n_converged": 1000,
    "bootstrap_n_failed": 0,
    "wls_kappa": 1814468.9508441053,
    "wls_kappa_err": 126003.25385299264,
    "wls_kappa_err_scaled": 610289.0979551914,
    "wls_chi2": 821.0616120267814,
    "wls_dof": 35,
    "planck_h0": 67.4,
    "tension_sigma": 0.6974267891857233,
    "tension_statistical": 0.8151578055582945,
    "is_consistent": true,
    "n_hosts": 36,
    "slope_audit": {
        "raw_slope_H0_sigma_positive": true,
        "correction_slope_H0_sigma_negative": true,
        "distance_modulus_correction_high_sigma_positive": true,
        "raw_slope_value": 0.11927979259557504,
        "correction_delta_slope_value": -0.1192797989128536,
        "dmu_high_sigma_mean": 0.13044636603220944
    },
    "screening_formula": "S_group(N_mb) = [1 + (N_mb / N_crit)^gamma]^{-1}",
    "screening_n_crit": 10.0,
    "screening_gamma": 1.2,
    "anchor_nmb": {
        "MW": 7,
        "LMC": 2,
        "M31": 11,
        "NGC 4258": 65
    },
    "anchor_screening": {
        "MW": 0.6053983587536133,
        "LMC": 0.8733960595416025,
        "M31": 0.4714380741611139,
        "NGC 4258": 0.09568098445277634
    },
    "sigma_ref_screened": 30.50738103825078,
    "optimal_kappa_cep_screened": 1648976.1352539062,
    "unified_h0_screened": 62.97526127205045,
    "h0_screened_sem": 1.3901876020320028,
    "delta_h0_screened": 3.16719612211282
}