{
    "optimal_kappa_cep": 1048680.1147460938,
    "sigma_ref": 87.16507328052906,
    "unified_h0": 68.75204211389524,
    "h0_sem": 1.299381136821983,
    "bootstrap_h0_mean": 68.80158431925973,
    "bootstrap_h0_std": 1.4593310040669851,
    "bootstrap_h0_ci_lower": 65.95116398526082,
    "bootstrap_h0_ci_upper": 71.74838846864783,
    "bootstrap_kappa_mean": 1208180.17578125,
    "bootstrap_kappa_std": 576316.5179752653,
    "bootstrap_kappa_median": 1071777.34375,
    "bootstrap_kappa_robust_std": 408068.359375,
    "bootstrap_kappa_ci_lower": 528510.7421875,
    "bootstrap_kappa_ci_upper": 2810527.34375,
    "bootstrap_kappa_skewness": 2.258322740954099,
    "bootstrap_kappa_n_negative": 1,
    "bootstrap_h0_median": 68.8084423792477,
    "bootstrap_h0_robust_std": 1.4162807447302015,
    "bootstrap_residual_slope_mean": 1.7401726943175314e-06,
    "bootstrap_n_converged": 1000,
    "bootstrap_n_failed": 0,
    "wls_kappa": 1195184.1704519,
    "wls_kappa_err": 130412.9558095778,
    "wls_kappa_err_scaled": 478489.93270803924,
    "wls_chi2": 376.9312669797681,
    "wls_dof": 28,
    "planck_h0": 67.4,
    "tension_sigma": 0.9085795609963736,
    "tension_statistical": 0.9711123764785418,
    "is_consistent": true,
    "n_hosts": 29,
    "slope_audit": {
        "raw_slope_H0_sigma_positive": true,
        "correction_slope_H0_sigma_negative": true,
        "distance_modulus_correction_high_sigma_positive": true,
        "raw_slope_value": 0.08511851500603197,
        "correction_delta_slope_value": -0.0851184971318716,
        "dmu_high_sigma_mean": 0.0931823550746245
    },
    "screening_formula": "S_group(N_mb) = [1 + (N_mb / N_crit)^gamma]^{-1}",
    "screening_n_crit": 10.0,
    "screening_gamma": 1.2,
    "anchor_nmb": {
        "MW": 7,
        "LMC": 2,
        "M31": 11,
        "NGC 4258": 65
    },
    "anchor_screening": {
        "MW": 0.6053983587536133,
        "LMC": 0.8733960595416025,
        "M31": 0.4714380741611139,
        "NGC 4258": 0.09568098445277634
    },
    "sigma_ref_screened": 30.50738103825078,
    "optimal_kappa_cep_screened": 1067207.3364257812,
    "unified_h0_screened": 66.61512495965245,
    "h0_screened_sem": 1.2469659163842655,
    "delta_h0_screened": 2.136917154242795
}