{
    "optimal_kappa_cep": 991381.0729980469,
    "sigma_ref": 75.25,
    "unified_h0": 68.13222017543657,
    "h0_sem": 1.2834329272507825,
    "bootstrap_h0_mean": 68.060424535311,
    "bootstrap_h0_std": 1.4858318656526661,
    "bootstrap_h0_ci_lower": 65.06224936018195,
    "bootstrap_h0_ci_upper": 70.87436534580853,
    "bootstrap_kappa_mean": 1163178.41796875,
    "bootstrap_kappa_std": 560032.5489648851,
    "bootstrap_kappa_median": 1019189.453125,
    "bootstrap_kappa_robust_std": 357382.8125,
    "bootstrap_kappa_ci_lower": 600676.26953125,
    "bootstrap_kappa_ci_upper": 2879611.8164062495,
    "bootstrap_kappa_skewness": 2.4695935530111086,
    "bootstrap_kappa_n_negative": 0,
    "bootstrap_h0_median": 68.0438356361133,
    "bootstrap_h0_robust_std": 1.4662502811842444,
    "bootstrap_residual_slope_mean": 1.8689667195284316e-06,
    "bootstrap_n_converged": 1000,
    "bootstrap_n_failed": 0,
    "planck_h0": 67.4,
    "tension_sigma": 0.4670652755556426,
    "tension_statistical": 0.531600185924667,
    "is_consistent": true,
    "n_hosts": 29,
    "slope_audit": {
        "raw_slope_H0_sigma_positive": true,
        "correction_slope_H0_sigma_negative": true,
        "distance_modulus_correction_high_sigma_positive": true,
        "raw_slope_value": 0.08511851500604478,
        "correction_delta_slope_value": -0.08511851145536725,
        "dmu_high_sigma_mean": 0.08827322817544211
    },
    "sigma_ref_screened": 85.47602002901165,
    "optimal_kappa_cep_screened": 987178.8024902344,
    "unified_h0_screened": 68.65866438528309,
    "h0_screened_sem": 1.2969409247878707,
    "delta_h0_screened": 0.5264442098465167
}