{
    "optimal_kappa_cep": 613986.2060546875,
    "sigma_ref": 75.25,
    "unified_h0": 68.89661776706522,
    "h0_sem": 1.356903280285381,
    "bootstrap_h0_mean": 68.90479205059059,
    "bootstrap_h0_std": 1.6207108953555414,
    "bootstrap_h0_ci_lower": 65.55779123831856,
    "bootstrap_h0_ci_upper": 71.95338360001197,
    "bootstrap_kappa_mean": 622000.1953125,
    "bootstrap_kappa_std": 336676.646768122,
    "bootstrap_kappa_median": 602099.609375,
    "bootstrap_kappa_robust_std": 277882.81249999994,
    "bootstrap_kappa_ci_lower": -30314.941406249985,
    "bootstrap_kappa_ci_upper": 1310920.4101562493,
    "bootstrap_kappa_skewness": 0.019252795305797158,
    "bootstrap_kappa_n_negative": 28,
    "bootstrap_h0_median": 68.89390387658986,
    "bootstrap_h0_robust_std": 1.5696710557496871,
    "bootstrap_residual_slope_mean": 1.9031907180660337e-06,
    "bootstrap_n_converged": 1000,
    "bootstrap_n_failed": 0,
    "planck_h0": 67.4,
    "tension_sigma": 0.8823955772061446,
    "tension_statistical": 1.0349384260516978,
    "is_consistent": true,
    "n_hosts": 29,
    "slope_audit": {
        "raw_slope_H0_sigma_positive": true,
        "correction_slope_H0_sigma_negative": true,
        "distance_modulus_correction_high_sigma_positive": true,
        "raw_slope_value": 0.051870814790717895,
        "correction_delta_slope_value": -0.05187080760984198,
        "dmu_high_sigma_mean": 0.07572935242421303
    },
    "sigma_ref_screened": 85.47602002901165,
    "optimal_kappa_cep_screened": 612373.3520507812,
    "unified_h0_screened": 69.22460244598896,
    "h0_screened_sem": 1.3658415596490192,
    "delta_h0_screened": 0.32798467892374106
}