{
  "n": 13,
  "pearson_r": 0.5128153820096039,
  "pearson_p": 0.07312524501909723,
  "spearman_rho": 0.5714285714285714,
  "spearman_p": 0.04134226737172355,
  "slope": 0.14726688488189235,
  "slope_err": 0.06708429884537095,
  "consistent_with_tep": true
}