{
  "n": 13,
  "pearson_r": 0.546554255147161,
  "pearson_p": 0.05327276776463166,
  "spearman_rho": 0.6373626373626374,
  "spearman_p": 0.019118113777463294,
  "slope": 0.14874204317959328,
  "slope_err": 0.06067922468858112,
  "consistent_with_tep": true
}