{
  "n": 18,
  "pearson_r": 0.4095328705118069,
  "pearson_p": 0.0914641641157923,
  "spearman_rho": 0.4674922600619195,
  "spearman_p": 0.05043751945104438,
  "slope": 32.381124522240626,
  "slope_err": 20.336536812667628,
  "h0_low_sigma": 61.591098992185884,
  "h0_high_sigma": 71.89972162287397,
  "delta_h0": 10.308622630688085,
  "median_sigma": 89.66358706862846,
  "comparison": {
    "cepheid_n": 29,
    "cepheid_spearman": 0.5172413793103448,
    "cepheid_p": 0.004061456506390692,
    "cepheid_delta_h0": 7.860052734142712,
    "trgb_n": 18,
    "trgb_spearman": 0.4674922600619195,
    "trgb_p": 0.05043751945104438,
    "trgb_delta_h0": 10.308622630688085
  },
  "interpretation": "supports_tep_two_effects",
  "data_source": "Freedman et al. (2024) arXiv:2408.06153"
}