{
  "n": 18,
  "pearson_r": 0.5279412391095591,
  "pearson_p": 0.024323963990137757,
  "spearman_rho": 0.6904024767801857,
  "spearman_p": 0.0015160249841227721,
  "slope": 72.47401086694639,
  "slope_err": 27.812320481840825,
  "h0_low_sigma": 58.4068422378112,
  "h0_high_sigma": 80.08690406894914,
  "delta_h0": 21.68006183113794,
  "median_sigma": 89.66358706862846,
  "comparison": {
    "cepheid_n": 29,
    "cepheid_spearman": 0.5172413793103448,
    "cepheid_p": 0.004061456506390692,
    "cepheid_delta_h0": 7.860052734143736,
    "trgb_n": 18,
    "trgb_spearman": 0.6904024767801857,
    "trgb_p": 0.0015160249841227721,
    "trgb_delta_h0": 21.68006183113794
  },
  "interpretation": "supports_tep_two_effects",
  "data_source": "Freedman et al. (2024) arXiv:2408.06153"
}