{
  "n": 18,
  "pearson_r": 0.0883361935830486,
  "pearson_p": 0.36371156876965316,
  "spearman_rho": 0.32094943240454077,
  "spearman_p": 0.09704111756307308,
  "slope": 0.05599127031075495,
  "slope_err": 0.14703005441434058,
  "consistent_with_tep": false
}