{
  "n": 13,
  "pearson_r": 0.4778369283388924,
  "pearson_p": 0.09863915132787775,
  "spearman_rho": 0.5824175824175823,
  "spearman_p": 0.03674133435865427,
  "slope": 0.1411113866655054,
  "slope_err": 0.07627419382998508,
  "consistent_with_tep": true
}