{
  "n": 13,
  "pearson_r": 0.6074874440849043,
  "pearson_p": 0.02765221076502573,
  "spearman_rho": 0.6923076923076923,
  "spearman_p": 0.008730317796749324,
  "slope": 0.1677217324535702,
  "slope_err": 0.0550909919563821,
  "consistent_with_tep": true
}