{
  "n": 13,
  "pearson_r": 0.477836928338353,
  "pearson_p": 0.04931957566415615,
  "spearman_rho": 0.5824175824175823,
  "spearman_p": 0.018370667179327137,
  "slope": 0.14111138666527287,
  "slope_err": 0.07627419382999487,
  "consistent_with_tep": true
}