{
  "n": 18,
  "pearson_r": 0.23423691068053634,
  "pearson_p": 0.3495075149365263,
  "spearman_rho": 0.41589267285861714,
  "spearman_p": 0.08605648033750418,
  "slope": 26.124108873941978,
  "slope_err": 19.922214613814255,
  "h0_low_sigma": 66.87289676213932,
  "h0_high_sigma": 71.62084954462101,
  "delta_h0": 4.74795278248169,
  "median_sigma": 73.62886098848787,
  "comparison": {
    "cepheid_n": 29,
    "cepheid_spearman": 0.27192118226600975,
    "cepheid_p": 0.15358578193911646,
    "cepheid_delta_h0": 2.3513379131330936,
    "trgb_n": 18,
    "trgb_spearman": 0.41589267285861714,
    "trgb_p": 0.08605648033750418,
    "trgb_delta_h0": 4.74795278248169
  },
  "interpretation": "inconclusive",
  "data_source": "Freedman et al. (2024) arXiv:2408.06153"
}