{
  "n": 18,
  "pearson_r": 0.3151034319957065,
  "pearson_p": 0.20279031592131702,
  "spearman_rho": 0.44685242518059853,
  "spearman_p": 0.06301029106386723,
  "slope": 33.78536361535378,
  "slope_err": 21.294386327880183,
  "h0_low_sigma": 67.49549224183528,
  "h0_high_sigma": 70.99825406492505,
  "delta_h0": 3.50276182308977,
  "median_sigma": 78.22585727818156,
  "comparison": {
    "cepheid_n": 29,
    "cepheid_spearman": 0.5113300492610836,
    "cepheid_p": 0.0045836144004947985,
    "cepheid_delta_h0": 4.628158226115971,
    "trgb_n": 18,
    "trgb_spearman": 0.44685242518059853,
    "trgb_p": 0.06301029106386723,
    "trgb_delta_h0": 3.50276182308977
  },
  "interpretation": "supports_tep_two_effects",
  "data_source": "Freedman et al. (2024) arXiv:2408.06153"
}