[0;37m[16:22:10] [INFO] [0m
[0;37m[16:22:10] [INFO] ================================================================================[0m
[0;37m[16:22:10] [INFO]    TEP-H0 analysis pipeline initiated[0m
[0;37m[16:22:10] [INFO] ================================================================================[0m
[0;37m[16:22:10] [INFO] [0m
[0;37m[16:22:10] [INFO] Project Root: /Users/matthewsmawfield/www/Temporal Equivalence Principle/TEP-H0[0m
[0;37m[16:22:10] [INFO] Starting execution sequence...[0m
[0;37m[16:22:10] [INFO] [0m
[0;37m[16:22:10] [INFO] ================================================================================[0m
[0;37m[16:22:10] [INFO]    >>> Pre-flight: Coordinate preparation[0m
[0;37m[16:22:10] [INFO] ================================================================================[0m
[0;37m[16:22:10] [INFO] [0m
[0;37m[16:22:10] [INFO] Step 1 (Pre-flight): Preparing Host Coordinates...[0m
[0;37m[16:22:10] [INFO] Reconstructing SH0ES Cepheid Catalog...[0m
[0;37m[16:22:10] [INFO] Catalog Reconstruction Verification:[0m
[0;37m[16:22:10] [INFO] SH0ES Cepheid Sample (First 3)[0m
[0;37m[16:22:10] [INFO] +--------+------------+-------------+------------+[0m
[0;37m[16:22:10] [INFO] | Source | Data (mag) | Period Term | Metal Term |[0m
[0;37m[16:22:10] [INFO] +--------+------------+-------------+------------+[0m
[0;37m[16:22:10] [INFO] | M101   | 23.691     | -0.164      | 0.053      |[0m
[0;37m[16:22:10] [INFO] | M101   | 22.955     | -0.163      | 0.089      |[0m
[0;37m[16:22:10] [INFO] | M101   | 23.535     | -0.157      | 0.089      |[0m
[0;37m[16:22:10] [INFO] +--------+------------+-------------+------------+[0m
[1;32m[16:22:10] [SUCCESS] Saved reconstructed catalog with 3130 Cepheids to /Users/matthewsmawfield/www/Temporal Equivalence Principle/TEP-H0/data/interim/reconstructed_shoes_cepheids.csv[0m
[0;37m[16:22:10] [INFO] Using existing coordinates file.[0m
[0;37m[16:22:10] [INFO] [0m
[0;37m[16:22:10] [INFO] ================================================================================[0m
[0;37m[16:22:10] [INFO]    >>> STEP 01: Data Ingestion[0m
[0;37m[16:22:10] [INFO] ================================================================================[0m
[0;37m[16:22:10] [INFO] [0m
[0;37m[16:22:10] [INFO] [0m
[0;37m[16:22:10] [INFO] ================================================================================[0m
[0;37m[16:22:10] [INFO]    Starting Step 1: Data Ingestion[0m
[0;37m[16:22:10] [INFO] ================================================================================[0m
[0;37m[16:22:10] [INFO] [0m
[0;37m[16:22:10] [INFO] Reconstructing SH0ES Cepheid Catalog...[0m
[0;37m[16:22:10] [INFO] Catalog Reconstruction Verification:[0m
[0;37m[16:22:10] [INFO] SH0ES Cepheid Sample (First 3)[0m
[0;37m[16:22:10] [INFO] +--------+------------+-------------+------------+[0m
[0;37m[16:22:10] [INFO] | Source | Data (mag) | Period Term | Metal Term |[0m
[0;37m[16:22:10] [INFO] +--------+------------+-------------+------------+[0m
[0;37m[16:22:10] [INFO] | M101   | 23.691     | -0.164      | 0.053      |[0m
[0;37m[16:22:10] [INFO] | M101   | 22.955     | -0.163      | 0.089      |[0m
[0;37m[16:22:10] [INFO] | M101   | 23.535     | -0.157      | 0.089      |[0m
[0;37m[16:22:10] [INFO] +--------+------------+-------------+------------+[0m
[1;32m[16:22:10] [SUCCESS] Saved reconstructed catalog with 3130 Cepheids to /Users/matthewsmawfield/www/Temporal Equivalence Principle/TEP-H0/data/interim/reconstructed_shoes_cepheids.csv[0m
[0;37m[16:22:10] [INFO] Calculating R22 Distances (GLS Solution)...[0m
[0;37m[16:22:13] [INFO] Solving GLS system: 3490 observations, 46 parameters[0m
[1;32m[16:22:17] [SUCCESS] Saved mu covariance matrix to /Users/matthewsmawfield/www/Temporal Equivalence Principle/TEP-H0/data/interim/r22_mu_covariance.npy[0m
[1;32m[16:22:17] [SUCCESS] Saved mu covariance labels to /Users/matthewsmawfield/www/Temporal Equivalence Principle/TEP-H0/data/interim/r22_mu_covariance_labels.json[0m
[0;37m[16:22:17] [INFO] Recovered Distance Moduli[0m
[0;37m[16:22:17] [INFO] +---------+-----------------------+--------+[0m
[0;37m[16:22:17] [INFO] | Host ID | Distance Modulus (mu) | Error  |[0m
[0;37m[16:22:17] [INFO] +---------+-----------------------+--------+[0m
[0;37m[16:22:17] [INFO] | M101    | 29.1595               | 0.0388 |[0m
[0;37m[16:22:17] [INFO] | M1337   | 32.9156               | 0.0821 |[0m
[0;37m[16:22:17] [INFO] | N0691   | 32.8222               | 0.0877 |[0m
[0;37m[16:22:17] [INFO] +---------+-----------------------+--------+[0m
[1;32m[16:22:17] [SUCCESS] Saved 40 distances to /Users/matthewsmawfield/www/Temporal Equivalence Principle/TEP-H0/data/interim/r22_distances.csv[0m
[0;37m[16:22:17] [INFO] Using existing coordinates file.[0m
[0;37m[16:22:17] [INFO] Checking for Pantheon+ Supernova Catalog...[0m
[0;37m[16:22:17] [INFO] Pantheon+ dataset already exists locally.[0m
[0;37m[16:22:17] [INFO] Cross-Matching & Property Enrichment...[0m
[0;37m[16:22:17] [INFO] Matched 37 SH0ES hosts to Pantheon+ SN catalog.[0m
[0;37m[16:22:17] [INFO] Loaded 41 velocity dispersions from literature CSV: /Users/matthewsmawfield/www/Temporal Equivalence Principle/TEP-H0/data/raw/external/velocity_dispersions_literature.csv[0m
[0;37m[16:22:17] [INFO] Found measured σ for 42/42 hosts (TEP-independent).[0m
[0;37m[16:22:17] [INFO] Processed Host Properties (Top 5)[0m
[0;37m[16:22:17] [INFO] +----------+---------+---------+--------------+[0m
[0;37m[16:22:17] [INFO] | Host     | z_HD    | LogMass | Sigma (km/s) |[0m
[0;37m[16:22:17] [INFO] +----------+---------+---------+--------------+[0m
[0;37m[16:22:17] [INFO] | LMC      | -       | -       | 24.0         |[0m
[0;37m[16:22:17] [INFO] | LMC      | -       | -       | 24.0         |[0m
[0;37m[16:22:17] [INFO] | M 101    | 0.00122 | 10.68   | 28.0         |[0m
[0;37m[16:22:17] [INFO] | NGC 1337 | -       | -       | 94.0         |[0m
[0;37m[16:22:17] [INFO] | M 31     | -       | -       | 160.0        |[0m
[0;37m[16:22:17] [INFO] +----------+---------+---------+--------------+[0m
[1;32m[16:22:17] [SUCCESS] Processed 42 hosts. Found Sigma for 42 hosts.[0m
[1;32m[16:22:17] [SUCCESS] Saved processed host data to /Users/matthewsmawfield/www/Temporal Equivalence Principle/TEP-H0/data/processed/hosts_processed.csv[0m
[1;32m[16:22:17] [SUCCESS] Step 1 Complete.[0m
[1;32m[16:22:17] [SUCCESS] Step 01 (Ingestion) completed successfully.[0m
[0;37m[16:22:17] [INFO] [0m
[0;37m[16:22:17] [INFO] ================================================================================[0m
[0;37m[16:22:17] [INFO]    >>> STEP 02: Aperture Correction[0m
[0;37m[16:22:17] [INFO] ================================================================================[0m
[0;37m[16:22:17] [INFO] [0m
[0;34m[16:22:17] [PROCESS] Fetching host metadata (RC3) for aperture normalization...[0m
[0;37m[16:22:17] [INFO] Fetching Galaxy Metadata (RC3)[0m
[0;37m[16:22:17] [INFO] Loaded 42 hosts for metadata enrichment.[0m
[0;34m[16:22:17] [PROCESS] Querying Vizier (Catalog VII/155)...[0m
[1;32m[16:22:17] [SUCCESS] Metadata Retrieval Complete. Found RC3 data for 42/42 hosts.[0m
[0;37m[16:22:17] [INFO] Sample Galaxy Metadata (RC3)[0m
[0;37m[16:22:17] [INFO] +----------+----------+----------+------------+[0m
[0;37m[16:22:17] [INFO] | Host     | log(D25) | R25 ('') | R_eff ('') |[0m
[0;37m[16:22:17] [INFO] +----------+----------+----------+------------+[0m
[0;37m[16:22:17] [INFO] | LMC      | 3.81     | 19369.6  | 9684.8     |[0m
[0;37m[16:22:17] [INFO] | LMC      | 3.81     | 19369.6  | 9684.8     |[0m
[0;37m[16:22:17] [INFO] | M 101    | 2.46     | 865.2    | 432.6      |[0m
[0;37m[16:22:17] [INFO] | NGC 1337 | 1.76     | 172.6    | 86.3       |[0m
[0;37m[16:22:17] [INFO] | M 31     | 3.28     | 5716.4   | 2858.2     |[0m
[0;37m[16:22:17] [INFO] +----------+----------+----------+------------+[0m
[1;32m[16:22:17] [SUCCESS] Saved enriched metadata to /Users/matthewsmawfield/www/Temporal Equivalence Principle/TEP-H0/data/processed/hosts_metadata_enriched.csv[0m
[0;37m[16:22:17] [INFO] [0m
[0;37m[16:22:17] [INFO] ================================================================================[0m
[0;37m[16:22:17] [INFO]    Starting Step 1b: Aperture Correction[0m
[0;37m[16:22:17] [INFO] ================================================================================[0m
[0;37m[16:22:17] [INFO] [0m
[0;37m[16:22:17] [INFO] Initializing Aperture Correction Protocol[0m
[0;37m[16:22:18] [INFO] Loaded 42 hosts from pipeline processing.[0m
[0;34m[16:22:18] [PROCESS] Merging enriched metadata (R_eff, R25)...[0m
[0;37m[16:22:18] [INFO] Correction Parameters (Jorgensen et al. 1995):[0m
[0;37m[16:22:18] [INFO]   Beta (Slope):       0.04[0m
[0;37m[16:22:18] [INFO]   Aperture Radius:    1.5 arcsec[0m
[0;37m[16:22:18] [INFO]   Norm Radius:        R_eff / 8[0m
[0;34m[16:22:18] [PROCESS] Calculating corrections...[0m
[0;37m[16:22:18] [INFO] Aperture Correction Samples[0m
[0;37m[16:22:18] [INFO] +-------+-----------+-----------+------------+-------+[0m
[0;37m[16:22:18] [INFO] | Host  | R_eff (") | Raw Sigma | Corr Sigma | Delta |[0m
[0;37m[16:22:18] [INFO] +-------+-----------+-----------+------------+-------+[0m
[0;37m[16:22:18] [INFO] | LMC   | 9684.8    | 24.0      | 18.4       | -5.64 |[0m
[0;37m[16:22:18] [INFO] | LMC   | 9684.8    | 24.0      | 18.4       | -5.64 |[0m
[0;37m[16:22:18] [INFO] | LMC   | 9684.8    | 24.0      | 18.4       | -5.64 |[0m
[0;37m[16:22:18] [INFO] | LMC   | 9684.8    | 24.0      | 18.4       | -5.64 |[0m
[0;37m[16:22:18] [INFO] | M 101 | 432.6     | 28.0      | 24.3       | -3.74 |[0m
[0;37m[16:22:18] [INFO] +-------+-----------+-----------+------------+-------+[0m
[1;32m[16:22:18] [SUCCESS] Applied corrections to 44/44 hosts.[0m
[0;37m[16:22:18] [INFO] Mean Velocity Dispersion Change: -6.13 km/s[0m
[1;32m[16:22:18] [SUCCESS] Updated /Users/matthewsmawfield/www/Temporal Equivalence Principle/TEP-H0/data/processed/hosts_processed.csv with homogenized velocity dispersions.[0m
[1;32m[16:22:18] [SUCCESS] Step 1b Complete.[0m
[1;32m[16:22:18] [SUCCESS] Step 02 (Aperture Correction) completed successfully.[0m
[0;37m[16:22:18] [INFO] [0m
[0;37m[16:22:18] [INFO] ================================================================================[0m
[0;37m[16:22:18] [INFO]    >>> STEP 03: Stratification[0m
[0;37m[16:22:18] [INFO] ================================================================================[0m
[0;37m[16:22:18] [INFO] [0m
[0;37m[16:22:18] [INFO] [0m
[0;37m[16:22:18] [INFO] ================================================================================[0m
[0;37m[16:22:18] [INFO]    Starting Step 2: Stratification[0m
[0;37m[16:22:18] [INFO] ================================================================================[0m
[0;37m[16:22:18] [INFO] [0m
[0;37m[16:22:18] [INFO] Loading and Merging Datasets...[0m
[0;37m[16:22:18] [INFO] Merged 39 galaxies (Distances + Properties).[0m
[0;37m[16:22:18] [INFO] Calculating Individual H0 Values (3-Rung Ladder)...[0m
[1;32m[16:22:18] [SUCCESS] Final Sample Size: 29 SN Ia Hosts (7 removed by z_HD > 0.0035 cut)[0m
[0;37m[16:22:18] [INFO] Sample H0 Calculations[0m
[0;37m[16:22:18] [INFO] +----------+--------+----------+---------+---------------+[0m
[0;37m[16:22:18] [INFO] | Host     | z_HD   | mu (mag) | D (Mpc) | H0 (km/s/Mpc) |[0m
[0;37m[16:22:18] [INFO] +----------+--------+----------+---------+---------------+[0m
[0;37m[16:22:18] [INFO] | NGC 0691 | 0.0086 | 32.822   | 36.7    | 69.88         |[0m
[0;37m[16:22:18] [INFO] | NGC 1015 | 0.0081 | 32.618   | 33.4    | 73.19         |[0m
[0;37m[16:22:18] [INFO] | NGC 105  | 0.0168 | 34.493   | 79.2    | 63.68         |[0m
[0;37m[16:22:18] [INFO] | NGC 1309 | 0.0072 | 32.509   | 31.8    | 67.88         |[0m
[0;37m[16:22:18] [INFO] | NGC 1365 | 0.0048 | 31.325   | 18.4    | 78.65         |[0m
[0;37m[16:22:18] [INFO] +----------+--------+----------+---------+---------------+[0m
[0;37m[16:22:18] [INFO] Annotating Large-Scale Environment (Tully 2015 groups)...[0m
[0;37m[16:22:18] [INFO] Matched 26/29 hosts to Tully 2015 group catalog.[0m
[0;37m[16:22:18] [INFO] Estimating Host Environmental Densities & Shear Suppression...[0m
[0;37m[16:22:18] [INFO] Calculated densities for 29 hosts.[0m
[0;37m[16:22:18] [INFO] Mean Host Density: 0.1790 M_sun/pc^3[0m
[0;37m[16:22:18] [INFO] Density Range: [0.0001, 1.7591][0m
[0;37m[16:22:18] [INFO] Mean Shear Suppression (S): 0.778[0m
[0;37m[16:22:18] [INFO] Suppression Range: [0.045, 0.940][0m
[0;37m[16:22:18] [INFO] Hosts with appreciable shear suppression (S < 0.8, N=9):[0m
[0;37m[16:22:18] [INFO]   - NGC 0691: rho=0.046, S=0.600[0m
[0;37m[16:22:18] [INFO]   - NGC 1365: rho=0.009, S=0.129[0m
[0;37m[16:22:18] [INFO]   - NGC 2442: rho=1.759, S=0.045[0m
[0;37m[16:22:18] [INFO]   - NGC 3021: rho=0.256, S=0.692[0m
[0;37m[16:22:18] [INFO]   - NGC 3147: rho=0.000, S=0.750[0m
[0;37m[16:22:18] [INFO]   - NGC 3254: rho=0.017, S=0.749[0m
[0;37m[16:22:18] [INFO]   - NGC 4639: rho=1.722, S=0.068[0m
[0;37m[16:22:18] [INFO]   - NGC 7541: rho=0.305, S=0.637[0m
[0;37m[16:22:18] [INFO]   - NGC 976: rho=0.231, S=0.667[0m
[0;37m[16:22:18] [INFO] Stratification Analysis (Low vs High Potential)[0m
[0;37m[16:22:18] [INFO] Stratified H0 Results[0m
[0;37m[16:22:18] [INFO] +----------------+-------------+----+---------+---------+[0m
[0;37m[16:22:18] [INFO] | Bin            | Sigma Range | N  | Mean H0 | Std Err |[0m
[0;37m[16:22:18] [INFO] +----------------+-------------+----+---------+---------+[0m
[0;37m[16:22:18] [INFO] | Low Potential  | <= 96.4     | 15 | 66.26   | 2.50    |[0m
[0;37m[16:22:18] [INFO] | High Potential | > 96.4      | 14 | 74.12   | 2.51    |[0m
[0;37m[16:22:18] [INFO] | Difference     | -           | -  | +7.86   | -       |[0m
[0;37m[16:22:18] [INFO] +----------------+-------------+----+---------+---------+[0m
[0;37m[16:22:18] [INFO] Median Velocity Dispersion: 96.40 km/s[0m
[1;35m[16:22:18] [TEST] Correlation (Sigma vs H0): r = 0.466[0m
[1;32m[16:22:18] [SUCCESS] Significant Environmental Bias Detected (+7.86 km/s/Mpc)[0m
[1;32m[16:22:18] [SUCCESS] Saved stratified data to /Users/matthewsmawfield/www/Temporal Equivalence Principle/TEP-H0/results/outputs/step_03_stratified_h0.csv[0m
[1;32m[16:22:18] [SUCCESS] Saved analysis metrics to /Users/matthewsmawfield/www/Temporal Equivalence Principle/TEP-H0/results/outputs/step_03_stratification_results.json[0m
[0;34m[16:22:18] [PROCESS] Generating Diagnostic Plots...[0m
[1;32m[16:22:20] [SUCCESS] Saved plot to /Users/matthewsmawfield/www/Temporal Equivalence Principle/TEP-H0/results/figures/step_03_figure_01_h0_vs_sigma.png[0m
[1;32m[16:22:20] [SUCCESS] Copied plot to /Users/matthewsmawfield/www/Temporal Equivalence Principle/TEP-H0/site/public/figures/step_03_figure_01_h0_vs_sigma.png[0m
[1;32m[16:22:20] [SUCCESS] Step 2 Complete.[0m
[1;32m[16:22:20] [SUCCESS] Step 03 (Stratification) completed successfully.[0m
[0;37m[16:22:20] [INFO] [0m
[0;37m[16:22:20] [INFO] ================================================================================[0m
[0;37m[16:22:20] [INFO]    >>> STEP 04: TEP Correction[0m
[0;37m[16:22:20] [INFO] ================================================================================[0m
[0;37m[16:22:20] [INFO] [0m
[0;37m[16:22:20] [INFO] [0m
[0;37m[16:22:20] [INFO] ================================================================================[0m
[0;37m[16:22:20] [INFO]    Starting Step 3: TEP Correction[0m
[0;37m[16:22:20] [INFO] ================================================================================[0m
[0;37m[16:22:20] [INFO] [0m
[0;37m[16:22:20] [INFO] Loading Data...[0m
[0;37m[16:22:20] [INFO] Loaded 29 hosts for correction.[0m
[0;37m[16:22:20] [INFO] Calculating Effective Calibrator Sigma...[0m
[0;37m[16:22:20] [INFO] Using SH0ES-motivated weights (based on P-L contribution).[0m
[0;37m[16:22:20] [INFO] Geometric Anchor Sample (S from Nmb formula)[0m
[0;37m[16:22:20] [INFO] +----------+--------------+-----+-------+--------+----------------------------+[0m
[0;37m[16:22:20] [INFO] | Anchor   | Sigma (km/s) | Nmb | S     | Weight | Description                |[0m
[0;37m[16:22:20] [INFO] +----------+--------------+-----+-------+--------+----------------------------+[0m
[0;37m[16:22:20] [INFO] | MW       | 30.0         | 7   | 0.605 | 0.20   | Milky Way Disk (Bovy+2012) |[0m
[0;37m[16:22:20] [INFO] | LMC      | 24.0         | 2   | 0.873 | 0.25   | LMC Disk (vdMarel+2002)    |[0m
[0;37m[16:22:20] [INFO] | NGC 4258 | 115.0        | 65  | 0.096 | 0.55   | NGC 4258 Disk (K&H2013)    |[0m
[0;37m[16:22:20] [INFO] +----------+--------------+-----+-------+--------+----------------------------+[0m
[1;32m[16:22:20] [SUCCESS] Standard Reference Sigma (σ_ref):       87.17 km/s[0m
[1;32m[16:22:20] [SUCCESS] Screened-Effective Sigma (σ_ref,scr):   30.51 km/s  (NGC 4258 contribution down-weighted by S=0.10)[0m
[0;37m[16:22:20] [INFO] Optimizing TEP Coupling (κ_Cep)...[0m
[0;37m[16:22:20] [INFO] Optimization converged: True[0m
[1;32m[16:22:20] [SUCCESS] Optimal Observable Response Coefficient (κ_Cep): 1.272e+06 mag[0m
[0;37m[16:22:20] [INFO] Mean effective coupling (κ_Cep·⟨S⟩): 9.900e+05[0m
[0;37m[16:22:20] [INFO] Applying Conformal Correction...[0m
[0;37m[16:22:20] [INFO] Sample Corrections (Suppression-Aware)[0m
[0;37m[16:22:20] [INFO] +----------+-------+--------+----------+------------+----------+[0m
[0;37m[16:22:20] [INFO] | Host     | Sigma | S(rho) | H0 (Raw) | Corr (mag) | H0 (TEP) |[0m
[0;37m[16:22:20] [INFO] +----------+-------+--------+----------+------------+----------+[0m
[0;37m[16:22:20] [INFO] | NGC 5917 | 52.6  | 0.871  | 72.56    | -0.0595    | 74.58    |[0m
[0;37m[16:22:20] [INFO] | NGC 3370 | 80.5  | 0.936  | 65.72    | -0.0149    | 66.17    |[0m
[0;37m[16:22:20] [INFO] | NGC 2608 | 83.4  | 0.913  | 76.42    | -0.0083    | 76.72    |[0m
[0;37m[16:22:20] [INFO] | NGC 4639 | 96.4  | 0.068  | 47.25    | +0.0016    | 47.22    |[0m
[0;37m[16:22:20] [INFO] | NGC 976  | 212.7 | 0.667  | 76.91    | +0.3553    | 65.30    |[0m
[0;37m[16:22:20] [INFO] +----------+-------+--------+----------+------------+----------+[0m
[0;37m[16:22:20] [INFO] ------------------------------------------------------------[0m
[1;32m[16:22:20] [SUCCESS] UNIFIED H0 (Statistical): 68.84 +/- 1.31 km/s/Mpc[0m
[0;37m[16:22:20] [INFO] Note: This error (SEM) assumes κ_Cep is fixed/known perfectly.[0m
[0;37m[16:22:20] [INFO] ------------------------------------------------------------[0m
[0;37m[16:22:20] [INFO] Slope Convention Audit[0m
[0;37m[16:22:20] [INFO] +----------------------+-------------+--------+[0m
[0;37m[16:22:20] [INFO] | Check                | Value       | Status |[0m
[0;37m[16:22:20] [INFO] +----------------------+-------------+--------+[0m
[0;37m[16:22:20] [INFO] | raw slope H0–σ > 0   | +0.0851     | PASS   |[0m
[0;37m[16:22:20] [INFO] | correction slope < 0 | -0.0861     | PASS   |[0m
[0;37m[16:22:20] [INFO] | Δμ(high σ) > 0       | +0.0924 mag | PASS   |[0m
[0;37m[16:22:20] [INFO] +----------------------+-------------+--------+[0m
[1;32m[16:22:20] [SUCCESS] Slope convention audit passed.[0m
[0;34m[16:22:20] [PROCESS] Generating Comparison Plots...[0m
[1;32m[16:22:22] [SUCCESS] Saved comparison plot to /Users/matthewsmawfield/www/Temporal Equivalence Principle/TEP-H0/results/figures/step_04_figure_03_tep_correction_comparison.png[0m
[1;32m[16:22:22] [SUCCESS] Copied comparison plot to /Users/matthewsmawfield/www/Temporal Equivalence Principle/TEP-H0/site/public/figures/step_04_figure_03_tep_correction_comparison.png[0m
[0;37m[16:22:22] [INFO] Joint Bootstrap (kappa refit + H0): N=1000...[0m
[0;37m[16:22:32] [INFO] Joint Bootstrap Results:[0m
[0;37m[16:22:32] [INFO] Bootstrap (kappa refit per sample)[0m
[0;37m[16:22:32] [INFO] +------------------------------+-----------+-------------------+------------------------+[0m
[0;37m[16:22:32] [INFO] | Parameter                    | Mean      | Std (Uncertainty) | 95% CI                 |[0m
[0;37m[16:22:32] [INFO] +------------------------------+-----------+-------------------+------------------------+[0m
[0;37m[16:22:32] [INFO] | H0 (Unified)                 | 68.92     | 1.44              | [66.06, 71.71]         |[0m
[0;37m[16:22:32] [INFO] | kappa_Cep (bootstrap robust) | 1.294e+06 | 4.625e+05 (35.7%) | [6.555e+05, 3.900e+06] |[0m
[0;37m[16:22:32] [INFO] | kappa_Cep (WLS scaled)       | 1.414e+06 | 5.893e+05 (41.7%) | —                      |[0m
[0;37m[16:22:32] [INFO] +------------------------------+-----------+-------------------+------------------------+[0m
[0;37m[16:22:32] [INFO] Converged: 1000/1000, residual |slope| = 1.77e-03[0m
[0;37m[16:22:32] [INFO] Bootstrap H0 std combines host scatter AND kappa uncertainty.[0m
[0;34m[16:22:32] [PROCESS] Sensitivity Analysis (Sigma Ref Scan)...[0m
[0;37m[16:22:32] [INFO] Optimizing TEP Coupling (κ_Cep)...[0m
[0;37m[16:22:32] [INFO] Optimization converged: True[0m
[1;32m[16:22:32] [SUCCESS] Optimal Observable Response Coefficient (κ_Cep): 1.351e+06 mag[0m
[0;37m[16:22:32] [INFO] Mean effective coupling (κ_Cep·⟨S⟩): 1.051e+06[0m
[0;37m[16:22:32] [INFO] Optimizing TEP Coupling (κ_Cep)...[0m
[0;37m[16:22:32] [INFO] Optimization converged: True[0m
[1;32m[16:22:32] [SUCCESS] Optimal Observable Response Coefficient (κ_Cep): 1.347e+06 mag[0m
[0;37m[16:22:32] [INFO] Mean effective coupling (κ_Cep·⟨S⟩): 1.048e+06[0m
[0;37m[16:22:32] [INFO] Optimizing TEP Coupling (κ_Cep)...[0m
[0;37m[16:22:32] [INFO] Optimization converged: True[0m
[1;32m[16:22:32] [SUCCESS] Optimal Observable Response Coefficient (κ_Cep): 1.342e+06 mag[0m
[0;37m[16:22:32] [INFO] Mean effective coupling (κ_Cep·⟨S⟩): 1.044e+06[0m
[0;37m[16:22:32] [INFO] Optimizing TEP Coupling (κ_Cep)...[0m
[0;37m[16:22:32] [INFO] Optimization converged: True[0m
[1;32m[16:22:32] [SUCCESS] Optimal Observable Response Coefficient (κ_Cep): 1.336e+06 mag[0m
[0;37m[16:22:32] [INFO] Mean effective coupling (κ_Cep·⟨S⟩): 1.039e+06[0m
[0;37m[16:22:32] [INFO] Optimizing TEP Coupling (κ_Cep)...[0m
[0;37m[16:22:32] [INFO] Optimization converged: True[0m
[1;32m[16:22:32] [SUCCESS] Optimal Observable Response Coefficient (κ_Cep): 1.330e+06 mag[0m
[0;37m[16:22:32] [INFO] Mean effective coupling (κ_Cep·⟨S⟩): 1.035e+06[0m
[0;37m[16:22:32] [INFO] Optimizing TEP Coupling (κ_Cep)...[0m
[0;37m[16:22:32] [INFO] Optimization converged: True[0m
[1;32m[16:22:32] [SUCCESS] Optimal Observable Response Coefficient (κ_Cep): 1.323e+06 mag[0m
[0;37m[16:22:32] [INFO] Mean effective coupling (κ_Cep·⟨S⟩): 1.029e+06[0m
[0;37m[16:22:32] [INFO] Optimizing TEP Coupling (κ_Cep)...[0m
[0;37m[16:22:32] [INFO] Optimization converged: True[0m
[1;32m[16:22:32] [SUCCESS] Optimal Observable Response Coefficient (κ_Cep): 1.316e+06 mag[0m
[0;37m[16:22:32] [INFO] Mean effective coupling (κ_Cep·⟨S⟩): 1.024e+06[0m
[0;37m[16:22:32] [INFO] Optimizing TEP Coupling (κ_Cep)...[0m
[0;37m[16:22:32] [INFO] Optimization converged: True[0m
[1;32m[16:22:32] [SUCCESS] Optimal Observable Response Coefficient (κ_Cep): 1.308e+06 mag[0m
[0;37m[16:22:32] [INFO] Mean effective coupling (κ_Cep·⟨S⟩): 1.018e+06[0m
[0;37m[16:22:32] [INFO] Optimizing TEP Coupling (κ_Cep)...[0m
[0;37m[16:22:32] [INFO] Optimization converged: True[0m
[1;32m[16:22:32] [SUCCESS] Optimal Observable Response Coefficient (κ_Cep): 1.299e+06 mag[0m
[0;37m[16:22:32] [INFO] Mean effective coupling (κ_Cep·⟨S⟩): 1.011e+06[0m
[0;37m[16:22:32] [INFO] Optimizing TEP Coupling (κ_Cep)...[0m
[0;37m[16:22:32] [INFO] Optimization converged: True[0m
[1;32m[16:22:32] [SUCCESS] Optimal Observable Response Coefficient (κ_Cep): 1.290e+06 mag[0m
[0;37m[16:22:32] [INFO] Mean effective coupling (κ_Cep·⟨S⟩): 1.004e+06[0m
[0;37m[16:22:32] [INFO] Optimizing TEP Coupling (κ_Cep)...[0m
[0;37m[16:22:32] [INFO] Optimization converged: True[0m
[1;32m[16:22:32] [SUCCESS] Optimal Observable Response Coefficient (κ_Cep): 1.281e+06 mag[0m
[0;37m[16:22:32] [INFO] Mean effective coupling (κ_Cep·⟨S⟩): 9.966e+05[0m
[0;37m[16:22:32] [INFO] Optimizing TEP Coupling (κ_Cep)...[0m
[0;37m[16:22:32] [INFO] Optimization converged: True[0m
[1;32m[16:22:32] [SUCCESS] Optimal Observable Response Coefficient (κ_Cep): 1.271e+06 mag[0m
[0;37m[16:22:32] [INFO] Mean effective coupling (κ_Cep·⟨S⟩): 9.889e+05[0m
[0;37m[16:22:32] [INFO] Optimizing TEP Coupling (κ_Cep)...[0m
[0;37m[16:22:32] [INFO] Optimization converged: True[0m
[1;32m[16:22:32] [SUCCESS] Optimal Observable Response Coefficient (κ_Cep): 1.261e+06 mag[0m
[0;37m[16:22:32] [INFO] Mean effective coupling (κ_Cep·⟨S⟩): 9.808e+05[0m
[0;37m[16:22:32] [INFO] Optimizing TEP Coupling (κ_Cep)...[0m
[0;37m[16:22:32] [INFO] Optimization converged: True[0m
[1;32m[16:22:32] [SUCCESS] Optimal Observable Response Coefficient (κ_Cep): 1.250e+06 mag[0m
[0;37m[16:22:32] [INFO] Mean effective coupling (κ_Cep·⟨S⟩): 9.724e+05[0m
[0;37m[16:22:32] [INFO] Optimizing TEP Coupling (κ_Cep)...[0m
[0;37m[16:22:32] [INFO] Optimization converged: True[0m
[1;32m[16:22:32] [SUCCESS] Optimal Observable Response Coefficient (κ_Cep): 1.239e+06 mag[0m
[0;37m[16:22:32] [INFO] Mean effective coupling (κ_Cep·⟨S⟩): 9.637e+05[0m
[0;37m[16:22:32] [INFO] Optimizing TEP Coupling (κ_Cep)...[0m
[0;37m[16:22:32] [INFO] Optimization converged: True[0m
[1;32m[16:22:32] [SUCCESS] Optimal Observable Response Coefficient (κ_Cep): 1.227e+06 mag[0m
[0;37m[16:22:32] [INFO] Mean effective coupling (κ_Cep·⟨S⟩): 9.547e+05[0m
[0;37m[16:22:32] [INFO] Optimizing TEP Coupling (κ_Cep)...[0m
[0;37m[16:22:32] [INFO] Optimization converged: True[0m
[1;32m[16:22:32] [SUCCESS] Optimal Observable Response Coefficient (κ_Cep): 1.215e+06 mag[0m
[0;37m[16:22:32] [INFO] Mean effective coupling (κ_Cep·⟨S⟩): 9.454e+05[0m
[0;37m[16:22:32] [INFO] Optimizing TEP Coupling (κ_Cep)...[0m
[0;37m[16:22:32] [INFO] Optimization converged: True[0m
[1;32m[16:22:32] [SUCCESS] Optimal Observable Response Coefficient (κ_Cep): 1.203e+06 mag[0m
[0;37m[16:22:32] [INFO] Mean effective coupling (κ_Cep·⟨S⟩): 9.359e+05[0m
[0;37m[16:22:33] [INFO] Optimizing TEP Coupling (κ_Cep)...[0m
[0;37m[16:22:33] [INFO] Optimization converged: True[0m
[1;32m[16:22:33] [SUCCESS] Optimal Observable Response Coefficient (κ_Cep): 1.190e+06 mag[0m
[0;37m[16:22:33] [INFO] Mean effective coupling (κ_Cep·⟨S⟩): 9.261e+05[0m
[0;37m[16:22:33] [INFO] Optimizing TEP Coupling (κ_Cep)...[0m
[0;37m[16:22:33] [INFO] Optimization converged: True[0m
[1;32m[16:22:33] [SUCCESS] Optimal Observable Response Coefficient (κ_Cep): 1.178e+06 mag[0m
[0;37m[16:22:33] [INFO] Mean effective coupling (κ_Cep·⟨S⟩): 9.162e+05[0m
[1;32m[16:22:33] [SUCCESS] Saved sensitivity grid to /Users/matthewsmawfield/www/Temporal Equivalence Principle/TEP-H0/results/outputs/step_07_sensitivity_h0_vs_sigmaref.csv[0m
[0;37m[16:22:33] [INFO] Screened-Effective Variant (σ_ref,scr = 30.51 km/s)...[0m
[0;37m[16:22:33] [INFO] Optimizing TEP Coupling (κ_Cep)...[0m
[0;37m[16:22:33] [INFO] Optimization converged: True[0m
[1;32m[16:22:33] [SUCCESS] Optimal Observable Response Coefficient (κ_Cep): 1.350e+06 mag[0m
[0;37m[16:22:33] [INFO] Mean effective coupling (κ_Cep·⟨S⟩): 1.051e+06[0m
[0;37m[16:22:33] [INFO] Applying Conformal Correction...[0m
[0;37m[16:22:33] [INFO] Sample Corrections (Suppression-Aware)[0m
[0;37m[16:22:33] [INFO] +----------+-------+--------+----------+------------+----------+[0m
[0;37m[16:22:33] [INFO] | Host     | Sigma | S(rho) | H0 (Raw) | Corr (mag) | H0 (TEP) |[0m
[0;37m[16:22:33] [INFO] +----------+-------+--------+----------+------------+----------+[0m
[0;37m[16:22:33] [INFO] | NGC 5917 | 52.6  | 0.871  | 72.56    | +0.0241    | 71.76    |[0m
[0;37m[16:22:33] [INFO] | NGC 3370 | 80.5  | 0.936  | 65.72    | +0.0779    | 63.40    |[0m
[0;37m[16:22:33] [INFO] | NGC 2608 | 83.4  | 0.913  | 76.42    | +0.0827    | 73.57    |[0m
[0;37m[16:22:33] [INFO] | NGC 4639 | 96.4  | 0.068  | 47.25    | +0.0085    | 47.07    |[0m
[0;37m[16:22:33] [INFO] | NGC 976  | 212.7 | 0.667  | 76.91    | +0.4438    | 62.69    |[0m
[0;37m[16:22:33] [INFO] +----------+-------+--------+----------+------------+----------+[0m
[0;37m[16:22:33] [INFO] ------------------------------------------------------------[0m
[1;32m[16:22:33] [SUCCESS] UNIFIED H0 (Statistical): 66.34 +/- 1.27 km/s/Mpc[0m
[0;37m[16:22:33] [INFO] Note: This error (SEM) assumes κ_Cep is fixed/known perfectly.[0m
[0;37m[16:22:33] [INFO] ------------------------------------------------------------[0m
[0;37m[16:22:33] [INFO] Screened Variant: κ_Cep = 1.350e+06 mag, H0 = 66.34 km/s/Mpc[0m
[0;37m[16:22:33] [INFO] Screened-Reference Stability: ΔH0 = 2.50 km/s/Mpc (standard 68.84 vs screened 66.34)[0m
[0;37m[16:22:33] [INFO] Final Tension Analysis[0m
[0;37m[16:22:33] [INFO] Planck 2018 Value: 67.4 +/- 0.5[0m
[0;37m[16:22:33] [INFO] ------------------------------------------------------------[0m
[0;37m[16:22:33] [INFO] TEP Unified Value: 68.84[0m
[0;37m[16:22:33] [INFO]   +/- 1.31 (Statistical SEM, kappa fixed)[0m
[0;37m[16:22:33] [INFO]   +/- 1.44 (Joint Bootstrap: host scatter + kappa)[0m
[0;37m[16:22:33] [INFO]   kappa_Cep (bootstrap robust) = (1.29e+06) +/- (4.63e+05)  [36%][0m
[0;37m[16:22:33] [INFO]   kappa_Cep (WLS scaled)       = (1.41e+06) +/- (5.89e+05)  [42%][0m
[0;37m[16:22:33] [INFO] ------------------------------------------------------------[0m
[0;37m[16:22:33] [INFO] Tension (Statistical):     1.02 sigma[0m
[0;37m[16:22:33] [INFO] Tension (Joint Bootstrap): 1.00 sigma[0m
[1;32m[16:22:33] [SUCCESS] Conclusion (Cepheid channel, unscreened Hubble-flow regime): H0 consistent with Planck CMB after κ_Cep correction.[0m
[0;37m[16:22:33] [INFO] Note: Universal-TEP validation requires CROSS-CHANNEL consistency (κ_Cep vs κ_TRGB vs κ_SN vs κ_pulsar). Single-channel significance of κ_Cep from zero is NOT the TEP test (Jakarta §7; Istanbul §1.3). See scripts/analysis/cross_channel_kappa_consistency.py for the quantitative cross-channel synthesis.[0m
[1;32m[16:22:33] [SUCCESS] Saved results JSON to /Users/matthewsmawfield/www/Temporal Equivalence Principle/TEP-H0/results/outputs/step_04_tep_correction_results.json[0m
[1;32m[16:22:33] [SUCCESS] Saved corrected data to /Users/matthewsmawfield/www/Temporal Equivalence Principle/TEP-H0/results/outputs/step_04_tep_corrected_h0.csv[0m
[1;32m[16:22:33] [SUCCESS] Step 04 (Optimization) completed successfully.[0m
[0;37m[16:22:33] [INFO] [0m
[0;37m[16:22:33] [INFO] ================================================================================[0m
[0;37m[16:22:33] [INFO]    >>> STEP 05: Frozen TEP Prediction Table[0m
[0;37m[16:22:33] [INFO] ================================================================================[0m
[0;37m[16:22:33] [INFO] [0m
[0;37m[16:22:33] [INFO] [0m
[0;37m[16:22:33] [INFO] ================================================================================[0m
[0;37m[16:22:33] [INFO]    >>> STEP 14: Prespecified TEP prediction table[0m
[0;37m[16:22:33] [INFO] ================================================================================[0m
[0;37m[16:22:33] [INFO] [0m
[0;37m[16:22:33] [INFO] Prespecified kappa_Cep: 1.272e+06 mag[0m
[0;37m[16:22:33] [INFO] Prespecified sigma_ref: 87.17 km/s[0m
[0;34m[16:22:33] [PROCESS] Verifying predictions against 29 existing hosts[0m
[0;37m[16:22:33] [INFO] Max prediction residual: 0.449412 mag[0m
[1;32m[16:22:33] [SUCCESS] Saved prediction grid: 54 rows[0m
[1;32m[16:22:33] [SUCCESS] Saved prediction manifest[0m
[0;37m[16:22:33] [INFO] TEP-native gauge kappa_equiv: 7.210e+05 mag[0m
[1;32m[16:22:33] [SUCCESS] Saved TEP-native prediction grid: 54 rows[0m
[1;32m[16:22:33] [SUCCESS] Saved prediction manifest[0m
[1;32m[16:22:33] [SUCCESS] Step 14 complete[0m
[1;32m[16:22:33] [SUCCESS] Step 05 (Frozen Predictions) completed successfully.[0m
[0;37m[16:22:33] [INFO] [0m
[0;37m[16:22:33] [INFO] ================================================================================[0m
[0;37m[16:22:33] [INFO]    >>> STEP 06: Shear Suppression Visualization[0m
[0;37m[16:22:33] [INFO] ================================================================================[0m
[0;37m[16:22:33] [INFO] [0m
[1;32m[16:22:33] [SUCCESS] Step 06 (Shear Suppression Viz) completed successfully.[0m
[0;37m[16:22:33] [INFO] [0m
[0;37m[16:22:33] [INFO] ================================================================================[0m
[0;37m[16:22:33] [INFO]    >>> STEP 07: Aperture Sensitivity Analysis[0m
[0;37m[16:22:33] [INFO] ================================================================================[0m
[0;37m[16:22:33] [INFO] [0m
[0;37m[16:22:33] [INFO] [0m
[0;37m[16:22:33] [INFO] ================================================================================[0m
[0;37m[16:22:33] [INFO]    Starting Step 4b: Aperture Sensitivity Analysis[0m
[0;37m[16:22:33] [INFO] ================================================================================[0m
[0;37m[16:22:33] [INFO] [0m
[0;37m[16:22:33] [INFO] Using master sigma catalog for provenance: /Users/matthewsmawfield/www/Temporal Equivalence Principle/TEP-H0/data/raw/external/velocity_dispersions_literature.csv[0m
[1;32m[16:22:34] [SUCCESS] Saved sigma provenance table to /Users/matthewsmawfield/www/Temporal Equivalence Principle/TEP-H0/results/outputs/step_07_sigma_provenance_table.csv[0m
[0;37m[16:22:34] [INFO] Analyzing 29 hosts with both Raw and Corrected data.[0m
[1;32m[16:22:36] [SUCCESS] Saved aperture sensitivity grid to /Users/matthewsmawfield/www/Temporal Equivalence Principle/TEP-H0/results/outputs/step_07_aperture_sensitivity_grid.csv[0m
[1;32m[16:22:36] [SUCCESS] Saved aperture sensitivity summary to /Users/matthewsmawfield/www/Temporal Equivalence Principle/TEP-H0/results/outputs/step_07_aperture_sensitivity_summary.json[0m
[0;37m[16:22:36] [INFO] Sensitivity Results[0m
[0;37m[16:22:36] [INFO] +-----------------+-------------------------+-----------------------+[0m
[0;37m[16:22:36] [INFO] | Metric          | Raw Sigma (Uncorrected) | Corrected Sigma (Ref) |[0m
[0;37m[16:22:36] [INFO] +-----------------+-------------------------+-----------------------+[0m
[0;37m[16:22:36] [INFO] | Correlation (r) | 0.4817                  | 0.4659                |[0m
[0;37m[16:22:36] [INFO] | P-value         | 8.1420e-03              | 1.0855e-02            |[0m
[0;37m[16:22:36] [INFO] | Significance    | Significant (>99%)      | Significant (>99%)    |[0m
[0;37m[16:22:36] [INFO] +-----------------+-------------------------+-----------------------+[0m
[1;32m[16:22:36] [SUCCESS] Conclusion: the signal is robust. It exists independently of aperture corrections.[0m
[0;34m[16:22:36] [PROCESS] Generating sensitivity plot...[0m
[1;32m[16:22:37] [SUCCESS] Step 4b Complete.[0m
[1;32m[16:22:37] [SUCCESS] Step 07 (Aperture Sensitivity) completed successfully.[0m
[0;37m[16:22:37] [INFO] [0m
[0;37m[16:22:37] [INFO] ================================================================================[0m
[0;37m[16:22:37] [INFO]    >>> STEP 08: Robustness Checks[0m
[0;37m[16:22:37] [INFO] ================================================================================[0m
[0;37m[16:22:37] [INFO] [0m
[0;37m[16:22:37] [INFO] [0m
[0;37m[16:22:37] [INFO] ================================================================================[0m
[0;37m[16:22:37] [INFO]    Starting Step 4: Robustness Checks[0m
[0;37m[16:22:37] [INFO] ================================================================================[0m
[0;37m[16:22:37] [INFO] [0m
[0;37m[16:22:37] [INFO] Initiating Jackknife Analysis...[0m
[0;37m[16:22:37] [INFO] Loaded 29 hosts for Jackknife stability test.[0m
[0;37m[16:24:50] [INFO] Bayesian Model Comparison[0m
[0;37m[16:24:50] [INFO] Model Comparison[0m
[0;37m[16:24:50] [INFO] +------------------------------------+----------+---------+------+----------------------------------+[0m
[0;37m[16:24:50] [INFO] | Likelihood                         | Null BIC | TEP BIC | ΔBIC | Interpretation                   |[0m
[0;37m[16:24:50] [INFO] +------------------------------------+----------+---------+------+----------------------------------+[0m
[0;37m[16:24:50] [INFO] | diagonal host scatter              | 23.3     | 20.9    | 2.4  | exploratory / host scatter       |[0m
[0;37m[16:24:50] [INFO] | full covariance GLS slope          | 23.4     | 21.0    | 2.4  | free intercept; matches contrast |[0m
[0;37m[16:24:50] [INFO] | projected host-contrast covariance | 23.4     | 21.0    | 2.4  | primary environmental evidence   |[0m
[0;37m[16:24:50] [INFO] +------------------------------------+----------+---------+------+----------------------------------+[0m
[0;37m[16:24:50] [INFO] Projected Δχ² = 5.74; ΔBIC = 2.37 (headline)[0m
[0;37m[16:24:50] [INFO] WLS-implied κ_Cep = 1.041e+06 mag (Step 3 fitted 1.272e+06)[0m
[0;37m[16:24:50] [INFO] Correlation Tests (H0 vs Sigma)[0m
[0;37m[16:24:50] [INFO] +------------------+-----------+----------+----------------------------+[0m
[0;37m[16:24:50] [INFO] | Test             | Statistic | p-value  | Interpretation             |[0m
[0;37m[16:24:50] [INFO] +------------------+-----------+----------+----------------------------+[0m
[0;37m[16:24:50] [INFO] | Pearson r        | 0.4659    | 0.0109   | Parametric                 |[0m
[0;37m[16:24:50] [INFO] | Spearman ρ       | 0.5172    | 0.0041   | Non-parametric (rank)      |[0m
[0;37m[16:24:50] [INFO] | Bootstrap p      | -         | 0.0115   | Permutation (N=10000)      |[0m
[0;37m[16:24:50] [INFO] | GLS slope        | 2.441     | 0.0215   | Covariance-aware Wald test |[0m
[0;37m[16:24:50] [INFO] | Pearson p (cov)  | 0.4659    | 0.0031   | Parametric MVN null        |[0m
[0;37m[16:24:50] [INFO] | Spearman p (cov) | 0.5172    | 0.0041   | Parametric MVN null        |[0m
[0;37m[16:24:50] [INFO] | Bayes factor     | 3.2       | ΔBIC=2.4 | positive evidence for TEP  |[0m
[0;37m[16:24:50] [INFO] +------------------+-----------+----------+----------------------------+[0m
[1;32m[16:24:50] [SUCCESS] Saved covariance-aware results to /Users/matthewsmawfield/www/Temporal Equivalence Principle/TEP-H0/results/outputs/step_08_covariance_robustness.json[0m
[1;32m[16:24:50] [SUCCESS] Bootstrap p = 0.0115 < 0.05: Correlation is significant.[0m
[0;37m[16:24:50] [INFO] Jackknife Range: r in [0.4282, 0.5550][0m
[1;32m[16:24:50] [SUCCESS] Conclusion: correlation is robust. No single host drives the trend.[0m
[0;37m[16:24:50] [INFO] Most Influential Hosts (Supports Trend)[0m
[0;37m[16:24:50] [INFO] +----------+-------------+---------+[0m
[0;37m[16:24:50] [INFO] | Host     | r (without) | Delta r |[0m
[0;37m[16:24:50] [INFO] +----------+-------------+---------+[0m
[0;37m[16:24:50] [INFO] | NGC 3447 | 0.4282      | -0.0377 |[0m
[0;37m[16:24:50] [INFO] | NGC 5728 | 0.4349      | -0.0310 |[0m
[0;37m[16:24:50] [INFO] | NGC 3147 | 0.4390      | -0.0269 |[0m
[0;37m[16:24:50] [INFO] +----------+-------------+---------+[0m
[0;34m[16:24:50] [PROCESS] Generating Jackknife influence plot...[0m
[0;37m[16:24:50] [INFO] Initiating Out-of-Sample Validation (kappa_cep)[0m
[0;37m[16:24:54] [INFO] Out-of-Sample Validation Summary[0m
[0;37m[16:24:54] [INFO] +------------+------------------------+--------------------------+[0m
[0;37m[16:24:54] [INFO] | Validation | Metric                 | Value                    |[0m
[0;37m[16:24:54] [INFO] +------------+------------------------+--------------------------+[0m
[0;37m[16:24:54] [INFO] | Baseline   | Slope dH0/dsigma       | 0.0851                   |[0m
[0;37m[16:24:54] [INFO] | Baseline   | Pearson r (p)          | 0.466 (0.0109)           |[0m
[0;37m[16:24:54] [INFO] | Baseline   | Spearman rho (p)       | 0.517 (0.0041)           |[0m
[0;37m[16:24:54] [INFO] | Train/Test | kappa_cep mean ± std   | 1302956.726 ± 389842.123 |[0m
[0;37m[16:24:54] [INFO] | Train/Test | test slope median      | 0.0175                   |[0m
[0;37m[16:24:54] [INFO] | Train/Test | test |r| median        | 0.297                    |[0m
[0;37m[16:24:54] [INFO] | Train/Test | test H0 mean (median)  | 68.59                    |[0m
[0;37m[16:24:54] [INFO] | LOOCV      | kappa_cep mean ± std   | 1278370.614 ± 85232.360  |[0m
[0;37m[16:24:54] [INFO] | LOOCV      | pred slope dH0/dsigma  | -0.0120                  |[0m
[0;37m[16:24:54] [INFO] | LOOCV      | Pearson r (p)          | -0.070 (0.7181)          |[0m
[0;37m[16:24:54] [INFO] | LOOCV      | Spearman rho (p)       | 0.088 (0.6511)           |[0m
[0;37m[16:24:54] [INFO] | LOOCV      | H0 mean ± SEM          | 68.67 ± 1.34             |[0m
[0;37m[16:24:54] [INFO] | LOOCV      | Planck tension (sigma) | 0.89                     |[0m
[0;37m[16:24:54] [INFO] +------------+------------------------+--------------------------+[0m
[1;32m[16:24:54] [SUCCESS] Saved out-of-sample validation to /Users/matthewsmawfield/www/Temporal Equivalence Principle/TEP-H0/results/outputs/step_08_out_of_sample_validation.json[0m
[0;37m[16:24:54] [INFO] Initiating Bivariate Analysis...[0m
[0;37m[16:24:54] [INFO] Loaded 29 hosts for Bivariate Analysis.[0m
[0;37m[16:24:54] [INFO] Bivariate Analysis Results[0m
[0;37m[16:24:54] [INFO] +----------------------+------------------+-------------+---------+[0m
[0;37m[16:24:54] [INFO] | Relation             | Correlation Type | Coefficient | p-value |[0m
[0;37m[16:24:54] [INFO] +----------------------+------------------+-------------+---------+[0m
[0;37m[16:24:54] [INFO] | H0 vs Sigma          | Pearson (Raw)    | 0.466       | 0.0109  |[0m
[0;37m[16:24:54] [INFO] | H0 vs Metallicity    | Pearson (Raw)    | 0.304       | 0.1087  |[0m
[0;37m[16:24:54] [INFO] | Sigma vs Metallicity | Pearson (Raw)    | 0.137       | 0.4799  |[0m
[0;37m[16:24:54] [INFO] | H0 vs Sigma | Z      | Partial          | 0.450       | 0.0164  |[0m
[0;37m[16:24:54] [INFO] | H0 vs Z | Sigma      | Partial          | 0.274       | 0.1577  |[0m
[0;37m[16:24:54] [INFO] +----------------------+------------------+-------------+---------+[0m
[1;32m[16:24:54] [SUCCESS] Saved stats to /Users/matthewsmawfield/www/Temporal Equivalence Principle/TEP-H0/results/outputs/step_08_bivariate_stats.txt[0m
[1;32m[16:24:56] [SUCCESS] Saved bivariate plot to /Users/matthewsmawfield/www/Temporal Equivalence Principle/TEP-H0/results/figures/step_08_figure_02_bivariate_h0_sigma_metallicity.png[0m
[1;32m[16:24:56] [SUCCESS] Copied bivariate plot to /Users/matthewsmawfield/www/Temporal Equivalence Principle/TEP-H0/site/public/figures/step_08_figure_02_bivariate_h0_sigma_metallicity.png[0m
[0;37m[16:24:56] [INFO] Redshift Cut Sensitivity Scan...[0m
[0;37m[16:24:56] [INFO] Calculating Effective Calibrator Sigma...[0m
[0;37m[16:24:56] [INFO] Using SH0ES-motivated weights (based on P-L contribution).[0m
[0;37m[16:24:56] [INFO] Geometric Anchor Sample (S from Nmb formula)[0m
[0;37m[16:24:56] [INFO] +----------+--------------+-----+-------+--------+----------------------------+[0m
[0;37m[16:24:56] [INFO] | Anchor   | Sigma (km/s) | Nmb | S     | Weight | Description                |[0m
[0;37m[16:24:56] [INFO] +----------+--------------+-----+-------+--------+----------------------------+[0m
[0;37m[16:24:56] [INFO] | MW       | 30.0         | 7   | 0.605 | 0.20   | Milky Way Disk (Bovy+2012) |[0m
[0;37m[16:24:56] [INFO] | LMC      | 24.0         | 2   | 0.873 | 0.25   | LMC Disk (vdMarel+2002)    |[0m
[0;37m[16:24:56] [INFO] | NGC 4258 | 115.0        | 65  | 0.096 | 0.55   | NGC 4258 Disk (K&H2013)    |[0m
[0;37m[16:24:56] [INFO] +----------+--------------+-----+-------+--------+----------------------------+[0m
[1;32m[16:24:56] [SUCCESS] Standard Reference Sigma (σ_ref):       87.17 km/s[0m
[1;32m[16:24:56] [SUCCESS] Screened-Effective Sigma (σ_ref,scr):   30.51 km/s  (NGC 4258 contribution down-weighted by S=0.10)[0m
[0;37m[16:25:09] [INFO] Optimizing TEP Coupling (κ_Cep)...[0m
[0;37m[16:25:09] [INFO] Optimization converged: True[0m
[1;32m[16:25:09] [SUCCESS] Optimal Observable Response Coefficient (κ_Cep): 1.403e+06 mag[0m
[0;37m[16:25:09] [INFO] Mean effective coupling (κ_Cep·⟨S⟩): 1.403e+06[0m
[0;37m[16:25:09] [INFO] Applying Conformal Correction...[0m
[0;37m[16:25:10] [INFO] Sample Corrections (Suppression-Aware)[0m
[0;37m[16:25:10] [INFO] +----------+-------+--------+----------+------------+----------+[0m
[0;37m[16:25:10] [INFO] | Host     | Sigma | S(rho) | H0 (Raw) | Corr (mag) | H0 (TEP) |[0m
[0;37m[16:25:10] [INFO] +----------+-------+--------+----------+------------+----------+[0m
[0;37m[16:25:10] [INFO] | NGC 7250 | 50.4  | 1.000  | 61.82    | -0.0789    | 64.11    |[0m
[0;37m[16:25:10] [INFO] | UGC 9391 | 72.8  | 1.000  | 61.23    | -0.0358    | 62.24    |[0m
[0;37m[16:25:10] [INFO] | NGC 5643 | 99.8  | 1.000  | 78.52    | +0.0369    | 77.20    |[0m
[0;37m[16:25:10] [INFO] | NGC 3583 | 102.7 | 1.000  | 71.09    | +0.0460    | 69.60    |[0m
[0;37m[16:25:10] [INFO] | NGC 3254 | 109.5 | 1.000  | 64.24    | +0.0684    | 62.24    |[0m
[0;37m[16:25:10] [INFO] +----------+-------+--------+----------+------------+----------+[0m
[0;37m[16:25:10] [INFO] ------------------------------------------------------------[0m
[1;32m[16:25:10] [SUCCESS] UNIFIED H0 (Statistical): 66.03 +/- 1.46 km/s/Mpc[0m
[0;37m[16:25:10] [INFO] Note: This error (SEM) assumes κ_Cep is fixed/known perfectly.[0m
[0;37m[16:25:10] [INFO] ------------------------------------------------------------[0m
[0;37m[16:25:10] [INFO] Optimizing TEP Coupling (κ_Cep)...[0m
[0;37m[16:25:10] [INFO] Optimization converged: True[0m
[1;32m[16:25:10] [SUCCESS] Optimal Observable Response Coefficient (κ_Cep): 1.254e+06 mag[0m
[0;37m[16:25:10] [INFO] Mean effective coupling (κ_Cep·⟨S⟩): 1.254e+06[0m
[0;37m[16:25:10] [INFO] Optimizing TEP Coupling (κ_Cep)...[0m
[0;37m[16:25:10] [INFO] Optimization converged: True[0m
[1;32m[16:25:10] [SUCCESS] Optimal Observable Response Coefficient (κ_Cep): 1.398e+06 mag[0m
[0;37m[16:25:10] [INFO] Mean effective coupling (κ_Cep·⟨S⟩): 1.398e+06[0m
[0;37m[16:25:10] [INFO] Optimizing TEP Coupling (κ_Cep)...[0m
[0;37m[16:25:10] [INFO] Optimization converged: True[0m
[1;32m[16:25:10] [SUCCESS] Optimal Observable Response Coefficient (κ_Cep): 1.394e+06 mag[0m
[0;37m[16:25:10] [INFO] Mean effective coupling (κ_Cep·⟨S⟩): 1.394e+06[0m
[0;37m[16:25:10] [INFO] Optimizing TEP Coupling (κ_Cep)...[0m
[0;37m[16:25:10] [INFO] Optimization converged: True[0m
[1;32m[16:25:10] [SUCCESS] Optimal Observable Response Coefficient (κ_Cep): 1.399e+06 mag[0m
[0;37m[16:25:10] [INFO] Mean effective coupling (κ_Cep·⟨S⟩): 1.399e+06[0m
[0;37m[16:25:10] [INFO] Optimizing TEP Coupling (κ_Cep)...[0m
[0;37m[16:25:10] [INFO] Optimization converged: True[0m
[1;32m[16:25:10] [SUCCESS] Optimal Observable Response Coefficient (κ_Cep): 1.408e+06 mag[0m
[0;37m[16:25:10] [INFO] Mean effective coupling (κ_Cep·⟨S⟩): 1.408e+06[0m
[0;37m[16:25:10] [INFO] Optimizing TEP Coupling (κ_Cep)...[0m
[0;37m[16:25:10] [INFO] Optimization converged: True[0m
[1;32m[16:25:10] [SUCCESS] Optimal Observable Response Coefficient (κ_Cep): 1.341e+06 mag[0m
[0;37m[16:25:10] [INFO] Mean effective coupling (κ_Cep·⟨S⟩): 1.341e+06[0m
[0;37m[16:25:10] [INFO] Optimizing TEP Coupling (κ_Cep)...[0m
[0;37m[16:25:10] [INFO] Optimization converged: True[0m
[1;32m[16:25:10] [SUCCESS] Optimal Observable Response Coefficient (κ_Cep): 1.384e+06 mag[0m
[0;37m[16:25:10] [INFO] Mean effective coupling (κ_Cep·⟨S⟩): 1.384e+06[0m
[0;37m[16:25:10] [INFO] Optimizing TEP Coupling (κ_Cep)...[0m
[0;37m[16:25:10] [INFO] Optimization converged: True[0m
[1;32m[16:25:10] [SUCCESS] Optimal Observable Response Coefficient (κ_Cep): 1.392e+06 mag[0m
[0;37m[16:25:10] [INFO] Mean effective coupling (κ_Cep·⟨S⟩): 1.392e+06[0m
[0;37m[16:25:10] [INFO] Optimizing TEP Coupling (κ_Cep)...[0m
[0;37m[16:25:10] [INFO] Optimization converged: True[0m
[1;32m[16:25:10] [SUCCESS] Optimal Observable Response Coefficient (κ_Cep): 1.372e+06 mag[0m
[0;37m[16:25:10] [INFO] Mean effective coupling (κ_Cep·⟨S⟩): 1.372e+06[0m
[0;37m[16:25:10] [INFO] Optimizing TEP Coupling (κ_Cep)...[0m
[0;37m[16:25:10] [INFO] Optimization converged: True[0m
[1;32m[16:25:10] [SUCCESS] Optimal Observable Response Coefficient (κ_Cep): 1.426e+06 mag[0m
[0;37m[16:25:10] [INFO] Mean effective coupling (κ_Cep·⟨S⟩): 1.426e+06[0m
[0;37m[16:25:10] [INFO] Optimizing TEP Coupling (κ_Cep)...[0m
[0;37m[16:25:10] [INFO] Optimization converged: True[0m
[1;32m[16:25:10] [SUCCESS] Optimal Observable Response Coefficient (κ_Cep): 1.428e+06 mag[0m
[0;37m[16:25:10] [INFO] Mean effective coupling (κ_Cep·⟨S⟩): 1.428e+06[0m
[0;37m[16:25:10] [INFO] Optimizing TEP Coupling (κ_Cep)...[0m
[0;37m[16:25:10] [INFO] Optimization converged: True[0m
[1;32m[16:25:10] [SUCCESS] Optimal Observable Response Coefficient (κ_Cep): 1.436e+06 mag[0m
[0;37m[16:25:10] [INFO] Mean effective coupling (κ_Cep·⟨S⟩): 1.436e+06[0m
[0;37m[16:25:10] [INFO] Optimizing TEP Coupling (κ_Cep)...[0m
[0;37m[16:25:10] [INFO] Optimization converged: True[0m
[1;32m[16:25:10] [SUCCESS] Optimal Observable Response Coefficient (κ_Cep): 1.764e+06 mag[0m
[0;37m[16:25:10] [INFO] Mean effective coupling (κ_Cep·⟨S⟩): 1.764e+06[0m
[0;37m[16:25:10] [INFO] Optimizing TEP Coupling (κ_Cep)...[0m
[0;37m[16:25:10] [INFO] Optimization converged: True[0m
[1;32m[16:25:10] [SUCCESS] Optimal Observable Response Coefficient (κ_Cep): 1.413e+06 mag[0m
[0;37m[16:25:10] [INFO] Mean effective coupling (κ_Cep·⟨S⟩): 1.413e+06[0m
[0;37m[16:25:10] [INFO] Optimizing TEP Coupling (κ_Cep)...[0m
[0;37m[16:25:10] [INFO] Optimization converged: True[0m
[1;32m[16:25:10] [SUCCESS] Optimal Observable Response Coefficient (κ_Cep): 1.405e+06 mag[0m
[0;37m[16:25:10] [INFO] Mean effective coupling (κ_Cep·⟨S⟩): 1.405e+06[0m
[0;37m[16:25:10] [INFO] Optimizing TEP Coupling (κ_Cep)...[0m
[0;37m[16:25:10] [INFO] Optimization converged: True[0m
[1;32m[16:25:10] [SUCCESS] Optimal Observable Response Coefficient (κ_Cep): 1.339e+06 mag[0m
[0;37m[16:25:10] [INFO] Mean effective coupling (κ_Cep·⟨S⟩): 1.339e+06[0m
[0;37m[16:25:10] [INFO] Optimizing TEP Coupling (κ_Cep)...[0m
[0;37m[16:25:10] [INFO] Optimization converged: True[0m
[1;32m[16:25:10] [SUCCESS] Optimal Observable Response Coefficient (κ_Cep): 1.396e+06 mag[0m
[0;37m[16:25:10] [INFO] Mean effective coupling (κ_Cep·⟨S⟩): 1.396e+06[0m
[0;37m[16:25:10] [INFO] Optimizing TEP Coupling (κ_Cep)...[0m
[0;37m[16:25:10] [INFO] Optimization converged: True[0m
[1;32m[16:25:10] [SUCCESS] Optimal Observable Response Coefficient (κ_Cep): 1.312e+06 mag[0m
[0;37m[16:25:10] [INFO] Mean effective coupling (κ_Cep·⟨S⟩): 1.312e+06[0m
[0;37m[16:25:10] [INFO] Optimizing TEP Coupling (κ_Cep)...[0m
[0;37m[16:25:10] [INFO] Optimization converged: True[0m
[1;32m[16:25:10] [SUCCESS] Optimal Observable Response Coefficient (κ_Cep): 1.359e+06 mag[0m
[0;37m[16:25:10] [INFO] Mean effective coupling (κ_Cep·⟨S⟩): 1.359e+06[0m
[0;37m[16:25:10] [INFO] Optimizing TEP Coupling (κ_Cep)...[0m
[0;37m[16:25:10] [INFO] Optimization converged: True[0m
[1;32m[16:25:10] [SUCCESS] Optimal Observable Response Coefficient (κ_Cep): 1.391e+06 mag[0m
[0;37m[16:25:10] [INFO] Mean effective coupling (κ_Cep·⟨S⟩): 1.391e+06[0m
[0;37m[16:25:10] [INFO] Optimizing TEP Coupling (κ_Cep)...[0m
[0;37m[16:25:10] [INFO] Optimization converged: True[0m
[1;32m[16:25:10] [SUCCESS] Optimal Observable Response Coefficient (κ_Cep): 1.311e+06 mag[0m
[0;37m[16:25:10] [INFO] Mean effective coupling (κ_Cep·⟨S⟩): 1.311e+06[0m
[0;37m[16:25:10] [INFO] Optimizing TEP Coupling (κ_Cep)...[0m
[0;37m[16:25:10] [INFO] Optimization converged: True[0m
[1;32m[16:25:10] [SUCCESS] Optimal Observable Response Coefficient (κ_Cep): 1.403e+06 mag[0m
[0;37m[16:25:10] [INFO] Mean effective coupling (κ_Cep·⟨S⟩): 1.403e+06[0m
[0;37m[16:25:10] [INFO] Optimizing TEP Coupling (κ_Cep)...[0m
[0;37m[16:25:10] [INFO] Optimization converged: True[0m
[1;32m[16:25:10] [SUCCESS] Optimal Observable Response Coefficient (κ_Cep): 1.410e+06 mag[0m
[0;37m[16:25:10] [INFO] Mean effective coupling (κ_Cep·⟨S⟩): 1.410e+06[0m
[0;37m[16:25:10] [INFO] Optimizing TEP Coupling (κ_Cep)...[0m
[0;37m[16:25:10] [INFO] Optimization converged: True[0m
[1;32m[16:25:10] [SUCCESS] Optimal Observable Response Coefficient (κ_Cep): 1.388e+06 mag[0m
[0;37m[16:25:10] [INFO] Mean effective coupling (κ_Cep·⟨S⟩): 1.388e+06[0m
[0;37m[16:25:10] [INFO] Optimizing TEP Coupling (κ_Cep)...[0m
[0;37m[16:25:10] [INFO] Optimization converged: True[0m
[1;32m[16:25:10] [SUCCESS] Optimal Observable Response Coefficient (κ_Cep): 1.416e+06 mag[0m
[0;37m[16:25:10] [INFO] Mean effective coupling (κ_Cep·⟨S⟩): 1.416e+06[0m
[0;37m[16:25:10] [INFO] Optimizing TEP Coupling (κ_Cep)...[0m
[0;37m[16:25:10] [INFO] Optimization converged: True[0m
[1;32m[16:25:10] [SUCCESS] Optimal Observable Response Coefficient (κ_Cep): 1.409e+06 mag[0m
[0;37m[16:25:10] [INFO] Mean effective coupling (κ_Cep·⟨S⟩): 1.409e+06[0m
[0;37m[16:25:10] [INFO] Optimizing TEP Coupling (κ_Cep)...[0m
[0;37m[16:25:10] [INFO] Optimization converged: True[0m
[1;32m[16:25:10] [SUCCESS] Optimal Observable Response Coefficient (κ_Cep): 1.391e+06 mag[0m
[0;37m[16:25:10] [INFO] Mean effective coupling (κ_Cep·⟨S⟩): 1.391e+06[0m
[0;37m[16:25:10] [INFO] Optimizing TEP Coupling (κ_Cep)...[0m
[0;37m[16:25:10] [INFO] Optimization converged: True[0m
[1;32m[16:25:10] [SUCCESS] Optimal Observable Response Coefficient (κ_Cep): 1.370e+06 mag[0m
[0;37m[16:25:10] [INFO] Mean effective coupling (κ_Cep·⟨S⟩): 1.370e+06[0m
[0;37m[16:25:10] [INFO] Optimizing TEP Coupling (κ_Cep)...[0m
[0;37m[16:25:10] [INFO] Optimization converged: True[0m
[1;32m[16:25:10] [SUCCESS] Optimal Observable Response Coefficient (κ_Cep): 1.389e+06 mag[0m
[0;37m[16:25:10] [INFO] Mean effective coupling (κ_Cep·⟨S⟩): 1.389e+06[0m
[0;37m[16:25:10] [INFO] Optimizing TEP Coupling (κ_Cep)...[0m
[0;37m[16:25:10] [INFO] Optimization converged: True[0m
[1;32m[16:25:10] [SUCCESS] Optimal Observable Response Coefficient (κ_Cep): 1.486e+06 mag[0m
[0;37m[16:25:10] [INFO] Mean effective coupling (κ_Cep·⟨S⟩): 1.486e+06[0m
[0;37m[16:25:10] [INFO] Optimizing TEP Coupling (κ_Cep)...[0m
[0;37m[16:25:10] [INFO] Optimization converged: True[0m
[1;32m[16:25:10] [SUCCESS] Optimal Observable Response Coefficient (κ_Cep): 1.390e+06 mag[0m
[0;37m[16:25:10] [INFO] Mean effective coupling (κ_Cep·⟨S⟩): 1.390e+06[0m
[0;37m[16:25:10] [INFO] Optimizing TEP Coupling (κ_Cep)...[0m
[0;37m[16:25:10] [INFO] Optimization converged: True[0m
[1;32m[16:25:10] [SUCCESS] Optimal Observable Response Coefficient (κ_Cep): 1.402e+06 mag[0m
[0;37m[16:25:10] [INFO] Mean effective coupling (κ_Cep·⟨S⟩): 1.402e+06[0m
[0;37m[16:25:10] [INFO] Optimizing TEP Coupling (κ_Cep)...[0m
[0;37m[16:25:10] [INFO] Optimization converged: True[0m
[1;32m[16:25:10] [SUCCESS] Optimal Observable Response Coefficient (κ_Cep): 1.475e+06 mag[0m
[0;37m[16:25:10] [INFO] Mean effective coupling (κ_Cep·⟨S⟩): 1.475e+06[0m
[0;37m[16:25:10] [INFO] Optimizing TEP Coupling (κ_Cep)...[0m
[0;37m[16:25:10] [INFO] Optimization converged: True[0m
[1;32m[16:25:10] [SUCCESS] Optimal Observable Response Coefficient (κ_Cep): 1.397e+06 mag[0m
[0;37m[16:25:10] [INFO] Mean effective coupling (κ_Cep·⟨S⟩): 1.397e+06[0m
[0;37m[16:25:10] [INFO] Optimizing TEP Coupling (κ_Cep)...[0m
[0;37m[16:25:10] [INFO] Optimization converged: True[0m
[1;32m[16:25:10] [SUCCESS] Optimal Observable Response Coefficient (κ_Cep): 1.654e+06 mag[0m
[0;37m[16:25:10] [INFO] Mean effective coupling (κ_Cep·⟨S⟩): 1.654e+06[0m
[0;37m[16:25:10] [INFO] Optimizing TEP Coupling (κ_Cep)...[0m
[0;37m[16:25:10] [INFO] Optimization converged: True[0m
[1;32m[16:25:10] [SUCCESS] Optimal Observable Response Coefficient (κ_Cep): 1.387e+06 mag[0m
[0;37m[16:25:10] [INFO] Mean effective coupling (κ_Cep·⟨S⟩): 1.387e+06[0m
[0;37m[16:25:22] [INFO] Optimizing TEP Coupling (κ_Cep)...[0m
[0;37m[16:25:22] [INFO] Optimization converged: True[0m
[1;32m[16:25:22] [SUCCESS] Optimal Observable Response Coefficient (κ_Cep): 9.134e+05 mag[0m
[0;37m[16:25:22] [INFO] Mean effective coupling (κ_Cep·⟨S⟩): 9.134e+05[0m
[0;37m[16:25:22] [INFO] Applying Conformal Correction...[0m
[0;37m[16:25:22] [INFO] Sample Corrections (Suppression-Aware)[0m
[0;37m[16:25:22] [INFO] +----------+-------+--------+----------+------------+----------+[0m
[0;37m[16:25:22] [INFO] | Host     | Sigma | S(rho) | H0 (Raw) | Corr (mag) | H0 (TEP) |[0m
[0;37m[16:25:22] [INFO] +----------+-------+--------+----------+------------+----------+[0m
[0;37m[16:25:22] [INFO] | NGC 5917 | 52.6  | 1.000  | 72.56    | -0.0491    | 74.22    |[0m
[0;37m[16:25:22] [INFO] | NGC 3370 | 80.5  | 1.000  | 65.72    | -0.0114    | 66.07    |[0m
[0;37m[16:25:22] [INFO] | NGC 2608 | 83.4  | 1.000  | 76.42    | -0.0065    | 76.65    |[0m
[0;37m[16:25:22] [INFO] | NGC 4639 | 96.4  | 1.000  | 47.25    | +0.0172    | 46.88    |[0m
[0;37m[16:25:22] [INFO] | NGC 976  | 212.7 | 1.000  | 76.91    | +0.3826    | 64.49    |[0m
[0;37m[16:25:22] [INFO] +----------+-------+--------+----------+------------+----------+[0m
[0;37m[16:25:22] [INFO] ------------------------------------------------------------[0m
[1;32m[16:25:22] [SUCCESS] UNIFIED H0 (Statistical): 68.67 +/- 1.30 km/s/Mpc[0m
[0;37m[16:25:22] [INFO] Note: This error (SEM) assumes κ_Cep is fixed/known perfectly.[0m
[0;37m[16:25:22] [INFO] ------------------------------------------------------------[0m
[0;37m[16:25:22] [INFO] Optimizing TEP Coupling (κ_Cep)...[0m
[0;37m[16:25:22] [INFO] Optimization converged: True[0m
[1;32m[16:25:22] [SUCCESS] Optimal Observable Response Coefficient (κ_Cep): 9.130e+05 mag[0m
[0;37m[16:25:22] [INFO] Mean effective coupling (κ_Cep·⟨S⟩): 9.130e+05[0m
[0;37m[16:25:22] [INFO] Optimizing TEP Coupling (κ_Cep)...[0m
[0;37m[16:25:22] [INFO] Optimization converged: True[0m
[1;32m[16:25:22] [SUCCESS] Optimal Observable Response Coefficient (κ_Cep): 9.117e+05 mag[0m
[0;37m[16:25:22] [INFO] Mean effective coupling (κ_Cep·⟨S⟩): 9.117e+05[0m
[0;37m[16:25:22] [INFO] Optimizing TEP Coupling (κ_Cep)...[0m
[0;37m[16:25:22] [INFO] Optimization converged: True[0m
[1;32m[16:25:22] [SUCCESS] Optimal Observable Response Coefficient (κ_Cep): 8.969e+05 mag[0m
[0;37m[16:25:22] [INFO] Mean effective coupling (κ_Cep·⟨S⟩): 8.969e+05[0m
[0;37m[16:25:22] [INFO] Optimizing TEP Coupling (κ_Cep)...[0m
[0;37m[16:25:22] [INFO] Optimization converged: True[0m
[1;32m[16:25:22] [SUCCESS] Optimal Observable Response Coefficient (κ_Cep): 9.123e+05 mag[0m
[0;37m[16:25:22] [INFO] Mean effective coupling (κ_Cep·⟨S⟩): 9.123e+05[0m
[0;37m[16:25:22] [INFO] Optimizing TEP Coupling (κ_Cep)...[0m
[0;37m[16:25:22] [INFO] Optimization converged: True[0m
[1;32m[16:25:22] [SUCCESS] Optimal Observable Response Coefficient (κ_Cep): 8.622e+05 mag[0m
[0;37m[16:25:22] [INFO] Mean effective coupling (κ_Cep·⟨S⟩): 8.622e+05[0m
[0;37m[16:25:22] [INFO] Optimizing TEP Coupling (κ_Cep)...[0m
[0;37m[16:25:22] [INFO] Optimization converged: True[0m
[1;32m[16:25:22] [SUCCESS] Optimal Observable Response Coefficient (κ_Cep): 8.754e+05 mag[0m
[0;37m[16:25:22] [INFO] Mean effective coupling (κ_Cep·⟨S⟩): 8.754e+05[0m
[0;37m[16:25:22] [INFO] Optimizing TEP Coupling (κ_Cep)...[0m
[0;37m[16:25:22] [INFO] Optimization converged: True[0m
[1;32m[16:25:22] [SUCCESS] Optimal Observable Response Coefficient (κ_Cep): 8.927e+05 mag[0m
[0;37m[16:25:22] [INFO] Mean effective coupling (κ_Cep·⟨S⟩): 8.927e+05[0m
[0;37m[16:25:22] [INFO] Optimizing TEP Coupling (κ_Cep)...[0m
[0;37m[16:25:22] [INFO] Optimization converged: True[0m
[1;32m[16:25:22] [SUCCESS] Optimal Observable Response Coefficient (κ_Cep): 9.311e+05 mag[0m
[0;37m[16:25:22] [INFO] Mean effective coupling (κ_Cep·⟨S⟩): 9.311e+05[0m
[0;37m[16:25:22] [INFO] Optimizing TEP Coupling (κ_Cep)...[0m
[0;37m[16:25:22] [INFO] Optimization converged: True[0m
[1;32m[16:25:22] [SUCCESS] Optimal Observable Response Coefficient (κ_Cep): 9.423e+05 mag[0m
[0;37m[16:25:22] [INFO] Mean effective coupling (κ_Cep·⟨S⟩): 9.423e+05[0m
[0;37m[16:25:22] [INFO] Optimizing TEP Coupling (κ_Cep)...[0m
[0;37m[16:25:22] [INFO] Optimization converged: True[0m
[1;32m[16:25:22] [SUCCESS] Optimal Observable Response Coefficient (κ_Cep): 9.160e+05 mag[0m
[0;37m[16:25:22] [INFO] Mean effective coupling (κ_Cep·⟨S⟩): 9.160e+05[0m
[0;37m[16:25:22] [INFO] Optimizing TEP Coupling (κ_Cep)...[0m
[0;37m[16:25:22] [INFO] Optimization converged: True[0m
[1;32m[16:25:22] [SUCCESS] Optimal Observable Response Coefficient (κ_Cep): 1.113e+06 mag[0m
[0;37m[16:25:22] [INFO] Mean effective coupling (κ_Cep·⟨S⟩): 1.113e+06[0m
[0;37m[16:25:22] [INFO] Optimizing TEP Coupling (κ_Cep)...[0m
[0;37m[16:25:22] [INFO] Optimization converged: True[0m
[1;32m[16:25:22] [SUCCESS] Optimal Observable Response Coefficient (κ_Cep): 9.257e+05 mag[0m
[0;37m[16:25:22] [INFO] Mean effective coupling (κ_Cep·⟨S⟩): 9.257e+05[0m
[0;37m[16:25:22] [INFO] Optimizing TEP Coupling (κ_Cep)...[0m
[0;37m[16:25:22] [INFO] Optimization converged: True[0m
[1;32m[16:25:22] [SUCCESS] Optimal Observable Response Coefficient (κ_Cep): 9.035e+05 mag[0m
[0;37m[16:25:22] [INFO] Mean effective coupling (κ_Cep·⟨S⟩): 9.035e+05[0m
[0;37m[16:25:22] [INFO] Optimizing TEP Coupling (κ_Cep)...[0m
[0;37m[16:25:22] [INFO] Optimization converged: True[0m
[1;32m[16:25:22] [SUCCESS] Optimal Observable Response Coefficient (κ_Cep): 7.926e+05 mag[0m
[0;37m[16:25:22] [INFO] Mean effective coupling (κ_Cep·⟨S⟩): 7.926e+05[0m
[0;37m[16:25:22] [INFO] Optimizing TEP Coupling (κ_Cep)...[0m
[0;37m[16:25:22] [INFO] Optimization converged: True[0m
[1;32m[16:25:22] [SUCCESS] Optimal Observable Response Coefficient (κ_Cep): 9.121e+05 mag[0m
[0;37m[16:25:22] [INFO] Mean effective coupling (κ_Cep·⟨S⟩): 9.121e+05[0m
[0;37m[16:25:22] [INFO] Optimizing TEP Coupling (κ_Cep)...[0m
[0;37m[16:25:22] [INFO] Optimization converged: True[0m
[1;32m[16:25:22] [SUCCESS] Optimal Observable Response Coefficient (κ_Cep): 9.143e+05 mag[0m
[0;37m[16:25:22] [INFO] Mean effective coupling (κ_Cep·⟨S⟩): 9.143e+05[0m
[0;37m[16:25:22] [INFO] Optimizing TEP Coupling (κ_Cep)...[0m
[0;37m[16:25:22] [INFO] Optimization converged: True[0m
[1;32m[16:25:22] [SUCCESS] Optimal Observable Response Coefficient (κ_Cep): 8.946e+05 mag[0m
[0;37m[16:25:22] [INFO] Mean effective coupling (κ_Cep·⟨S⟩): 8.946e+05[0m
[0;37m[16:25:22] [INFO] Optimizing TEP Coupling (κ_Cep)...[0m
[0;37m[16:25:22] [INFO] Optimization converged: True[0m
[1;32m[16:25:22] [SUCCESS] Optimal Observable Response Coefficient (κ_Cep): 9.112e+05 mag[0m
[0;37m[16:25:22] [INFO] Mean effective coupling (κ_Cep·⟨S⟩): 9.112e+05[0m
[0;37m[16:25:22] [INFO] Optimizing TEP Coupling (κ_Cep)...[0m
[0;37m[16:25:22] [INFO] Optimization converged: True[0m
[1;32m[16:25:22] [SUCCESS] Optimal Observable Response Coefficient (κ_Cep): 9.026e+05 mag[0m
[0;37m[16:25:22] [INFO] Mean effective coupling (κ_Cep·⟨S⟩): 9.026e+05[0m
[0;37m[16:25:22] [INFO] Optimizing TEP Coupling (κ_Cep)...[0m
[0;37m[16:25:22] [INFO] Optimization converged: True[0m
[1;32m[16:25:22] [SUCCESS] Optimal Observable Response Coefficient (κ_Cep): 9.294e+05 mag[0m
[0;37m[16:25:22] [INFO] Mean effective coupling (κ_Cep·⟨S⟩): 9.294e+05[0m
[0;37m[16:25:22] [INFO] Optimizing TEP Coupling (κ_Cep)...[0m
[0;37m[16:25:22] [INFO] Optimization converged: True[0m
[1;32m[16:25:22] [SUCCESS] Optimal Observable Response Coefficient (κ_Cep): 8.708e+05 mag[0m
[0;37m[16:25:22] [INFO] Mean effective coupling (κ_Cep·⟨S⟩): 8.708e+05[0m
[0;37m[16:25:22] [INFO] Optimizing TEP Coupling (κ_Cep)...[0m
[0;37m[16:25:22] [INFO] Optimization converged: True[0m
[1;32m[16:25:22] [SUCCESS] Optimal Observable Response Coefficient (κ_Cep): 9.077e+05 mag[0m
[0;37m[16:25:22] [INFO] Mean effective coupling (κ_Cep·⟨S⟩): 9.077e+05[0m
[0;37m[16:25:22] [INFO] Optimizing TEP Coupling (κ_Cep)...[0m
[0;37m[16:25:22] [INFO] Optimization converged: True[0m
[1;32m[16:25:22] [SUCCESS] Optimal Observable Response Coefficient (κ_Cep): 9.754e+05 mag[0m
[0;37m[16:25:22] [INFO] Mean effective coupling (κ_Cep·⟨S⟩): 9.754e+05[0m
[0;37m[16:25:22] [INFO] Optimizing TEP Coupling (κ_Cep)...[0m
[0;37m[16:25:22] [INFO] Optimization converged: True[0m
[1;32m[16:25:22] [SUCCESS] Optimal Observable Response Coefficient (κ_Cep): 8.539e+05 mag[0m
[0;37m[16:25:22] [INFO] Mean effective coupling (κ_Cep·⟨S⟩): 8.539e+05[0m
[0;37m[16:25:23] [INFO] Optimizing TEP Coupling (κ_Cep)...[0m
[0;37m[16:25:23] [INFO] Optimization converged: True[0m
[1;32m[16:25:23] [SUCCESS] Optimal Observable Response Coefficient (κ_Cep): 9.202e+05 mag[0m
[0;37m[16:25:23] [INFO] Mean effective coupling (κ_Cep·⟨S⟩): 9.202e+05[0m
[0;37m[16:25:23] [INFO] Optimizing TEP Coupling (κ_Cep)...[0m
[0;37m[16:25:23] [INFO] Optimization converged: True[0m
[1;32m[16:25:23] [SUCCESS] Optimal Observable Response Coefficient (κ_Cep): 9.747e+05 mag[0m
[0;37m[16:25:23] [INFO] Mean effective coupling (κ_Cep·⟨S⟩): 9.747e+05[0m
[0;37m[16:25:23] [INFO] Optimizing TEP Coupling (κ_Cep)...[0m
[0;37m[16:25:23] [INFO] Optimization converged: True[0m
[1;32m[16:25:23] [SUCCESS] Optimal Observable Response Coefficient (κ_Cep): 9.125e+05 mag[0m
[0;37m[16:25:23] [INFO] Mean effective coupling (κ_Cep·⟨S⟩): 9.125e+05[0m
[0;37m[16:25:23] [INFO] Optimizing TEP Coupling (κ_Cep)...[0m
[0;37m[16:25:23] [INFO] Optimization converged: True[0m
[1;32m[16:25:23] [SUCCESS] Optimal Observable Response Coefficient (κ_Cep): 1.055e+06 mag[0m
[0;37m[16:25:23] [INFO] Mean effective coupling (κ_Cep·⟨S⟩): 1.055e+06[0m
[0;37m[16:25:23] [INFO] Optimizing TEP Coupling (κ_Cep)...[0m
[0;37m[16:25:23] [INFO] Optimization converged: True[0m
[1;32m[16:25:23] [SUCCESS] Optimal Observable Response Coefficient (κ_Cep): 8.723e+05 mag[0m
[0;37m[16:25:23] [INFO] Mean effective coupling (κ_Cep·⟨S⟩): 8.723e+05[0m
[0;37m[16:25:27] [INFO] Optimizing TEP Coupling (κ_Cep)...[0m
[0;37m[16:25:27] [INFO] Optimization converged: True[0m
[1;32m[16:25:27] [SUCCESS] Optimal Observable Response Coefficient (κ_Cep): 8.946e+05 mag[0m
[0;37m[16:25:27] [INFO] Mean effective coupling (κ_Cep·⟨S⟩): 8.946e+05[0m
[0;37m[16:25:27] [INFO] Applying Conformal Correction...[0m
[0;37m[16:25:27] [INFO] Sample Corrections (Suppression-Aware)[0m
[0;37m[16:25:27] [INFO] +----------+-------+--------+----------+------------+----------+[0m
[0;37m[16:25:27] [INFO] | Host     | Sigma | S(rho) | H0 (Raw) | Corr (mag) | H0 (TEP) |[0m
[0;37m[16:25:27] [INFO] +----------+-------+--------+----------+------------+----------+[0m
[0;37m[16:25:27] [INFO] | NGC 5917 | 52.6  | 1.000  | 72.56    | -0.0480    | 74.18    |[0m
[0;37m[16:25:27] [INFO] | NGC 3021 | 54.2  | 1.000  | 67.07    | -0.0464    | 68.52    |[0m
[0;37m[16:25:27] [INFO] | NGC 2608 | 83.4  | 1.000  | 76.42    | -0.0064    | 76.65    |[0m
[0;37m[16:25:27] [INFO] | NGC 0691 | 101.8 | 1.000  | 69.88    | +0.0276    | 69.00    |[0m
[0;37m[16:25:27] [INFO] | NGC 7678 | 102.5 | 1.000  | 70.66    | +0.0289    | 69.72    |[0m
[0;37m[16:25:27] [INFO] +----------+-------+--------+----------+------------+----------+[0m
[0;37m[16:25:27] [INFO] ------------------------------------------------------------[0m
[1;32m[16:25:27] [SUCCESS] UNIFIED H0 (Statistical): 69.47 +/- 1.08 km/s/Mpc[0m
[0;37m[16:25:27] [INFO] Note: This error (SEM) assumes κ_Cep is fixed/known perfectly.[0m
[0;37m[16:25:27] [INFO] ------------------------------------------------------------[0m
[0;37m[16:25:27] [INFO] Optimizing TEP Coupling (κ_Cep)...[0m
[0;37m[16:25:27] [INFO] Optimization converged: True[0m
[1;32m[16:25:27] [SUCCESS] Optimal Observable Response Coefficient (κ_Cep): 8.947e+05 mag[0m
[0;37m[16:25:27] [INFO] Mean effective coupling (κ_Cep·⟨S⟩): 8.947e+05[0m
[0;37m[16:25:27] [INFO] Optimizing TEP Coupling (κ_Cep)...[0m
[0;37m[16:25:27] [INFO] Optimization converged: True[0m
[1;32m[16:25:27] [SUCCESS] Optimal Observable Response Coefficient (κ_Cep): 8.935e+05 mag[0m
[0;37m[16:25:27] [INFO] Mean effective coupling (κ_Cep·⟨S⟩): 8.935e+05[0m
[0;37m[16:25:27] [INFO] Optimizing TEP Coupling (κ_Cep)...[0m
[0;37m[16:25:27] [INFO] Optimization converged: True[0m
[1;32m[16:25:27] [SUCCESS] Optimal Observable Response Coefficient (κ_Cep): 8.746e+05 mag[0m
[0;37m[16:25:27] [INFO] Mean effective coupling (κ_Cep·⟨S⟩): 8.746e+05[0m
[0;37m[16:25:27] [INFO] Optimizing TEP Coupling (κ_Cep)...[0m
[0;37m[16:25:27] [INFO] Optimization converged: True[0m
[1;32m[16:25:27] [SUCCESS] Optimal Observable Response Coefficient (κ_Cep): 8.905e+05 mag[0m
[0;37m[16:25:27] [INFO] Mean effective coupling (κ_Cep·⟨S⟩): 8.905e+05[0m
[0;37m[16:25:27] [INFO] Optimizing TEP Coupling (κ_Cep)...[0m
[0;37m[16:25:27] [INFO] Optimization converged: True[0m
[1;32m[16:25:27] [SUCCESS] Optimal Observable Response Coefficient (κ_Cep): 8.508e+05 mag[0m
[0;37m[16:25:27] [INFO] Mean effective coupling (κ_Cep·⟨S⟩): 8.508e+05[0m
[0;37m[16:25:27] [INFO] Optimizing TEP Coupling (κ_Cep)...[0m
[0;37m[16:25:27] [INFO] Optimization converged: True[0m
[1;32m[16:25:27] [SUCCESS] Optimal Observable Response Coefficient (κ_Cep): 8.496e+05 mag[0m
[0;37m[16:25:27] [INFO] Mean effective coupling (κ_Cep·⟨S⟩): 8.496e+05[0m
[0;37m[16:25:27] [INFO] Optimizing TEP Coupling (κ_Cep)...[0m
[0;37m[16:25:27] [INFO] Optimization converged: True[0m
[1;32m[16:25:27] [SUCCESS] Optimal Observable Response Coefficient (κ_Cep): 8.807e+05 mag[0m
[0;37m[16:25:27] [INFO] Mean effective coupling (κ_Cep·⟨S⟩): 8.807e+05[0m
[0;37m[16:25:27] [INFO] Optimizing TEP Coupling (κ_Cep)...[0m
[0;37m[16:25:27] [INFO] Optimization converged: True[0m
[1;32m[16:25:27] [SUCCESS] Optimal Observable Response Coefficient (κ_Cep): 9.077e+05 mag[0m
[0;37m[16:25:27] [INFO] Mean effective coupling (κ_Cep·⟨S⟩): 9.077e+05[0m
[0;37m[16:25:27] [INFO] Optimizing TEP Coupling (κ_Cep)...[0m
[0;37m[16:25:27] [INFO] Optimization converged: True[0m
[1;32m[16:25:27] [SUCCESS] Optimal Observable Response Coefficient (κ_Cep): 9.203e+05 mag[0m
[0;37m[16:25:27] [INFO] Mean effective coupling (κ_Cep·⟨S⟩): 9.203e+05[0m
[0;37m[16:25:27] [INFO] Optimizing TEP Coupling (κ_Cep)...[0m
[0;37m[16:25:27] [INFO] Optimization converged: True[0m
[1;32m[16:25:27] [SUCCESS] Optimal Observable Response Coefficient (κ_Cep): 8.870e+05 mag[0m
[0;37m[16:25:27] [INFO] Mean effective coupling (κ_Cep·⟨S⟩): 8.870e+05[0m
[0;37m[16:25:27] [INFO] Optimizing TEP Coupling (κ_Cep)...[0m
[0;37m[16:25:27] [INFO] Optimization converged: True[0m
[1;32m[16:25:27] [SUCCESS] Optimal Observable Response Coefficient (κ_Cep): 1.124e+06 mag[0m
[0;37m[16:25:27] [INFO] Mean effective coupling (κ_Cep·⟨S⟩): 1.124e+06[0m
[0;37m[16:25:27] [INFO] Optimizing TEP Coupling (κ_Cep)...[0m
[0;37m[16:25:27] [INFO] Optimization converged: True[0m
[1;32m[16:25:27] [SUCCESS] Optimal Observable Response Coefficient (κ_Cep): 9.088e+05 mag[0m
[0;37m[16:25:27] [INFO] Mean effective coupling (κ_Cep·⟨S⟩): 9.088e+05[0m
[0;37m[16:25:27] [INFO] Optimizing TEP Coupling (κ_Cep)...[0m
[0;37m[16:25:27] [INFO] Optimization converged: True[0m
[1;32m[16:25:27] [SUCCESS] Optimal Observable Response Coefficient (κ_Cep): 8.805e+05 mag[0m
[0;37m[16:25:27] [INFO] Mean effective coupling (κ_Cep·⟨S⟩): 8.805e+05[0m
[0;37m[16:25:27] [INFO] Optimizing TEP Coupling (κ_Cep)...[0m
[0;37m[16:25:27] [INFO] Optimization converged: True[0m
[1;32m[16:25:27] [SUCCESS] Optimal Observable Response Coefficient (κ_Cep): 7.623e+05 mag[0m
[0;37m[16:25:27] [INFO] Mean effective coupling (κ_Cep·⟨S⟩): 7.623e+05[0m
[0;37m[16:25:27] [INFO] Optimizing TEP Coupling (κ_Cep)...[0m
[0;37m[16:25:27] [INFO] Optimization converged: True[0m
[1;32m[16:25:27] [SUCCESS] Optimal Observable Response Coefficient (κ_Cep): 8.941e+05 mag[0m
[0;37m[16:25:27] [INFO] Mean effective coupling (κ_Cep·⟨S⟩): 8.941e+05[0m
[0;37m[16:25:27] [INFO] Optimizing TEP Coupling (κ_Cep)...[0m
[0;37m[16:25:27] [INFO] Optimization converged: True[0m
[1;32m[16:25:27] [SUCCESS] Optimal Observable Response Coefficient (κ_Cep): 8.958e+05 mag[0m
[0;37m[16:25:27] [INFO] Mean effective coupling (κ_Cep·⟨S⟩): 8.958e+05[0m
[0;37m[16:25:27] [INFO] Optimizing TEP Coupling (κ_Cep)...[0m
[0;37m[16:25:27] [INFO] Optimization converged: True[0m
[1;32m[16:25:27] [SUCCESS] Optimal Observable Response Coefficient (κ_Cep): 8.929e+05 mag[0m
[0;37m[16:25:27] [INFO] Mean effective coupling (κ_Cep·⟨S⟩): 8.929e+05[0m
[0;37m[16:25:27] [INFO] Optimizing TEP Coupling (κ_Cep)...[0m
[0;37m[16:25:27] [INFO] Optimization converged: True[0m
[1;32m[16:25:27] [SUCCESS] Optimal Observable Response Coefficient (κ_Cep): 8.761e+05 mag[0m
[0;37m[16:25:27] [INFO] Mean effective coupling (κ_Cep·⟨S⟩): 8.761e+05[0m
[0;37m[16:25:27] [INFO] Optimizing TEP Coupling (κ_Cep)...[0m
[0;37m[16:25:27] [INFO] Optimization converged: True[0m
[1;32m[16:25:27] [SUCCESS] Optimal Observable Response Coefficient (κ_Cep): 9.094e+05 mag[0m
[0;37m[16:25:27] [INFO] Mean effective coupling (κ_Cep·⟨S⟩): 9.094e+05[0m
[0;37m[16:25:27] [INFO] Optimizing TEP Coupling (κ_Cep)...[0m
[0;37m[16:25:27] [INFO] Optimization converged: True[0m
[1;32m[16:25:27] [SUCCESS] Optimal Observable Response Coefficient (κ_Cep): 8.654e+05 mag[0m
[0;37m[16:25:27] [INFO] Mean effective coupling (κ_Cep·⟨S⟩): 8.654e+05[0m
[0;37m[16:25:27] [INFO] Optimizing TEP Coupling (κ_Cep)...[0m
[0;37m[16:25:27] [INFO] Optimization converged: True[0m
[1;32m[16:25:27] [SUCCESS] Optimal Observable Response Coefficient (κ_Cep): 8.904e+05 mag[0m
[0;37m[16:25:27] [INFO] Mean effective coupling (κ_Cep·⟨S⟩): 8.904e+05[0m
[0;37m[16:25:27] [INFO] Optimizing TEP Coupling (κ_Cep)...[0m
[0;37m[16:25:27] [INFO] Optimization converged: True[0m
[1;32m[16:25:27] [SUCCESS] Optimal Observable Response Coefficient (κ_Cep): 9.462e+05 mag[0m
[0;37m[16:25:27] [INFO] Mean effective coupling (κ_Cep·⟨S⟩): 9.462e+05[0m
[0;37m[16:25:27] [INFO] Optimizing TEP Coupling (κ_Cep)...[0m
[0;37m[16:25:27] [INFO] Optimization converged: True[0m
[1;32m[16:25:27] [SUCCESS] Optimal Observable Response Coefficient (κ_Cep): 8.236e+05 mag[0m
[0;37m[16:25:27] [INFO] Mean effective coupling (κ_Cep·⟨S⟩): 8.236e+05[0m
[0;37m[16:25:27] [INFO] Optimizing TEP Coupling (κ_Cep)...[0m
[0;37m[16:25:27] [INFO] Optimization converged: True[0m
[1;32m[16:25:27] [SUCCESS] Optimal Observable Response Coefficient (κ_Cep): 9.048e+05 mag[0m
[0;37m[16:25:27] [INFO] Mean effective coupling (κ_Cep·⟨S⟩): 9.048e+05[0m
[0;37m[16:25:27] [INFO] Optimizing TEP Coupling (κ_Cep)...[0m
[0;37m[16:25:27] [INFO] Optimization converged: True[0m
[1;32m[16:25:27] [SUCCESS] Optimal Observable Response Coefficient (κ_Cep): 9.478e+05 mag[0m
[0;37m[16:25:27] [INFO] Mean effective coupling (κ_Cep·⟨S⟩): 9.478e+05[0m
[0;37m[16:25:27] [INFO] Optimizing TEP Coupling (κ_Cep)...[0m
[0;37m[16:25:27] [INFO] Optimization converged: True[0m
[1;32m[16:25:27] [SUCCESS] Optimal Observable Response Coefficient (κ_Cep): 8.943e+05 mag[0m
[0;37m[16:25:27] [INFO] Mean effective coupling (κ_Cep·⟨S⟩): 8.943e+05[0m
[0;37m[16:25:27] [INFO] Optimizing TEP Coupling (κ_Cep)...[0m
[0;37m[16:25:27] [INFO] Optimization converged: True[0m
[1;32m[16:25:27] [SUCCESS] Optimal Observable Response Coefficient (κ_Cep): 1.062e+06 mag[0m
[0;37m[16:25:27] [INFO] Mean effective coupling (κ_Cep·⟨S⟩): 1.062e+06[0m
[0;37m[16:25:27] [INFO] Optimizing TEP Coupling (κ_Cep)...[0m
[0;37m[16:25:27] [INFO] Optimization converged: True[0m
[1;32m[16:25:27] [SUCCESS] Optimal Observable Response Coefficient (κ_Cep): 8.474e+05 mag[0m
[0;37m[16:25:27] [INFO] Mean effective coupling (κ_Cep·⟨S⟩): 8.474e+05[0m
[0;37m[16:25:31] [INFO] Optimizing TEP Coupling (κ_Cep)...[0m
[0;37m[16:25:31] [INFO] Optimization converged: True[0m
[1;32m[16:25:31] [SUCCESS] Optimal Observable Response Coefficient (κ_Cep): 5.580e+05 mag[0m
[0;37m[16:25:31] [INFO] Mean effective coupling (κ_Cep·⟨S⟩): 5.580e+05[0m
[0;37m[16:25:31] [INFO] Applying Conformal Correction...[0m
[0;37m[16:25:31] [INFO] Sample Corrections (Suppression-Aware)[0m
[0;37m[16:25:31] [INFO] +----------+-------+--------+----------+------------+----------+[0m
[0;37m[16:25:31] [INFO] | Host     | Sigma | S(rho) | H0 (Raw) | Corr (mag) | H0 (TEP) |[0m
[0;37m[16:25:31] [INFO] +----------+-------+--------+----------+------------+----------+[0m
[0;37m[16:25:31] [INFO] | NGC 5917 | 52.6  | 1.000  | 72.56    | -0.0300    | 73.57    |[0m
[0;37m[16:25:31] [INFO] | NGC 3370 | 80.5  | 1.000  | 65.72    | -0.0070    | 65.93    |[0m
[0;37m[16:25:31] [INFO] | NGC 0691 | 101.8 | 1.000  | 69.88    | +0.0172    | 69.33    |[0m
[0;37m[16:25:31] [INFO] | NGC 3254 | 109.5 | 1.000  | 64.24    | +0.0272    | 63.44    |[0m
[0;37m[16:25:31] [INFO] | NGC 5728 | 166.7 | 1.000  | 77.96    | +0.1254    | 73.59    |[0m
[0;37m[16:25:31] [INFO] +----------+-------+--------+----------+------------+----------+[0m
[0;37m[16:25:31] [INFO] ------------------------------------------------------------[0m
[1;32m[16:25:31] [SUCCESS] UNIFIED H0 (Statistical): 70.76 +/- 1.07 km/s/Mpc[0m
[0;37m[16:25:31] [INFO] Note: This error (SEM) assumes κ_Cep is fixed/known perfectly.[0m
[0;37m[16:25:31] [INFO] ------------------------------------------------------------[0m
[0;37m[16:25:31] [INFO] Optimizing TEP Coupling (κ_Cep)...[0m
[0;37m[16:25:31] [INFO] Optimization converged: True[0m
[1;32m[16:25:31] [SUCCESS] Optimal Observable Response Coefficient (κ_Cep): 5.579e+05 mag[0m
[0;37m[16:25:31] [INFO] Mean effective coupling (κ_Cep·⟨S⟩): 5.579e+05[0m
[0;37m[16:25:31] [INFO] Optimizing TEP Coupling (κ_Cep)...[0m
[0;37m[16:25:31] [INFO] Optimization converged: True[0m
[1;32m[16:25:31] [SUCCESS] Optimal Observable Response Coefficient (κ_Cep): 5.584e+05 mag[0m
[0;37m[16:25:31] [INFO] Mean effective coupling (κ_Cep·⟨S⟩): 5.584e+05[0m
[0;37m[16:25:31] [INFO] Optimizing TEP Coupling (κ_Cep)...[0m
[0;37m[16:25:31] [INFO] Optimization converged: True[0m
[1;32m[16:25:31] [SUCCESS] Optimal Observable Response Coefficient (κ_Cep): 5.248e+05 mag[0m
[0;37m[16:25:31] [INFO] Mean effective coupling (κ_Cep·⟨S⟩): 5.248e+05[0m
[0;37m[16:25:31] [INFO] Optimizing TEP Coupling (κ_Cep)...[0m
[0;37m[16:25:31] [INFO] Optimization converged: True[0m
[1;32m[16:25:31] [SUCCESS] Optimal Observable Response Coefficient (κ_Cep): 5.467e+05 mag[0m
[0;37m[16:25:31] [INFO] Mean effective coupling (κ_Cep·⟨S⟩): 5.467e+05[0m
[0;37m[16:25:31] [INFO] Optimizing TEP Coupling (κ_Cep)...[0m
[0;37m[16:25:31] [INFO] Optimization converged: True[0m
[1;32m[16:25:31] [SUCCESS] Optimal Observable Response Coefficient (κ_Cep): 5.654e+05 mag[0m
[0;37m[16:25:31] [INFO] Mean effective coupling (κ_Cep·⟨S⟩): 5.654e+05[0m
[0;37m[16:25:31] [INFO] Optimizing TEP Coupling (κ_Cep)...[0m
[0;37m[16:25:31] [INFO] Optimization converged: True[0m
[1;32m[16:25:31] [SUCCESS] Optimal Observable Response Coefficient (κ_Cep): 5.854e+05 mag[0m
[0;37m[16:25:31] [INFO] Mean effective coupling (κ_Cep·⟨S⟩): 5.854e+05[0m
[0;37m[16:25:31] [INFO] Optimizing TEP Coupling (κ_Cep)...[0m
[0;37m[16:25:31] [INFO] Optimization converged: True[0m
[1;32m[16:25:31] [SUCCESS] Optimal Observable Response Coefficient (κ_Cep): 5.247e+05 mag[0m
[0;37m[16:25:31] [INFO] Mean effective coupling (κ_Cep·⟨S⟩): 5.247e+05[0m
[0;37m[16:25:31] [INFO] Optimizing TEP Coupling (κ_Cep)...[0m
[0;37m[16:25:31] [INFO] Optimization converged: True[0m
[1;32m[16:25:31] [SUCCESS] Optimal Observable Response Coefficient (κ_Cep): 6.376e+05 mag[0m
[0;37m[16:25:31] [INFO] Mean effective coupling (κ_Cep·⟨S⟩): 6.376e+05[0m
[0;37m[16:25:31] [INFO] Optimizing TEP Coupling (κ_Cep)...[0m
[0;37m[16:25:31] [INFO] Optimization converged: True[0m
[1;32m[16:25:31] [SUCCESS] Optimal Observable Response Coefficient (κ_Cep): 5.715e+05 mag[0m
[0;37m[16:25:31] [INFO] Mean effective coupling (κ_Cep·⟨S⟩): 5.715e+05[0m
[0;37m[16:25:31] [INFO] Optimizing TEP Coupling (κ_Cep)...[0m
[0;37m[16:25:31] [INFO] Optimization converged: True[0m
[1;32m[16:25:31] [SUCCESS] Optimal Observable Response Coefficient (κ_Cep): 5.315e+05 mag[0m
[0;37m[16:25:31] [INFO] Mean effective coupling (κ_Cep·⟨S⟩): 5.315e+05[0m
[0;37m[16:25:31] [INFO] Optimizing TEP Coupling (κ_Cep)...[0m
[0;37m[16:25:31] [INFO] Optimization converged: True[0m
[1;32m[16:25:31] [SUCCESS] Optimal Observable Response Coefficient (κ_Cep): 5.581e+05 mag[0m
[0;37m[16:25:31] [INFO] Mean effective coupling (κ_Cep·⟨S⟩): 5.581e+05[0m
[0;37m[16:25:31] [INFO] Optimizing TEP Coupling (κ_Cep)...[0m
[0;37m[16:25:31] [INFO] Optimization converged: True[0m
[1;32m[16:25:31] [SUCCESS] Optimal Observable Response Coefficient (κ_Cep): 5.649e+05 mag[0m
[0;37m[16:25:31] [INFO] Mean effective coupling (κ_Cep·⟨S⟩): 5.649e+05[0m
[0;37m[16:25:31] [INFO] Optimizing TEP Coupling (κ_Cep)...[0m
[0;37m[16:25:31] [INFO] Optimization converged: True[0m
[1;32m[16:25:31] [SUCCESS] Optimal Observable Response Coefficient (κ_Cep): 5.617e+05 mag[0m
[0;37m[16:25:31] [INFO] Mean effective coupling (κ_Cep·⟨S⟩): 5.617e+05[0m
[0;37m[16:25:31] [INFO] Optimizing TEP Coupling (κ_Cep)...[0m
[0;37m[16:25:31] [INFO] Optimization converged: True[0m
[1;32m[16:25:31] [SUCCESS] Optimal Observable Response Coefficient (κ_Cep): 5.181e+05 mag[0m
[0;37m[16:25:31] [INFO] Mean effective coupling (κ_Cep·⟨S⟩): 5.181e+05[0m
[0;37m[16:25:31] [INFO] Optimizing TEP Coupling (κ_Cep)...[0m
[0;37m[16:25:32] [INFO] Optimization converged: True[0m
[1;32m[16:25:32] [SUCCESS] Optimal Observable Response Coefficient (κ_Cep): 5.779e+05 mag[0m
[0;37m[16:25:32] [INFO] Mean effective coupling (κ_Cep·⟨S⟩): 5.779e+05[0m
[0;37m[16:25:32] [INFO] Optimizing TEP Coupling (κ_Cep)...[0m
[0;37m[16:25:32] [INFO] Optimization converged: True[0m
[1;32m[16:25:32] [SUCCESS] Optimal Observable Response Coefficient (κ_Cep): 5.060e+05 mag[0m
[0;37m[16:25:32] [INFO] Mean effective coupling (κ_Cep·⟨S⟩): 5.060e+05[0m
[0;37m[16:25:32] [INFO] Optimizing TEP Coupling (κ_Cep)...[0m
[0;37m[16:25:32] [INFO] Optimization converged: True[0m
[1;32m[16:25:32] [SUCCESS] Optimal Observable Response Coefficient (κ_Cep): 5.560e+05 mag[0m
[0;37m[16:25:32] [INFO] Mean effective coupling (κ_Cep·⟨S⟩): 5.560e+05[0m
[0;37m[16:25:32] [INFO] Optimizing TEP Coupling (κ_Cep)...[0m
[0;37m[16:25:32] [INFO] Optimization converged: True[0m
[1;32m[16:25:32] [SUCCESS] Optimal Observable Response Coefficient (κ_Cep): 5.959e+05 mag[0m
[0;37m[16:25:32] [INFO] Mean effective coupling (κ_Cep·⟨S⟩): 5.959e+05[0m
[0;37m[16:25:32] [INFO] Optimizing TEP Coupling (κ_Cep)...[0m
[0;37m[16:25:32] [INFO] Optimization converged: True[0m
[1;32m[16:25:32] [SUCCESS] Optimal Observable Response Coefficient (κ_Cep): 5.701e+05 mag[0m
[0;37m[16:25:32] [INFO] Mean effective coupling (κ_Cep·⟨S⟩): 5.701e+05[0m
[0;37m[16:25:32] [INFO] Optimizing TEP Coupling (κ_Cep)...[0m
[0;37m[16:25:32] [INFO] Optimization converged: True[0m
[1;32m[16:25:32] [SUCCESS] Optimal Observable Response Coefficient (κ_Cep): 6.047e+05 mag[0m
[0;37m[16:25:32] [INFO] Mean effective coupling (κ_Cep·⟨S⟩): 6.047e+05[0m
[0;37m[16:25:32] [INFO] Optimizing TEP Coupling (κ_Cep)...[0m
[0;37m[16:25:32] [INFO] Optimization converged: True[0m
[1;32m[16:25:32] [SUCCESS] Optimal Observable Response Coefficient (κ_Cep): 5.581e+05 mag[0m
[0;37m[16:25:32] [INFO] Mean effective coupling (κ_Cep·⟨S⟩): 5.581e+05[0m
[0;37m[16:25:32] [INFO] Optimizing TEP Coupling (κ_Cep)...[0m
[0;37m[16:25:32] [INFO] Optimization converged: True[0m
[1;32m[16:25:32] [SUCCESS] Optimal Observable Response Coefficient (κ_Cep): 6.210e+05 mag[0m
[0;37m[16:25:32] [INFO] Mean effective coupling (κ_Cep·⟨S⟩): 6.210e+05[0m
[0;37m[16:25:32] [INFO] Optimizing TEP Coupling (κ_Cep)...[0m
[0;37m[16:25:32] [INFO] Optimization converged: True[0m
[1;32m[16:25:32] [SUCCESS] Optimal Observable Response Coefficient (κ_Cep): 4.863e+05 mag[0m
[0;37m[16:25:32] [INFO] Mean effective coupling (κ_Cep·⟨S⟩): 4.863e+05[0m
[0;37m[16:25:36] [INFO] Optimizing TEP Coupling (κ_Cep)...[0m
[0;37m[16:25:36] [INFO] Optimization converged: True[0m
[1;32m[16:25:36] [SUCCESS] Optimal Observable Response Coefficient (κ_Cep): 5.530e+05 mag[0m
[0;37m[16:25:36] [INFO] Mean effective coupling (κ_Cep·⟨S⟩): 5.530e+05[0m
[0;37m[16:25:36] [INFO] Applying Conformal Correction...[0m
[0;37m[16:25:36] [INFO] Sample Corrections (Suppression-Aware)[0m
[0;37m[16:25:36] [INFO] +----------+-------+--------+----------+------------+----------+[0m
[0;37m[16:25:36] [INFO] | Host     | Sigma | S(rho) | H0 (Raw) | Corr (mag) | H0 (TEP) |[0m
[0;37m[16:25:36] [INFO] +----------+-------+--------+----------+------------+----------+[0m
[0;37m[16:25:36] [INFO] | NGC 1015 | 101.5 | 1.000  | 73.19    | +0.0167    | 72.63    |[0m
[0;37m[16:25:36] [INFO] | NGC 0691 | 101.8 | 1.000  | 69.88    | +0.0171    | 69.33    |[0m
[0;37m[16:25:36] [INFO] | NGC 7678 | 102.5 | 1.000  | 70.66    | +0.0179    | 70.08    |[0m
[0;37m[16:25:36] [INFO] | NGC 976  | 212.7 | 1.000  | 76.91    | +0.2316    | 69.13    |[0m
[0;37m[16:25:36] [INFO] | NGC 3147 | 223.4 | 1.000  | 77.93    | +0.2604    | 69.12    |[0m
[0;37m[16:25:36] [INFO] +----------+-------+--------+----------+------------+----------+[0m
[0;37m[16:25:36] [INFO] ------------------------------------------------------------[0m
[1;32m[16:25:36] [SUCCESS] UNIFIED H0 (Statistical): 70.40 +/- 1.17 km/s/Mpc[0m
[0;37m[16:25:36] [INFO] Note: This error (SEM) assumes κ_Cep is fixed/known perfectly.[0m
[0;37m[16:25:36] [INFO] ------------------------------------------------------------[0m
[0;37m[16:25:36] [INFO] Optimizing TEP Coupling (κ_Cep)...[0m
[0;37m[16:25:36] [INFO] Optimization converged: True[0m
[1;32m[16:25:36] [SUCCESS] Optimal Observable Response Coefficient (κ_Cep): 5.513e+05 mag[0m
[0;37m[16:25:36] [INFO] Mean effective coupling (κ_Cep·⟨S⟩): 5.513e+05[0m
[0;37m[16:25:36] [INFO] Optimizing TEP Coupling (κ_Cep)...[0m
[0;37m[16:25:36] [INFO] Optimization converged: True[0m
[1;32m[16:25:36] [SUCCESS] Optimal Observable Response Coefficient (κ_Cep): 5.574e+05 mag[0m
[0;37m[16:25:36] [INFO] Mean effective coupling (κ_Cep·⟨S⟩): 5.574e+05[0m
[0;37m[16:25:36] [INFO] Optimizing TEP Coupling (κ_Cep)...[0m
[0;37m[16:25:36] [INFO] Optimization converged: True[0m
[1;32m[16:25:36] [SUCCESS] Optimal Observable Response Coefficient (κ_Cep): 5.059e+05 mag[0m
[0;37m[16:25:36] [INFO] Mean effective coupling (κ_Cep·⟨S⟩): 5.059e+05[0m
[0;37m[16:25:36] [INFO] Optimizing TEP Coupling (κ_Cep)...[0m
[0;37m[16:25:36] [INFO] Optimization converged: True[0m
[1;32m[16:25:36] [SUCCESS] Optimal Observable Response Coefficient (κ_Cep): 5.378e+05 mag[0m
[0;37m[16:25:36] [INFO] Mean effective coupling (κ_Cep·⟨S⟩): 5.378e+05[0m
[0;37m[16:25:36] [INFO] Optimizing TEP Coupling (κ_Cep)...[0m
[0;37m[16:25:36] [INFO] Optimization converged: True[0m
[1;32m[16:25:36] [SUCCESS] Optimal Observable Response Coefficient (κ_Cep): 5.957e+05 mag[0m
[0;37m[16:25:36] [INFO] Mean effective coupling (κ_Cep·⟨S⟩): 5.957e+05[0m
[0;37m[16:25:36] [INFO] Optimizing TEP Coupling (κ_Cep)...[0m
[0;37m[16:25:36] [INFO] Optimization converged: True[0m
[1;32m[16:25:36] [SUCCESS] Optimal Observable Response Coefficient (κ_Cep): 6.155e+05 mag[0m
[0;37m[16:25:36] [INFO] Mean effective coupling (κ_Cep·⟨S⟩): 6.155e+05[0m
[0;37m[16:25:36] [INFO] Optimizing TEP Coupling (κ_Cep)...[0m
[0;37m[16:25:36] [INFO] Optimization converged: True[0m
[1;32m[16:25:36] [SUCCESS] Optimal Observable Response Coefficient (κ_Cep): 5.534e+05 mag[0m
[0;37m[16:25:36] [INFO] Mean effective coupling (κ_Cep·⟨S⟩): 5.534e+05[0m
[0;37m[16:25:36] [INFO] Optimizing TEP Coupling (κ_Cep)...[0m
[0;37m[16:25:36] [INFO] Optimization converged: True[0m
[1;32m[16:25:36] [SUCCESS] Optimal Observable Response Coefficient (κ_Cep): 5.720e+05 mag[0m
[0;37m[16:25:36] [INFO] Mean effective coupling (κ_Cep·⟨S⟩): 5.720e+05[0m
[0;37m[16:25:36] [INFO] Optimizing TEP Coupling (κ_Cep)...[0m
[0;37m[16:25:36] [INFO] Optimization converged: True[0m
[1;32m[16:25:36] [SUCCESS] Optimal Observable Response Coefficient (κ_Cep): 5.047e+05 mag[0m
[0;37m[16:25:36] [INFO] Mean effective coupling (κ_Cep·⟨S⟩): 5.047e+05[0m
[0;37m[16:25:36] [INFO] Optimizing TEP Coupling (κ_Cep)...[0m
[0;37m[16:25:36] [INFO] Optimization converged: True[0m
[1;32m[16:25:36] [SUCCESS] Optimal Observable Response Coefficient (κ_Cep): 4.949e+05 mag[0m
[0;37m[16:25:36] [INFO] Mean effective coupling (κ_Cep·⟨S⟩): 4.949e+05[0m
[0;37m[16:25:36] [INFO] Optimizing TEP Coupling (κ_Cep)...[0m
[0;37m[16:25:36] [INFO] Optimization converged: True[0m
[1;32m[16:25:36] [SUCCESS] Optimal Observable Response Coefficient (κ_Cep): 6.064e+05 mag[0m
[0;37m[16:25:36] [INFO] Mean effective coupling (κ_Cep·⟨S⟩): 6.064e+05[0m
[0;37m[16:25:36] [INFO] Optimizing TEP Coupling (κ_Cep)...[0m
[0;37m[16:25:36] [INFO] Optimization converged: True[0m
[1;32m[16:25:36] [SUCCESS] Optimal Observable Response Coefficient (κ_Cep): 5.599e+05 mag[0m
[0;37m[16:25:36] [INFO] Mean effective coupling (κ_Cep·⟨S⟩): 5.599e+05[0m
[0;37m[16:25:36] [INFO] Optimizing TEP Coupling (κ_Cep)...[0m
[0;37m[16:25:36] [INFO] Optimization converged: True[0m
[1;32m[16:25:36] [SUCCESS] Optimal Observable Response Coefficient (κ_Cep): 6.179e+05 mag[0m
[0;37m[16:25:36] [INFO] Mean effective coupling (κ_Cep·⟨S⟩): 6.179e+05[0m
[0;37m[16:25:36] [INFO] Optimizing TEP Coupling (κ_Cep)...[0m
[0;37m[16:25:36] [INFO] Optimization converged: True[0m
[1;32m[16:25:36] [SUCCESS] Optimal Observable Response Coefficient (κ_Cep): 5.527e+05 mag[0m
[0;37m[16:25:36] [INFO] Mean effective coupling (κ_Cep·⟨S⟩): 5.527e+05[0m
[0;37m[16:25:36] [INFO] Optimizing TEP Coupling (κ_Cep)...[0m
[0;37m[16:25:36] [INFO] Optimization converged: True[0m
[1;32m[16:25:36] [SUCCESS] Optimal Observable Response Coefficient (κ_Cep): 6.021e+05 mag[0m
[0;37m[16:25:36] [INFO] Mean effective coupling (κ_Cep·⟨S⟩): 6.021e+05[0m
[0;37m[16:25:36] [INFO] Optimizing TEP Coupling (κ_Cep)...[0m
[0;37m[16:25:36] [INFO] Optimization converged: True[0m
[1;32m[16:25:36] [SUCCESS] Optimal Observable Response Coefficient (κ_Cep): 4.591e+05 mag[0m
[0;37m[16:25:36] [INFO] Mean effective coupling (κ_Cep·⟨S⟩): 4.591e+05[0m
[1;32m[16:25:36] [SUCCESS] Saved redshift cut sensitivity results to /Users/matthewsmawfield/www/Temporal Equivalence Principle/TEP-H0/results/outputs/step_08_redshift_cut_sensitivity.txt[0m
[0;37m[16:25:36] [INFO] Redshift Cut Sensitivity (TEP Correction Stability)[0m
[0;37m[16:25:36] [INFO] +--------+----+-----------+------------+---------+----------+--------------+------+[0m
[0;37m[16:25:36] [INFO] | z_cut  | N  | Pearson r | Spearman ρ | Corr H0 | LOOCV H0 | κ_Cep (10^6) | ΔBIC |[0m
[0;37m[16:25:36] [INFO] +--------+----+-----------+------------+---------+----------+--------------+------+[0m
[0;37m[16:25:36] [INFO] | 0.0000 | 36 | 0.500     | 0.549      | 66.03   | 65.84    | 1.4028       | 4.25 |[0m
[0;37m[16:25:36] [INFO] | 0.0035 | 29 | 0.466     | 0.517      | 68.67   | 68.53    | 0.9134       | 2.44 |[0m
[0;37m[16:25:36] [INFO] | 0.0040 | 28 | 0.555     | 0.544      | 69.47   | 69.29    | 0.8946       | 4.33 |[0m
[0;37m[16:25:36] [INFO] | 0.0050 | 23 | 0.437     | 0.317      | 70.76   | 70.68    | 0.5580       | 1.31 |[0m
[0;37m[16:25:36] [INFO] | 0.0070 | 16 | 0.525     | 0.391      | 70.40   | 70.33    | 0.5530       | 2.24 |[0m
[0;37m[16:25:36] [INFO] +--------+----+-----------+------------+---------+----------+--------------+------+[0m
[0;37m[16:25:36] [INFO] Flow/Environment Confound Robustness...[0m
[1;32m[16:25:57] [SUCCESS] Saved flow/environment robustness results to /Users/matthewsmawfield/www/Temporal Equivalence Principle/TEP-H0/results/outputs/step_08_flow_environment_robustness.txt[0m
[0;37m[16:25:57] [INFO] Flow + Environment Controls[0m
[0;37m[16:25:57] [INFO] +-----------------------------+-----------+---------+----+[0m
[0;37m[16:25:57] [INFO] | Test                        | Statistic | p-value | N  |[0m
[0;37m[16:25:57] [INFO] +-----------------------------+-----------+---------+----+[0m
[0;37m[16:25:57] [INFO] | Baseline r(H0,Sigma)        | 0.466     | 0.0126  | 29 |[0m
[0;37m[16:25:57] [INFO] | Partial r(H0,Sigma|z)       | 0.410     | 0.0304  | 29 |[0m
[0;37m[16:25:57] [INFO] | Partial r(H0,Sigma|z,Nmb)   | 0.347     | 0.0766  | 29 |[0m
[0;37m[16:25:57] [INFO] | Partial r(H0,Sigma|z,logpK) | 0.535     | 0.0071  | 26 |[0m
[0;37m[16:25:57] [INFO] +-----------------------------+-----------+---------+----+[0m
[0;37m[16:25:57] [INFO] Peculiar-Velocity Monte Carlo...[0m
[1;32m[16:26:08] [SUCCESS] Saved peculiar-velocity MC results to /Users/matthewsmawfield/www/Temporal Equivalence Principle/TEP-H0/results/outputs/step_08_peculiar_velocity_mc.json[0m
[0;37m[16:26:08] [INFO] Peculiar-Velocity Monte Carlo[0m
[0;37m[16:26:08] [INFO] +------------+-------+----------------+--------+[0m
[0;37m[16:26:08] [INFO] | Test       | ⟨r⟩   | 95% CI         | P(r≤0) |[0m
[0;37m[16:26:08] [INFO] +------------+-------+----------------+--------+[0m
[0;37m[16:26:08] [INFO] | PV only    | 0.311 | [0.079, 0.524] | 0.0040 |[0m
[0;37m[16:26:08] [INFO] | Joint PV+σ | 0.308 | [0.066, 0.527] | 0.0056 |[0m
[0;37m[16:26:08] [INFO] +------------+-------+----------------+--------+[0m
[0;37m[16:26:08] [INFO] Provenance-Aware Errors-in-Variables Model[0m
[0;37m[16:26:08] [INFO] +--------------------+-----------+-----------+---+---+[0m
[0;37m[16:26:08] [INFO] | Parameter          | Estimate  | SE        | t | p |[0m
[0;37m[16:26:08] [INFO] +--------------------+-----------+-----------+---+---+[0m
[0;37m[16:26:08] [INFO] | β0 (intercept)     | 53.44     | 0.00      | - | - |[0m
[0;37m[16:26:08] [INFO] | β1 (X_TEP slope)   | 5.849e+08 | 0.000e+00 | - | - |[0m
[0;37m[16:26:08] [INFO] | γ_HI (HI offset)   | 25.28     | 0.00      | - | - |[0m
[0;37m[16:26:08] [INFO] | γ_rot (rot offset) | 0.00      | 0.00      | - | - |[0m
[0;37m[16:26:08] [INFO] +--------------------+-----------+-----------+---+---+[0m
[0;37m[16:26:08] [INFO] Method counts: stellar=16, HI=13, rot=0[0m
[0;37m[16:26:08] [INFO] Mean X_TEP uncertainty from σ error: HI=1.90e-08, rot=N/A[0m
[1;32m[16:26:08] [SUCCESS] Step 4 Complete.[0m
[1;32m[16:26:08] [SUCCESS] Step 08 (Robustness) completed successfully.[0m
[0;37m[16:26:08] [INFO] [0m
[0;37m[16:26:08] [INFO] ================================================================================[0m
[0;37m[16:26:08] [INFO]    >>> STEP 09: Hierarchical Sigma Measurement-error Model[0m
[0;37m[16:26:08] [INFO] ================================================================================[0m
[0;37m[16:26:08] [INFO] [0m
[0;37m[16:26:08] [INFO] [0m
[0;37m[16:26:08] [INFO] ================================================================================[0m
[0;37m[16:26:08] [INFO]    >>> STEP 09: Hierarchical sigma measurement-error model[0m
[0;37m[16:26:08] [INFO] ================================================================================[0m
[0;37m[16:26:08] [INFO] [0m
[0;37m[16:26:08] [INFO] Method-specific bias and scatter:[0m
[0;37m[16:26:08] [INFO]   stellar absorption: N=16, bias=+4.75 km/s, scatter=16.50 km/s[0m
[0;37m[16:26:08] [INFO]   HI linewidth proxy: N=13, bias=+3.59 km/s, scatter=7.00 km/s[0m
[0;37m[16:26:08] [INFO] OLS slope: 0.0851[0m
[0;37m[16:26:08] [INFO] ODR slope: 0.2346 ± 0.0486 (2.76x OLS)[0m
[0;37m[16:26:08] [INFO] Stellar-only: N=16, r=0.549, p=0.028[0m
[1;32m[16:26:08] [SUCCESS] Step 09 complete[0m
[1;32m[16:26:08] [SUCCESS] Step 09 (Hierarchical Sigma) completed successfully.[0m
[0;37m[16:26:08] [INFO] [0m
[0;37m[16:26:08] [INFO] ================================================================================[0m
[0;37m[16:26:08] [INFO]    >>> STEP 10: M31 Analysis[0m
[0;37m[16:26:08] [INFO] ================================================================================[0m
[0;37m[16:26:08] [INFO] [0m
[0;37m[16:26:08] [INFO] [0m
[0;37m[16:26:08] [INFO] ================================================================================[0m
[0;37m[16:26:08] [INFO]    Starting Step 5: M31 Analysis[0m
[0;37m[16:26:08] [INFO] ================================================================================[0m
[0;37m[16:26:08] [INFO] [0m
[0;37m[16:26:08] [INFO] Initiating M31 Differential Analysis[0m
[0;34m[16:26:08] [PROCESS] Fetching M31 Cepheid data (Kodric et al. 2018)...[0m
[0;37m[16:26:11] [INFO] Retrieved main table.[0m
[1;32m[16:26:11] [SUCCESS] Retrieved 5356 Cepheids from Vizier.[0m
[0;37m[16:26:11] [INFO] Calculating Galactocentric Properties...[0m
[0;37m[16:26:11] [INFO] Radial Range: 0.6 - 93.5 kpc[0m
[0;37m[16:26:11] [INFO] M31 Subsamples[0m
[0;37m[16:26:11] [INFO] +--------+--------------+---------------------------+--------------+[0m
[0;37m[16:26:11] [INFO] | Region | Radius (kpc) | Mean Density (M_sun/pc^3) | N (Cepheids) |[0m
[0;37m[16:26:11] [INFO] +--------+--------------+---------------------------+--------------+[0m
[0;37m[16:26:11] [INFO] | Inner  | < 5.0        | 0.3092                    | 153          |[0m
[0;37m[16:26:11] [INFO] | Outer  | > 15.0       | 0.0060                    | 919          |[0m
[0;37m[16:26:11] [INFO] +--------+--------------+---------------------------+--------------+[0m
[0;37m[16:26:11] [INFO] Screening Threshold Summary (rho_trans=0.5 M_sun/pc^3)[0m
[0;37m[16:26:11] [INFO] +------------+--------------+---------------------------+-----+--------------+--------------+[0m
[0;37m[16:26:11] [INFO] | Region     | Cut          | Mean Density (M_sun/pc^3) | N   | N(ρ>ρ_trans) | f(ρ>ρ_trans) |[0m
[0;37m[16:26:11] [INFO] +------------+--------------+---------------------------+-----+--------------+--------------+[0m
[0;37m[16:26:11] [INFO] | Inner      | R < 5.0 kpc  | 0.3092                    | 153 | 14           | 0.092        |[0m
[0;37m[16:26:11] [INFO] | Inner core | R < 1.0 kpc  | 2.1591                    | 5   | 5            | 1.000        |[0m
[0;37m[16:26:11] [INFO] | Outer      | R > 15.0 kpc | 0.0060                    | 919 | 0            | 0.000        |[0m
[0;37m[16:26:11] [INFO] +------------+--------------+---------------------------+-----+--------------+--------------+[0m
[0;37m[16:26:11] [INFO] Fitting Period-Luminosity Relations...[0m
[0;37m[16:26:11] [INFO] P-L Fit Results (W = a + b*logP)[0m
[0;37m[16:26:11] [INFO] +--------+---------------+--------+---------------+[0m
[0;37m[16:26:11] [INFO] | Region | Intercept (a) | Error  | Slope (Fixed) |[0m
[0;37m[16:26:11] [INFO] +--------+---------------+--------+---------------+[0m
[0;37m[16:26:11] [INFO] | Inner  | 24.4306       | 0.1256 | -3.3          |[0m
[0;37m[16:26:11] [INFO] | Outer  | 24.0746       | 0.0516 | -3.3          |[0m
[0;37m[16:26:11] [INFO] | Offset | +0.3560       | 0.1357 | -             |[0m
[0;37m[16:26:11] [INFO] +--------+---------------+--------+---------------+[0m
[0;37m[16:26:11] [INFO] Detected Offset (Inner - Outer): +0.3560 mag (2.6 sigma)[0m
[1;32m[16:26:11] [SUCCESS] Conclusion: significant environmental P-L offset detected.[0m
[1;32m[16:26:11] [SUCCESS] Saved results to /Users/matthewsmawfield/www/Temporal Equivalence Principle/TEP-H0/results/outputs/step_10_m31_results.csv[0m
[0;37m[16:26:11] [INFO] Running M31 robustness suite (matched subsamples and sensitivity tests)...[0m
[0;34m[16:26:11] [PROCESS] Fetching PHAT footprint for spatial restriction...[0m
[0;37m[16:26:12] [INFO] Identified 1683 Cepheids within PHAT footprint.[0m
[0;37m[16:26:12] [INFO] PHAT-restricted Offset: +0.6304 +/- 0.1948 mag[0m
[0;37m[16:28:33] [INFO] Inferred Wesenheit form: anchor='i', R0=2.88 (MAD score: i=0.005, r=0.005)[0m
[1;32m[16:28:33] [SUCCESS] Saved robustness summary to /Users/matthewsmawfield/www/Temporal Equivalence Principle/TEP-H0/results/outputs/step_10_m31_robustness_summary.csv[0m
[1;32m[16:28:33] [SUCCESS] Saved robustness summary JSON to /Users/matthewsmawfield/www/Temporal Equivalence Principle/TEP-H0/results/outputs/step_10_m31_robustness_summary.json[0m
[0;37m[16:28:33] [INFO] Note: Multidimensional matched tests (logP+color, logP+eW, MV match) have been removed from the robustness suite.[0m
[0;37m[16:28:33] [INFO]   Under TEP, time dilation alters the observed period but preserves the intrinsic photometric color.[0m
[0;37m[16:28:33] [INFO]   Matching Cepheids on both observed period AND color forces the selection of intrinsically dissimilar stars,[0m
[0;37m[16:28:33] [INFO]   fundamentally destroying the absolute magnitude comparison and artificially hiding the TEP signal.[0m
[0;37m[16:28:33] [INFO] M31 Differential Robustness Summary[0m
[0;37m[16:28:33] [INFO] +-------------------+------+-------+-----------+-------------+---------+--------------------+[0m
[0;37m[16:28:33] [INFO] | Test              | N_in | N_out | N_matched | Delta (mag) | Std/Err | Central 68%        |[0m
[0;37m[16:28:33] [INFO] +-------------------+------+-------+-----------+-------------+---------+--------------------+[0m
[0;37m[16:28:33] [INFO] | Baseline          | 153  | 919   | -         | +0.3560     | 0.1357  | -                  |[0m
[0;37m[16:28:33] [INFO] | Matched logP      | 153  | 919   | 152.0     | +0.2529     | 0.1615  | [+0.1029, +0.4130] |[0m
[0;37m[16:28:33] [INFO] | OLS inner (ctrl)  | 153  | 919   | -         | +0.1587     | 0.1156  | -                  |[0m
[0;37m[16:28:33] [INFO] | Metallicity γ req | 153  | 919   | -         | +0.741      | -       | -                  |[0m
[0;37m[16:28:33] [INFO] +-------------------+------+-------+-----------+-------------+---------+--------------------+[0m
[0;34m[16:28:33] [PROCESS] Generating Differential P-L Plot...[0m
[0;34m[16:28:33] [PROCESS] Generating M31 robustness plot...[0m
[1;32m[16:28:43] [SUCCESS] Step 5 Complete.[0m
[1;32m[16:28:43] [SUCCESS] Step 10 (M31 Differential Test) completed successfully.[0m
[0;37m[16:28:43] [INFO] [0m
[0;37m[16:28:43] [INFO] ================================================================================[0m
[0;37m[16:28:43] [INFO]    >>> STEP 11: M31 Radial Suppression[0m
[0;37m[16:28:43] [INFO] ================================================================================[0m
[0;37m[16:28:43] [INFO] [0m
[0;37m[16:28:43] [INFO] ======================================================================[0m
[0;37m[16:28:43] [INFO] Step 5b: M31 radial shear-suppression model[0m
[0;37m[16:28:43] [INFO] ======================================================================[0m
[0;34m[16:28:43] [PROCESS] Fetching M31 Cepheid data (Kodric et al. 2018)...[0m
[1;32m[16:28:45] [SUCCESS] Retrieved 5356 Cepheids.[0m
[0;34m[16:28:45] [PROCESS] Fetching HST/PHAT catalog for cross-match (J/ApJ/864/59)...[0m
[1;32m[16:28:45] [SUCCESS] Cross-matched 302 HST Cepheids (2 arcsec tol).[0m
[0;37m[16:28:45] [INFO] Sample after cuts: N = 1917[0m
[0;37m[16:28:45] [INFO] Radial range: 0.6 - 93.5 kpc[0m
[0;37m[16:28:45] [INFO] Density range: 0.0000 - 3.1221 M_sun/pc^3[0m
[0;37m[16:28:45] [INFO] Suppression range: 0.025 - 1.000[0m
[0;37m[16:28:45] [INFO] Model Comparison (Lower AIC = Better)[0m
[0;37m[16:28:45] [INFO] +----------------+---+---------+---------+-------+-------+[0m
[0;37m[16:28:45] [INFO] | Model          | k | chi2    | AIC     | ΔAIC  | w     |[0m
[0;37m[16:28:45] [INFO] +----------------+---+---------+---------+-------+-------+[0m
[0;37m[16:28:45] [INFO] | A (Null)       | 2 | 4050.85 | 4054.85 | 11.72 | 0.003 |[0m
[0;37m[16:28:45] [INFO] | B (Step)       | 3 | 4037.13 | 4043.13 | 0.00  | 0.995 |[0m
[0;37m[16:28:45] [INFO] | C (Continuous) | 3 | 4049.88 | 4055.88 | 12.75 | 0.002 |[0m
[0;37m[16:28:45] [INFO] +----------------+---+---------+---------+-------+-------+[0m
[0;34m[16:28:45] [PROCESS] Generating radial suppression figure...[0m
[1;32m[16:28:45] [SUCCESS] Saved results to /Users/matthewsmawfield/www/Temporal Equivalence Principle/TEP-H0/results/outputs/step_11_m31_radial_suppression.json[0m
[1;32m[16:28:45] [SUCCESS] Step 5b Complete.[0m
[1;32m[16:28:45] [SUCCESS] Step 11 (M31 Radial Suppression) completed successfully.[0m
[0;37m[16:28:45] [INFO] [0m
[0;37m[16:28:45] [INFO] ================================================================================[0m
[0;37m[16:28:45] [INFO]    >>> STEP 12: Multivariate Analysis[0m
[0;37m[16:28:45] [INFO] ================================================================================[0m
[0;37m[16:28:45] [INFO] [0m
[0;37m[16:28:45] [INFO] [0m
[0;37m[16:28:45] [INFO] ================================================================================[0m
[0;37m[16:28:45] [INFO]    Starting Step 6: Multivariate Analysis[0m
[0;37m[16:28:45] [INFO] ================================================================================[0m
[0;37m[16:28:45] [INFO] [0m
[0;37m[16:28:45] [INFO] Loading and Merging Data...[0m
[0;37m[16:28:45] [INFO] Merged Data: N=29 hosts available for analysis.[0m
[0;37m[16:28:46] [INFO] Running Multivariate Regression...[0m
[1;32m[16:28:46] [SUCCESS] Saved regression summaries to /Users/matthewsmawfield/www/Temporal Equivalence Principle/TEP-H0/results/outputs/step_12_multivariate_analysis_summary.txt[0m
[1;32m[16:28:46] [SUCCESS] Saved structured results to /Users/matthewsmawfield/www/Temporal Equivalence Principle/TEP-H0/results/outputs/step_12_multivariate_analysis_results.json[0m
[1;32m[16:28:46] [SUCCESS] Sigma remains significant in primary astrophysical HC3 model (p=0.0125).[0m
[0;37m[16:28:46] [INFO] Flow/environment model is a saturated mediator stress test; sigma HC3 p=0.2783.[0m
[0;34m[16:28:46] [PROCESS] Generating Robustness Plot...[0m
[1;32m[16:28:47] [SUCCESS] Saved plot to /Users/matthewsmawfield/www/Temporal Equivalence Principle/TEP-H0/results/figures/step_12_figure_12_multivariate_robustness.png[0m
[1;32m[16:28:47] [SUCCESS] Copied plot to /Users/matthewsmawfield/www/Temporal Equivalence Principle/TEP-H0/site/public/figures/step_12_figure_12_multivariate_robustness.png[0m
[1;32m[16:28:47] [SUCCESS] Step 6 Complete.[0m
[1;32m[16:28:47] [SUCCESS] Step 12 (Multivariate Analysis) completed successfully.[0m
[0;37m[16:28:47] [INFO] [0m
[0;37m[16:28:47] [INFO] ================================================================================[0m
[0;37m[16:28:47] [INFO]    >>> STEP 13: Enhanced Robustness[0m
[0;37m[16:28:47] [INFO] ================================================================================[0m
[0;37m[16:28:47] [INFO] [0m
[0;37m[16:28:47] [INFO] ============================================================[0m
[0;37m[16:28:47] [INFO] Step 6: Enhanced robustness analysis[0m
[0;37m[16:28:47] [INFO] Addressing referee concerns on σ heterogeneity and environment[0m
[0;37m[16:28:47] [INFO] ============================================================[0m
[0;37m[16:28:47] [INFO] Loaded 29 hosts from stratified analysis[0m
[0;37m[16:28:47] [INFO] Loaded 29 entries from σ provenance table[0m
[0;37m[16:28:47] [INFO] 
--- STELLAR ABSORPTION SUBSAMPLE ---[0m
[0;37m[16:28:47] [INFO] Stellar absorption hosts: 16[0m
[0;37m[16:28:47] [INFO] HI linewidth proxy hosts: 13[0m
[0;37m[16:28:47] [INFO] 
Subsample Comparison:[0m
[0;37m[16:28:47] [INFO] +-------------------------+----+-----------+---------+------------+---------+[0m
[0;37m[16:28:47] [INFO] | Subsample               | N  | Pearson r | p-value | Spearman ρ | p-value |[0m
[0;37m[16:28:47] [INFO] +-------------------------+----+-----------+---------+------------+---------+[0m
[0;37m[16:28:47] [INFO] | Full Sample             | 29 | 0.466     | 0.0109  | 0.517      | 0.0041  |[0m
[0;37m[16:28:47] [INFO] | Stellar Absorption Only | 16 | 0.549     | 0.0277  | 0.618      | 0.0108  |[0m
[0;37m[16:28:47] [INFO] +-------------------------+----+-----------+---------+------------+---------+[0m
[0;37m[16:28:47] [INFO] 
Stellar-only stratification: ΔH0 = 8.54 km/s/Mpc (high - low σ)[0m
[0;37m[16:28:47] [INFO] 
--- GOLD STANDARD σ SUBSAMPLE ---[0m
[0;37m[16:28:47] [INFO] Gold standard hosts (K&H13 + SDSS + Ho09): 0[0m
[0;37m[16:28:47] [INFO]   - Kormendy&Ho2013: 0 hosts[0m
[0;37m[16:28:47] [INFO]   - SDSS DR7: 0 hosts[0m
[0;37m[16:28:47] [INFO]   - Ho+2009: 0 hosts[0m
[0;37m[16:28:47] [INFO] 
--- LOCAL DENSITY CONTROL ---[0m
[0;37m[16:28:47] [INFO] Hosts with valid local density: 29/29[0m
[0;37m[16:28:47] [INFO] 
Density Control Results:[0m
[0;37m[16:28:47] [INFO] +--------------------------+---------------------+[0m
[0;37m[16:28:47] [INFO] | Metric                   | Value               |[0m
[0;37m[16:28:47] [INFO] +--------------------------+---------------------+[0m
[0;37m[16:28:47] [INFO] | Baseline r(H0, σ)        | 0.466 (p = 0.0109)  |[0m
[0;37m[16:28:47] [INFO] | Partial r(H0, σ | log ρ) | 0.455 (p = 0.0132)  |[0m
[0;37m[16:28:47] [INFO] | r(H0, log ρ)             | -0.115 (p = 0.5537) |[0m
[0;37m[16:28:47] [INFO] | r(σ, log ρ)              | -0.243 (p = 0.2037) |[0m
[0;37m[16:28:47] [INFO] +--------------------------+---------------------+[0m
[0;37m[16:28:47] [INFO] 
Signal after density control: r = 0.455 (p = 0.0132)[0m
[0;37m[16:28:47] [INFO] 
--- TEP CORRECTION ON SUBSAMPLES ---[0m
[0;37m[16:28:47] [INFO] 
TEP Correction Comparison:[0m
[0;37m[16:28:47] [INFO] +---------------+----+-------------+-----------------------+[0m
[0;37m[16:28:47] [INFO] | Subsample     | N  | κ_Cep       | Unified H0 (km/s/Mpc) |[0m
[0;37m[16:28:47] [INFO] +---------------+----+-------------+-----------------------+[0m
[0;37m[16:28:47] [INFO] | Full Sample   | 29 | 1272448.730 | 68.84 ± 1.29          |[0m
[0;37m[16:28:47] [INFO] | Stellar Only  | 16 | 1224230.957 | 66.94 ± 1.66          |[0m
[0;37m[16:28:47] [INFO] | Gold Standard | 0  | N/A         | N/A                   |[0m
[0;37m[16:28:47] [INFO] +---------------+----+-------------+-----------------------+[0m
[0;37m[16:28:47] [INFO] 
--- σ-QUALITY CONVERGENCE TEST ---[0m
[0;37m[16:28:47] [INFO] Convergence (uniform κ)[0m
[0;37m[16:28:47] [INFO] +--------------+----+--------+---------+-------+-----------+-----------+[0m
[0;37m[16:28:47] [INFO] | Tier         | N  | Raw H0 | Corr H0 | Corr. | κ Planck  | κ < (1σ)  |[0m
[0;37m[16:28:47] [INFO] +--------------+----+--------+---------+-------+-----------+-----------+[0m
[0;37m[16:28:47] [INFO] | Full sample  | 29 | 70.06  | 68.84   | 1.22  | 2.771e+06 | 4.272e+06 |[0m
[0;37m[16:28:47] [INFO] | Stellar only | 16 | 69.14  | 66.86   | 2.28  | 9.726e+05 | 2.103e+06 |[0m
[0;37m[16:28:47] [INFO] +--------------+----+--------+---------+-------+-----------+-----------+[0m
[0;37m[16:28:47] [INFO] Tightest 1σ upper bound: κ_Cep < 2.103e+06 (Stellar only).[0m
[0;37m[16:28:47] [INFO] 
--- SUBSET COMPOSITION TABLE ---[0m
[0;37m[16:28:47] [INFO] Subset Composition[0m
[0;37m[16:28:47] [INFO] +--------------+----+--------+----------+--------+----------------+----------+---------+-----------+------------------+-------------------+[0m
[0;37m[16:28:47] [INFO] | Tier         | N  | Mean σ | Median σ | Mean z | Group Richness | N high-σ | N low-σ | Raw slope | Corr H0 (full κ) | Corr H0 (refit κ) |[0m
[0;37m[16:28:47] [INFO] +--------------+----+--------+----------+--------+----------------+----------+---------+-----------+------------------+-------------------+[0m
[0;37m[16:28:47] [INFO] | Full sample  | 29 | 99.6   | 96.4     | 0.0077 | 4.0            | 14       | 15      | 0.09      | 68.84            | 68.84             |[0m
[0;37m[16:28:47] [INFO] | Stellar only | 16 | 111.0  | 101.7    | 0.0078 | 5.4            | 9        | 7       | 0.09      | 66.86            | 66.94             |[0m
[0;37m[16:28:47] [INFO] +--------------+----+--------+----------+--------+----------------+----------+---------+-----------+------------------+-------------------+[0m
[1;32m[16:28:47] [SUCCESS] Saved composition table to /Users/matthewsmawfield/www/Temporal Equivalence Principle/TEP-H0/results/outputs/step_10_subset_composition_table.json[0m
[0;37m[16:28:47] [INFO] 
Summary written to: /Users/matthewsmawfield/www/Temporal Equivalence Principle/TEP-H0/results/outputs/step_08_subsample_sensitivity.txt[0m
[0;37m[16:28:47] [INFO] ============================================================[0m
[0;37m[16:28:47] [INFO] Enhanced robustness analysis complete[0m
[0;37m[16:28:47] [INFO] ============================================================[0m
[1;32m[16:28:47] [SUCCESS] Step 13 (Enhanced Robustness) completed successfully.[0m
[0;37m[16:28:47] [INFO] [0m
[0;37m[16:28:47] [INFO] ================================================================================[0m
[0;37m[16:28:47] [INFO]    >>> STEP 14: LMC Replication[0m
[0;37m[16:28:47] [INFO] ================================================================================[0m
[0;37m[16:28:47] [INFO] [0m
[0;37m[16:28:47] [INFO] [0m
[0;37m[16:28:47] [INFO] ================================================================================[0m
[0;37m[16:28:47] [INFO]    Starting Step 7: LMC Replication[0m
[0;37m[16:28:47] [INFO] ================================================================================[0m
[0;37m[16:28:47] [INFO] [0m
[0;37m[16:28:47] [INFO] Initiating LMC replication (OGLE classical Cepheids)[0m
[0;34m[16:28:47] [PROCESS] Fetching OGLE-IV Cepheid catalog from VizieR...[0m
[1;32m[16:28:48] [SUCCESS] Retrieved 4706 OGLE objects (raw table).[0m
[0;37m[16:28:48] [INFO] After LMC sky cut (<= 12.0 deg): N=4705[0m
[0;37m[16:28:48] [INFO] After fundamental-mode filter: N=2314[0m
[0;37m[16:28:48] [INFO] After period cut (2.5 < P < 100.0 d): N=2093[0m
[0;37m[16:28:48] [INFO] LMC Subsamples[0m
[0;37m[16:28:48] [INFO] +--------+--------------------------+--------------+[0m
[0;37m[16:28:48] [INFO] | Region | Radius selection         | N (Cepheids) |[0m
[0;37m[16:28:48] [INFO] +--------+--------------------------+--------------+[0m
[0;37m[16:28:48] [INFO] | Inner  | R_kpc <= 0.92 (20th pct) | 419          |[0m
[0;37m[16:28:48] [INFO] | Outer  | R_kpc >= 2.93 (80th pct) | 419          |[0m
[0;37m[16:28:48] [INFO] +--------+--------------------------+--------------+[0m
[0;37m[16:28:48] [INFO] Detected Offset (Inner - Outer): +0.0284 mag (3.3 sigma)[0m
[1;32m[16:28:48] [SUCCESS] Saved results to /Users/matthewsmawfield/www/Temporal Equivalence Principle/TEP-H0/results/outputs/step_14_lmc_results.csv[0m
[0;37m[16:28:48] [INFO] Running LMC robustness suite...[0m
[1;32m[16:30:09] [SUCCESS] Saved robustness summary to /Users/matthewsmawfield/www/Temporal Equivalence Principle/TEP-H0/results/outputs/step_14_lmc_robustness_summary.csv[0m
[1;32m[16:30:09] [SUCCESS] Saved robustness summary JSON to /Users/matthewsmawfield/www/Temporal Equivalence Principle/TEP-H0/results/outputs/step_14_lmc_robustness_summary.json[0m
[0;37m[16:30:09] [INFO] LMC Differential Robustness Summary[0m
[0;37m[16:30:09] [INFO] +--------------------+------+-------+-----------+-------------+---------+--------------------+[0m
[0;37m[16:30:09] [INFO] | Test               | N_in | N_out | N_matched | Delta (mag) | Std/Err | Central 68%        |[0m
[0;37m[16:30:09] [INFO] +--------------------+------+-------+-----------+-------------+---------+--------------------+[0m
[0;37m[16:30:09] [INFO] | Baseline           | 419  | 419   | -         | +0.0284     | 0.0086  | -                  |[0m
[0;37m[16:30:09] [INFO] | Matched logP       | 419  | 419   | 340.0     | +0.0285     | 0.0092  | [+0.0191, +0.0378] |[0m
[0;37m[16:30:09] [INFO] | Matched logP+color | 419  | 419   | 300.0     | +0.0361     | 0.0076  | [+0.0285, +0.0437] |[0m
[0;37m[16:30:09] [INFO] | MV match (Type)    | 419  | 419   | 414       | +0.0304     | 0.0054  | [+0.0251, +0.0358] |[0m
[0;37m[16:30:09] [INFO] +--------------------+------+-------+-----------+-------------+---------+--------------------+[0m
[0;34m[16:30:09] [PROCESS] Generating LMC differential P–L plot...[0m
[0;34m[16:30:09] [PROCESS] Generating LMC robustness plot...[0m
[1;32m[16:30:09] [SUCCESS] Step 7 Complete.[0m
[1;32m[16:30:09] [SUCCESS] Step 14 (LMC Replication) completed successfully.[0m
[0;37m[16:30:09] [INFO] [0m
[0;37m[16:30:09] [INFO] ================================================================================[0m
[0;37m[16:30:09] [INFO]    >>> STEP 15: TRGB Comparison[0m
[0;37m[16:30:09] [INFO] ================================================================================[0m
[0;37m[16:30:09] [INFO] [0m
[0;37m[16:30:09] [INFO] Step 7: TRGB-Cepheid comparative analysis[0m
[0;37m[16:30:09] [INFO] Comparing H0-σ correlations across distance indicators[0m
[0;37m[16:30:09] [INFO] Loading TRGB distances from Freedman et al. (2024) from CSV[0m
[0;37m[16:30:09] [INFO] Loaded 20 TRGB distances from traceable CCHP CSV catalog[0m
[0;37m[16:30:09] [INFO] 
--- Cross-matching TRGB hosts with σ data ---[0m
[0;37m[16:30:09] [INFO] Unmatched TRGB hosts: NGC 4039, NGC 4526[0m
[0;37m[16:30:09] [INFO] Matched 18/20 TRGB hosts with σ data[0m
[0;37m[16:30:09] [INFO] 
--- Computing H0 from TRGB distances ---[0m
[0;37m[16:30:09] [INFO] TRGB H0 range: 47.0 - 81.6 km/s/Mpc[0m
[0;37m[16:30:09] [INFO] TRGB H0 mean: 66.75 ± 11.18 km/s/Mpc[0m
[0;37m[16:30:09] [INFO] TRGB host data saved to: /Users/matthewsmawfield/www/Temporal Equivalence Principle/TEP-H0/results/outputs/step_15_trgb_hosts_data.csv[0m
[0;37m[16:30:09] [INFO] 
--- TRGB H0-σ correlation analysis ---[0m
[0;37m[16:30:09] [INFO] TRGB H0-σ Correlation Results[0m
[0;37m[16:30:09] [INFO] +------------------+----------------+-----------------+[0m
[0;37m[16:30:09] [INFO] | Metric           | Value          | Interpretation  |[0m
[0;37m[16:30:09] [INFO] +------------------+----------------+-----------------+[0m
[0;37m[16:30:09] [INFO] | N hosts          | 18             |                 |[0m
[0;37m[16:30:09] [INFO] | Pearson r        | 0.410          | Moderate        |[0m
[0;37m[16:30:09] [INFO] | Pearson p        | 0.0915         | Not significant |[0m
[0;37m[16:30:09] [INFO] | Spearman ρ       | 0.467          | Moderate        |[0m
[0;37m[16:30:09] [INFO] | Spearman p       | 0.0504         | Not significant |[0m
[0;37m[16:30:09] [INFO] | ΔH0 (high-low σ) | 10.31 km/s/Mpc | Large           |[0m
[0;37m[16:30:09] [INFO] +------------------+----------------+-----------------+[0m
[0;37m[16:30:09] [INFO] 
--- Comparison: TRGB vs Cepheids ---[0m
[0;37m[16:30:09] [INFO] +-----------------+------------+---------+----------------+--------------+[0m
[0;37m[16:30:09] [INFO] | Indicator       | Spearman ρ | p-value | ΔH0 (km/s/Mpc) | Significant? |[0m
[0;37m[16:30:09] [INFO] +-----------------+------------+---------+----------------+--------------+[0m
[0;37m[16:30:09] [INFO] | Cepheids (N=29) | 0.517      | 0.0041  | 7.86           | YES          |[0m
[0;37m[16:30:09] [INFO] | TRGB (N=18)     | 0.467      | 0.0504  | 10.31          | NO           |[0m
[0;37m[16:30:09] [INFO] +-----------------+------------+---------+----------------+--------------+[0m
[0;37m[16:30:09] [INFO] 
============================================================[0m
[0;37m[16:30:09] [INFO] Comparative analysis conclusion[0m
[0;37m[16:30:09] [INFO] ============================================================[0m
[1;32m[16:30:09] [SUCCESS] ✓ Cepheids show significant H0-σ correlation[0m
[0;37m[16:30:09] [INFO] • TRGB does not show significant H0-σ correlation[0m
[0;37m[16:30:09] [INFO] [0m
[0;37m[16:30:09] [INFO]   Interpretation:[0m
[0;37m[16:30:09] [INFO]   ───────────────[0m
[0;37m[16:30:09] [INFO]   This pattern is consistent with TWO superimposed effects:[0m
[0;37m[16:30:09] [INFO] [0m
[0;37m[16:30:09] [INFO]   1. Common effect (can affect multiple indicators):[0m
[0;37m[16:30:09] [INFO]      → Peculiar velocities correlate with host mass/σ[0m
[0;37m[16:30:09] [INFO]      → Can induce baseline H0-σ structure in multiple indicators[0m
[0;37m[16:30:09] [INFO] [0m
[0;37m[16:30:09] [INFO]   2. Cepheid-specific effect (TEP):[0m
[0;37m[16:30:09] [INFO]      → Period contraction in high-σ environments[0m
[0;37m[16:30:09] [INFO]      → Isolated by differential test: Δμ = μ_TRGB - μ_Ceph[0m
[0;37m[16:30:09] [INFO]      → See step_7_trgb_reanalysis.py for differential analysis[0m
[0;37m[16:30:09] [INFO] Results saved to /Users/matthewsmawfield/www/Temporal Equivalence Principle/TEP-H0/results/outputs/step_15_trgb_comparison_results.json[0m
[0;37m[16:30:09] [INFO] ============================================================[0m
[0;37m[16:30:09] [INFO] TRGB-Cepheid comparison complete[0m
[0;37m[16:30:09] [INFO] ============================================================[0m
[1;32m[16:30:09] [SUCCESS] Step 15 (TRGB Comparison) completed successfully.[0m
[0;37m[16:30:09] [INFO] [0m
[0;37m[16:30:09] [INFO] ================================================================================[0m
[0;37m[16:30:09] [INFO]    >>> STEP 16: TRGB Differential Reanalysis[0m
[0;37m[16:30:09] [INFO] ================================================================================[0m
[0;37m[16:30:09] [INFO] [0m
[0;37m[16:30:09] [INFO] Step 7: TRGB re-analysis (differential test)[0m
[0;37m[16:30:09] [INFO] Matched 13 hosts for differential analysis[0m
[0;37m[16:30:09] [INFO] 
Differential Modulus (TRGB - Cepheid) vs Sigma:[0m
[0;37m[16:30:09] [INFO] +-----------------+---------------+--------------+[0m
[0;37m[16:30:09] [INFO] | Metric          | Value         | Significance |[0m
[0;37m[16:30:09] [INFO] +-----------------+---------------+--------------+[0m
[0;37m[16:30:09] [INFO] | Pearson r       | 0.478         | p=0.0493     |[0m
[0;37m[16:30:09] [INFO] | Spearman ρ      | 0.582         | p=0.0184     |[0m
[0;37m[16:30:09] [INFO] | Slope (mag/dex) | 0.141 ± 0.076 | p=0.0457     |[0m
[0;37m[16:30:09] [INFO] +-----------------+---------------+--------------+[0m
[0;37m[16:30:09] [INFO] 
Interpretation Check:[0m
[0;37m[16:30:09] [INFO]   Positive correlation detected.[0m
[0;37m[16:30:09] [INFO]   High-σ hosts have μ_TRGB > μ_Ceph.[0m
[0;37m[16:30:09] [INFO]   Implies μ_Ceph is underestimated at high σ.[0m
[1;32m[16:30:09] [SUCCESS]   → Consistent with TEP prediction.[0m
[0;37m[16:30:09] [INFO] Results saved to /Users/matthewsmawfield/www/Temporal Equivalence Principle/TEP-H0/results/outputs/step_16_trgb_differential_results.json[0m
[1;32m[16:30:09] [SUCCESS] Step 16 (TRGB Differential Reanalysis) completed successfully.[0m
[0;37m[16:30:09] [INFO] [0m
[0;37m[16:30:09] [INFO] ================================================================================[0m
[0;37m[16:30:09] [INFO]    >>> STEP 17: Host-mass Residual Test[0m
[0;37m[16:30:09] [INFO] ================================================================================[0m
[0;37m[16:30:09] [INFO] [0m
[0;37m[16:30:09] [INFO] [0m
[0;37m[16:30:09] [INFO] ================================================================================[0m
[0;37m[16:30:09] [INFO]    >>> STEP 16: Host-mass residual test (TEP-specific bias isolation)[0m
[0;37m[16:30:09] [INFO] ================================================================================[0m
[0;37m[16:30:09] [INFO] [0m
[0;37m[16:30:09] [INFO] Cepheid: Host-mass partial correlation[0m
[0;37m[16:30:09] [INFO] Raw: r=0.466, p=0.0109[0m
[0;37m[16:30:09] [INFO] Mass-residual: r=0.445, p=0.0154 (N=29)[0m
[0;37m[16:30:09] [INFO] Both-residual: r=0.450, p=0.0144[0m
[0;37m[16:30:09] [INFO] TRGB: Host-mass partial correlation[0m
[0;37m[16:30:09] [INFO] TRGB raw: r=0.327, p=0.2747[0m
[0;37m[16:30:09] [INFO] TRGB mass-residual: r=-0.004, p=0.9904 (N=13)[0m
[0;37m[16:30:09] [INFO] --- SUMMARY ---[0m
[0;37m[16:30:09] [INFO] +---------+-------+--------+-----------------+-----------------+[0m
[0;37m[16:30:09] [INFO] | Channel | Raw r | Raw p  | Mass-residual r | Mass-residual p |[0m
[0;37m[16:30:09] [INFO] +---------+-------+--------+-----------------+-----------------+[0m
[0;37m[16:30:09] [INFO] | Cepheid | 0.466 | 0.0109 | 0.445           | 0.0154          |[0m
[0;37m[16:30:09] [INFO] | TRGB    | 0.327 | 0.2747 | -0.004          | 0.9904          |[0m
[0;37m[16:30:09] [INFO] +---------+-------+--------+-----------------+-----------------+[0m
[1;32m[16:30:09] [SUCCESS] Saved results to step_17_host_mass_residual_test.json[0m
[1;32m[16:30:09] [SUCCESS] Step 16 complete[0m
[1;32m[16:30:09] [SUCCESS] Step 17 (Host-Mass Residual) completed successfully.[0m
[0;37m[16:30:09] [INFO] [0m
[0;37m[16:30:09] [INFO] ================================================================================[0m
[0;37m[16:30:09] [INFO]    >>> STEP 18: TEP Regressor Audit[0m
[0;37m[16:30:09] [INFO] ================================================================================[0m
[0;37m[16:30:09] [INFO] [0m
[0;37m[16:30:09] [INFO] [0m
[0;37m[16:30:09] [INFO] ================================================================================[0m
[0;37m[16:30:09] [INFO]    >>> STEP 17: Primary TEP regressor audit[0m
[0;37m[16:30:09] [INFO] ================================================================================[0m
[0;37m[16:30:09] [INFO] [0m
[0;37m[16:30:09] [INFO] Regressor comparison (sorted by |Pearson r|):[0m
[0;37m[16:30:09] [INFO] TEP Regressor Audit[0m
[0;37m[16:30:09] [INFO] +------------------+----+-----------+--------+------------+--------+---------+[0m
[0;37m[16:30:09] [INFO] | Regressor        | N  | Pearson r | p      | Spearman ρ | p      | Scatter |[0m
[0;37m[16:30:09] [INFO] +------------------+----+-----------+--------+------------+--------+---------+[0m
[0;37m[16:30:09] [INFO] | sigma            | 29 | 0.466     | 0.0109 | 0.517      | 0.0041 | 6.74    |[0m
[0;37m[16:30:09] [INFO] | S_total_sigma_sq | 29 | 0.441     | 0.0167 | 0.388      | 0.0374 | 6.84    |[0m
[0;37m[16:30:09] [INFO] | S_local_sigma_sq | 29 | 0.436     | 0.0180 | 0.438      | 0.0175 | 6.85    |[0m
[0;37m[16:30:09] [INFO] | TEP_full         | 29 | 0.434     | 0.0186 | 0.525      | 0.0035 | 6.86    |[0m
[0;37m[16:30:09] [INFO] | sigma_sq         | 29 | 0.426     | 0.0212 | 0.517      | 0.0041 | 6.89    |[0m
[0;37m[16:30:09] [INFO] | host_logmass     | 29 | 0.304     | 0.1087 | 0.419      | 0.0238 | 7.26    |[0m
[0;37m[16:30:09] [INFO] | z_hd             | 29 | 0.259     | 0.1750 | 0.272      | 0.1531 | 7.36    |[0m
[0;37m[16:30:09] [INFO] | sigma_shuffled   | 29 | 0.157     | 0.4163 | 0.113      | 0.5584 | 7.52    |[0m
[0;37m[16:30:09] [INFO] | m_b_corr         | 29 | 0.065     | 0.7388 | -0.009     | 0.9636 | 7.60    |[0m
[0;37m[16:30:09] [INFO] +------------------+----+-----------+--------+------------+--------+---------+[0m
[1;32m[16:30:09] [SUCCESS] Best TEP regressor: S_total_sigma_sq (r=0.441, p=0.0167)[0m
[1;32m[16:30:09] [SUCCESS] Step 17 complete[0m
[1;32m[16:30:09] [SUCCESS] Step 18 (Regressor Audit) completed successfully.[0m
[0;37m[16:30:09] [INFO] [0m
[0;37m[16:30:09] [INFO] ================================================================================[0m
[0;37m[16:30:09] [INFO]    >>> STEP 19: Group Environment Model Comparison[0m
[0;37m[16:30:09] [INFO] ================================================================================[0m
[0;37m[16:30:09] [INFO] [0m
[0;37m[16:30:09] [INFO] [0m
[0;37m[16:30:09] [INFO] ================================================================================[0m
[0;37m[16:30:09] [INFO]    >>> STEP 18: Group environment model comparison[0m
[0;37m[16:30:09] [INFO] ================================================================================[0m
[0;37m[16:30:09] [INFO] [0m
[0;37m[16:30:09] [INFO] Model comparison (sorted by BIC, lower is better):[0m
[0;37m[16:30:09] [INFO] Group Environment Model Comparison[0m
[0;37m[16:30:09] [INFO] +-------------------------------------+----+---+-------+---------+--------+--------+-------+-------+[0m
[0;37m[16:30:09] [INFO] | Model                               | N  | k | R²    | Scatter | t-stat | p      | AIC   | BIC   |[0m
[0;37m[16:30:09] [INFO] +-------------------------------------+----+---+-------+---------+--------+--------+-------+-------+[0m
[0;37m[16:30:09] [INFO] | TEP-full: S_local * S_group * sigma | 29 | 2 | 0.194 | 7.09    | 2.55   | 0.0167 | 199.9 | 202.6 |[0m
[0;37m[16:30:09] [INFO] | TEP-local: S_local * sigma^2        | 29 | 2 | 0.190 | 7.10    | 2.52   | 0.0180 | 200.0 | 202.7 |[0m
[0;37m[16:30:09] [INFO] | Baseline: sigma^2 only              | 29 | 2 | 0.181 | 7.14    | 2.45   | 0.0212 | 200.3 | 203.1 |[0m
[0;37m[16:30:09] [INFO] | TEP-full + N_mb residual            | 29 | 3 | 0.294 | 6.76    | 2.99   | 0.0060 | 199.1 | 203.2 |[0m
[0;37m[16:30:09] [INFO] | Confound: sigma^2 + N_mb            | 29 | 3 | 0.206 | 7.17    | 2.25   | 0.0334 | 202.6 | 206.7 |[0m
[0;37m[16:30:09] [INFO] +-------------------------------------+----+---+-------+---------+--------+--------+-------+-------+[0m
[1;32m[16:30:09] [SUCCESS] Best model: TEP-full: S_local * S_group * sigma^2 (BIC=202.6, scatter=7.09, p=0.0167)[0m
[1;32m[16:30:09] [SUCCESS] Step 18 complete[0m
[1;32m[16:30:09] [SUCCESS] Step 19 (Group Env Models) completed successfully.[0m
[0;37m[16:30:09] [INFO] [0m
[0;37m[16:30:09] [INFO] ================================================================================[0m
[0;37m[16:30:09] [INFO]    >>> STEP 20: Joint Cepheid+trgb Indicator Model[0m
[0;37m[16:30:09] [INFO] ================================================================================[0m
[0;37m[16:30:09] [INFO] [0m
[0;37m[16:30:09] [INFO] [0m
[0;37m[16:30:09] [INFO] ================================================================================[0m
[0;37m[16:30:09] [INFO]    >>> STEP 19: Joint Cepheid + TRGB indicator model[0m
[0;37m[16:30:09] [INFO] ================================================================================[0m
[0;37m[16:30:09] [INFO] [0m
[0;37m[16:30:09] [INFO] Matched hosts: N=13[0m
[0;37m[16:30:09] [INFO] Joint indicator model results:[0m
[0;37m[16:30:09] [INFO] Using S_local-only regressor (same as Step 12 cross-channel)[0m
[0;37m[16:30:09] [INFO] +------------------------------+-----------+-----------+--------+---------+[0m
[0;37m[16:30:09] [INFO] | Parameter                    | Estimate  | SE        | t-stat | p-value |[0m
[0;37m[16:30:09] [INFO] +------------------------------+-----------+-----------+--------+---------+[0m
[0;37m[16:30:09] [INFO] | B_Cepheid                    | 1.920e+05 | 4.615e+06 | 0.04   | 0.9676  |[0m
[0;37m[16:30:09] [INFO] | B_TRGB                       | 1.001e+06 | 4.734e+06 | 0.21   | 0.8363  |[0m
[0;37m[16:30:09] [INFO] | kappa_diff = B_TRGB - B_Ceph | 8.094e+05 | 3.602e+05 | 2.25   | 0.0461  |[0m
[0;37m[16:30:09] [INFO] +------------------------------+-----------+-----------+--------+---------+[0m
[0;37m[16:30:09] [INFO] Result: kappa_diff = 8.094e+05 ± 3.602e+05 (t=2.25, p=0.0461). Positive slope means mu_TRGB - mu_Ceph increases with sigma. Directionally consistent with TEP (Cepheids underestimated at high sigma). But magnitude (8.09e+05) is smaller than kappa_Cep (1.27e+06), suggesting shared systematic dominates.[0m
[1;32m[16:30:09] [SUCCESS] Saved results to step_20_joint_indicator_model.json[0m
[1;32m[16:30:09] [SUCCESS] Step 19 complete[0m
[1;32m[16:30:09] [SUCCESS] Step 20 (Joint Indicator) completed successfully.[0m
[0;37m[16:30:09] [INFO] [0m
[0;37m[16:30:09] [INFO] ================================================================================[0m
[0;37m[16:30:09] [INFO]    >>> STEP 21: Physically Stratified Validation[0m
[0;37m[16:30:09] [INFO] ================================================================================[0m
[0;37m[16:30:09] [INFO] [0m
[0;37m[16:30:09] [INFO] [0m
[0;37m[16:30:09] [INFO] ================================================================================[0m
[0;37m[16:30:09] [INFO]    >>> STEP 21: Physically stratified validation[0m
[0;37m[16:30:09] [INFO] ================================================================================[0m
[0;37m[16:30:09] [INFO] [0m
[0;37m[16:30:09] [INFO] Physically stratified validation results:[0m
[0;37m[16:30:09] [INFO] Stratified Validation (Train -> Test)[0m
[0;37m[16:30:09] [INFO] +-------------------+---------+--------+----------+--------+--------+----------------+[0m
[0;37m[16:30:09] [INFO] | Split             | N_train | N_test | κ_train  | Test r | Test p | Criterion met? |[0m
[0;37m[16:30:09] [INFO] +-------------------+---------+--------+----------+--------+--------+----------------+[0m
[0;37m[16:30:09] [INFO] | lowz_to_highz     | 6       | 23     | 7.97e+06 | 0.963  | 0.0000 | NO             |[0m
[0;37m[16:30:09] [INFO] | highz_to_lowz     | 23      | 6      | 7.49e+05 | -0.528 | 0.2817 | NO             |[0m
[0;37m[16:30:09] [INFO] | stellar_to_hi     | 16      | 13     | 1.22e+06 | -0.459 | 0.1150 | NO             |[0m
[0;37m[16:30:09] [INFO] | hi_to_stellar     | 13      | 16     | 4.40e+06 | 0.797  | 0.0002 | NO             |[0m
[0;37m[16:30:09] [INFO] | isolated_to_group | 15      | 14     | 2.67e+06 | 0.576  | 0.0309 | NO             |[0m
[0;37m[16:30:09] [INFO] | group_to_isolated | 14      | 15     | 8.71e+05 | -0.507 | 0.0536 | NO             |[0m
[0;37m[16:30:09] [INFO] +-------------------+---------+--------+----------+--------+--------+----------------+[0m
[0;37m[16:30:09] [INFO] Passed 0/6 stratified validation splits[0m
[1;32m[16:30:09] [SUCCESS] Step 21 complete[0m
[1;32m[16:30:09] [SUCCESS] Step 21 (Stratified Validation) completed successfully.[0m
[0;37m[16:30:09] [INFO] [0m
[0;37m[16:30:09] [INFO] ================================================================================[0m
[0;37m[16:30:09] [INFO]    >>> STEP 22: Exact Anchor-leverage Sigma_ref[0m
[0;37m[16:30:09] [INFO] ================================================================================[0m
[0;37m[16:30:09] [INFO] [0m
[0;37m[16:30:09] [INFO] [0m
[0;37m[16:30:09] [INFO] ================================================================================[0m
[0;37m[16:30:09] [INFO]    >>> STEP 21: Exact anchor-leverage sigma_ref[0m
[0;37m[16:30:09] [INFO] ================================================================================[0m
[0;37m[16:30:09] [INFO] [0m
[0;37m[16:30:09] [INFO] Step-3 weights, unscreened:        87.17 km/s[0m
[0;37m[16:30:09] [INFO] Step-3 weights, screened:          30.51 km/s[0m
[0;37m[16:30:09] [INFO] Equal weights, unscreened:         70.00 km/s[0m
[0;37m[16:30:09] [INFO] Equal weights, screened:           27.77 km/s[0m
[0;37m[16:30:09] [INFO] Pipeline sigma_ref (standard):     87.17 km/s[0m
[0;37m[16:30:09] [INFO] Pipeline sigma_ref (screened):     30.51 km/s[0m
[1;32m[16:30:09] [SUCCESS] Step 21 complete[0m
[1;32m[16:30:09] [SUCCESS] Step 22 (Exact Sigma_ref) completed successfully.[0m
[0;37m[16:30:09] [INFO] [0m
[0;37m[16:30:09] [INFO] ================================================================================[0m
[0;37m[16:30:09] [INFO]    >>> STEP 23: Sn Ia Downstream Residual Test[0m
[0;37m[16:30:09] [INFO] ================================================================================[0m
[0;37m[16:30:09] [INFO] [0m
[0;37m[16:30:09] [INFO] [0m
[0;37m[16:30:09] [INFO] ================================================================================[0m
[0;37m[16:30:09] [INFO]    >>> STEP 22: SN Ia downstream residual test[0m
[0;37m[16:30:09] [INFO] ================================================================================[0m
[0;37m[16:30:09] [INFO] [0m
[0;37m[16:30:10] [INFO] Raw vs corrected comparison:[0m
[0;37m[16:30:10] [INFO] +--------------------+--------+-----------+-------------+[0m
[0;37m[16:30:10] [INFO] | Metric             | Raw    | Corrected | Improvement |[0m
[0;37m[16:30:10] [INFO] +--------------------+--------+-----------+-------------+[0m
[0;37m[16:30:10] [INFO] | Pearson r          | 0.466  | -0.006    | +0.460      |[0m
[0;37m[16:30:10] [INFO] | Pearson p          | 0.0109 | 0.9756    | +0.9648     |[0m
[0;37m[16:30:10] [INFO] | Spearman ρ         | 0.517  | 0.101     | +0.416      |[0m
[0;37m[16:30:10] [INFO] | Scatter (km/s/Mpc) | 7.62   | 6.94      | +0.68       |[0m
[0;37m[16:30:10] [INFO] +--------------------+--------+-----------+-------------+[0m
[1;32m[16:30:10] [SUCCESS] Corrected residual vs sigma: r=-0.006, p=0.9756[0m
[1;32m[16:30:10] [SUCCESS] Step 22 complete[0m
[1;32m[16:30:10] [SUCCESS] Step 23 (SN Residual) completed successfully.[0m
[0;37m[16:30:10] [INFO] [0m
[0;37m[16:30:10] [INFO] ================================================================================[0m
[0;37m[16:30:10] [INFO]    >>> STEP 24: Synthetic Injection Recovery[0m
[0;37m[16:30:10] [INFO] ================================================================================[0m
[0;37m[16:30:10] [INFO] [0m
[0;37m[16:30:10] [INFO] [0m
[0;37m[16:30:10] [INFO] ================================================================================[0m
[0;37m[16:30:10] [INFO]    >>> STEP 24: Synthetic injection recovery test[0m
[0;37m[16:30:10] [INFO] ================================================================================[0m
[0;37m[16:30:10] [INFO] [0m
[0;37m[16:30:10] [INFO] sigma_ref = 87.1651 km/s (from step_04_tep_correction_results.json)[0m
[0;37m[16:30:10] [INFO] Null H0 = 70.06 km/s/Mpc (mean over N=29 hosts)[0m
[0;37m[16:30:10] [INFO] Correlation(z, X_tep) = 0.479 (p=0.009) — non-zero OLS baseline at kappa_inj=0 expected; differential recovery is exact.[0m
[0;37m[16:30:10] [INFO] ODR reliability: mean sx/X_tep = 1.45x (not reliable (measurement errors exceed signal); ODR disabled)[0m
[0;37m[16:30:10] [INFO] kappa_inj=0.0e6: OLS=4.023, ODR=disabled, GLS=2.695[0m
[0;37m[16:30:10] [INFO] kappa_inj=0.5e6: OLS=4.523, ODR=disabled, GLS=3.195[0m
[0;37m[16:30:10] [INFO] kappa_inj=1.0e6: OLS=5.023, ODR=disabled, GLS=3.695[0m
[0;37m[16:30:10] [INFO] kappa_inj=1.5e6: OLS=5.523, ODR=disabled, GLS=4.195[0m
[1;32m[16:30:10] [SUCCESS] Synthetic injection table saved to step_24_synthetic_injection.csv[0m
[1;32m[16:30:10] [SUCCESS] Step 24 complete[0m
[1;32m[16:30:10] [SUCCESS] Step 24 (Synthetic Injection) completed successfully.[0m
[0;37m[16:30:10] [INFO] [0m
[0;37m[16:30:10] [INFO] ================================================================================[0m
[0;37m[16:30:10] [INFO]    >>> STEP 25: Leave-one-out Influence Analysis[0m
[0;37m[16:30:10] [INFO] ================================================================================[0m
[0;37m[16:30:10] [INFO] [0m
[1;32m[16:30:10] [SUCCESS] Leave-One-Out table generated.[0m
[1;32m[16:30:10] [SUCCESS] Step 25 (Leave-One-Out) completed successfully.[0m
[0;37m[16:30:10] [INFO] [0m
[0;37m[16:30:10] [INFO] ================================================================================[0m
[0;37m[16:30:10] [INFO]    >>> STEP 26: M31 Phat Analysis[0m
[0;37m[16:30:10] [INFO] ================================================================================[0m
[0;37m[16:30:10] [INFO] [0m
[0;37m[16:30:10] [INFO] [0m
[0;37m[16:30:10] [INFO] ================================================================================[0m
[0;37m[16:30:10] [INFO]    Starting Step 8: M31 HST Differential Analysis[0m
[0;37m[16:30:10] [INFO] ================================================================================[0m
[0;37m[16:30:10] [INFO] [0m
[0;34m[16:30:10] [PROCESS] Fetching Kodric 2018 HST J/H catalog (J/ApJ/864/59)...[0m
[1;32m[16:30:10] [SUCCESS] Downloaded 1113 Cepheids with HST J/H photometry[0m
[0;37m[16:30:10] [INFO] After quality cuts: 391 classical Cepheids (P=10-60d)[0m
[0;37m[16:30:10] [INFO] M31 HST Sample[0m
[0;37m[16:30:10] [INFO] +--------+--------------+----+----------+----------+[0m
[0;37m[16:30:10] [INFO] | Region | Cut          | N  | Mean W_H | Mean J-H |[0m
[0;37m[16:30:10] [INFO] +--------+--------------+----+----------+----------+[0m
[0;37m[16:30:10] [INFO] | Inner  | R < 5.0 kpc  | 78 | 18.31    | 0.680    |[0m
[0;37m[16:30:10] [INFO] | Outer  | R > 15.0 kpc | 69 | 18.00    | 0.544    |[0m
[0;37m[16:30:10] [INFO] +--------+--------------+----+----------+----------+[0m
[0;37m[16:30:10] [INFO] === Baseline analysis (no color matching) ===[0m
[0;37m[16:30:10] [INFO] Baseline: ΔW = +0.681 ± 0.187 mag (3.6σ) [Inner fainter][0m
[0;37m[16:30:10] [INFO] === 2D multidimensional matching (logP + color) ===[0m
[0;37m[16:30:10] [INFO] Found 26 tight 2D matches.[0m
[0;37m[16:30:10] [INFO] Matched: ΔW = +0.604 ± 0.277 mag (2.2σ) [Inner fainter][0m
[0;37m[16:30:10] [INFO] ============================================================[0m
[0;37m[16:30:10] [INFO] [0m
[0;37m[16:30:10] [INFO] ================================================================================[0m
[0;37m[16:30:10] [INFO]    Summary[0m
[0;37m[16:30:10] [INFO] ================================================================================[0m
[0;37m[16:30:10] [INFO] [0m
[0;37m[16:30:10] [INFO] Baseline (Confounded): ΔW = +0.681 ± 0.187 mag [Inner fainter][0m
[0;37m[16:30:10] [INFO] Matched (Controlled):  ΔW = +0.604 ± 0.277 mag [Inner fainter][0m
[0;37m[16:30:10] [INFO] [0m
[1;32m[16:30:10] [SUCCESS] M31 HST shows robust inner fainter — consistent with screened TEP.[0m
[1;32m[16:30:10] [SUCCESS] Results saved to /Users/matthewsmawfield/www/Temporal Equivalence Principle/TEP-H0/results/outputs/step_26_m31_phat_robustness_summary.json[0m
[1;32m[16:30:10] [SUCCESS] Step 8 complete.[0m
[1;32m[16:30:10] [SUCCESS] Step 26 (M31 PHAT Analysis) completed successfully.[0m
[0;37m[16:30:10] [INFO] [0m
[0;37m[16:30:10] [INFO] ================================================================================[0m
[0;37m[16:30:10] [INFO]    >>> STEP 27: Anchor Stratification Test[0m
[0;37m[16:30:10] [INFO] ================================================================================[0m
[0;37m[16:30:10] [INFO] [0m
[0;37m[16:30:10] [INFO] ======================================================================[0m
[0;37m[16:30:10] [INFO] Step 27: Anchor stratification test[0m
[0;37m[16:30:10] [INFO] Testing for internal P-L tension in geometric anchors[0m
[0;37m[16:30:10] [INFO] ======================================================================[0m
[0;37m[16:30:10] [INFO] Anchor Screening from Continuous Nmb Formula:[0m
[0;37m[16:30:10] [INFO]   S_group(N_mb) = [1 + (N_mb / N_crit)^gamma]^{-1}[0m
[0;37m[16:30:10] [INFO]   N_crit = 10.0, gamma = 1.2 (fixed before any fit)[0m
[0;37m[16:30:10] [INFO]   S_{MW} = 0.605  (N_mb = 7)[0m
[0;37m[16:30:10] [INFO]   S_{LMC} = 0.873  (N_mb = 2)[0m
[0;37m[16:30:10] [INFO]   S_{M31} = 0.471  (N_mb = 11)[0m
[0;37m[16:30:10] [INFO]   S_{NGC 4258} = 0.096  (N_mb = 65)[0m
[0;37m[16:30:10] [INFO] Loaded 3130 Cepheid measurements[0m
[0;37m[16:30:10] [INFO] Anchor Sample Sizes:[0m
[0;37m[16:30:10] [INFO] +----------+-----+----------+--------+[0m
[0;37m[16:30:10] [INFO] | Anchor   | N   | σ (km/s) | μ_geo  |[0m
[0;37m[16:30:10] [INFO] +----------+-----+----------+--------+[0m
[0;37m[16:30:10] [INFO] | NGC 4258 | 443 | 115      | 29.398 |[0m
[0;37m[16:30:10] [INFO] | LMC      | 339 | 24       | 18.477 |[0m
[0;37m[16:30:10] [INFO] | M31      | 55  | 160      | 24.380 |[0m
[0;37m[16:30:10] [INFO] +----------+-----+----------+--------+[0m
[0;37m[16:30:10] [INFO] Independent P-L Fit Results:[0m
[0;37m[16:30:10] [INFO] +----------+-----+-----+-----------+-------+--------+-------+[0m
[0;37m[16:30:10] [INFO] | Anchor   | N   | σ   | M_W (abs) | ± err | b_W    | ± err |[0m
[0;37m[16:30:10] [INFO] +----------+-----+-----+-----------+-------+--------+-------+[0m
[0;37m[16:30:10] [INFO] | NGC 4258 | 443 | 115 | -5.838    | 0.022 | -3.288 | 0.078 |[0m
[0;37m[16:30:10] [INFO] | LMC      | 339 | 24  | -5.878    | 0.005 | -3.291 | 0.019 |[0m
[0;37m[16:30:10] [INFO] | M31      | 55  | 160 | -5.849    | 0.024 | -3.313 | 0.077 |[0m
[0;37m[16:30:10] [INFO] +----------+-----+-----+-----------+-------+--------+-------+[0m
[0;37m[16:30:10] [INFO] Multi-Anchor Regression (sigma^2/c^2 form):[0m
[0;37m[16:30:10] [INFO]   κ_anchor = 2.464e+05 ± 1.387e+05 mag[0m
[0;37m[16:30:10] [INFO]   Significance: 1.8σ[0m
[0;37m[16:30:10] [INFO]   Pearson r = 0.663 (p = 0.5382)[0m
[0;37m[16:30:10] [INFO]   κ comparison (3-anchor fit, error dominated by κ_host): 2.1σ[0m
[0;37m[16:30:10] [INFO] Prediction Test A (NAIVE, S=1 for anchors — standard-GR-style):[0m
[0;37m[16:30:10] [INFO]   NGC 4258 σ=   115  Δμ_pred=+0.179  M_W obs=-5.838  pred=-5.699  resid=-0.140 (-2.0σ)[0m
[0;37m[16:30:10] [INFO]   M31      σ=   160  Δμ_pred=+0.354  M_W obs=-5.849  pred=-5.523  resid=-0.326 (-2.5σ)[0m
[0;37m[16:30:10] [INFO]   Mean |residual| = 2.3σ; chi2 = 10.29 / 2 dof[0m
[0;37m[16:30:10] [INFO] Prediction Test B (TEP-AWARE, S_anchor from cosmological environment, ref=LMC with S=0.87):[0m
[0;37m[16:30:10] [INFO]   NGC 4258 S=0.10  Δμ_TEP=+0.011  M_W obs=-5.838  pred=-5.867  resid=+0.029 (+1.3σ)[0m
[0;37m[16:30:10] [INFO]   M31      S=0.47  Δμ_TEP=+0.164  M_W obs=-5.849  pred=-5.714  resid=-0.135 (-2.1σ)[0m
[0;37m[16:30:10] [INFO]   Mean |residual| = 1.7σ; chi2 = 6.02 / 2 dof[0m
[1;32m[16:30:10] [SUCCESS] Results saved: /Users/matthewsmawfield/www/Temporal Equivalence Principle/TEP-H0/results/outputs/step_27_anchor_stratification_test.json[0m
[0;37m[16:30:10] [INFO] ======================================================================[0m
[0;37m[16:30:10] [INFO] ANCHOR STRATIFICATION SUMMARY[0m
[0;37m[16:30:10] [INFO] ======================================================================[0m
[0;37m[16:30:10] [INFO] TEP framing: anchors lie in DEEP cosmological potential wells (LG/Local Volume); hosts are in Hubble flow (less screened). Density-regime screening is expected.[0m
[0;37m[16:30:10] [INFO] Limited anchor/host κ comparison (2.1σ) — anchor sample (N=3) is insufficient to discriminate screening regimes.[0m
[1;32m[16:30:10] [SUCCESS] Step 27 (Anchor Stratification) completed successfully.[0m
[0;37m[16:30:10] [INFO] [0m
[0;37m[16:30:10] [INFO] ================================================================================[0m
[0;37m[16:30:10] [INFO]    >>> STEP 28: Local Gravity Closure[0m
[0;37m[16:30:10] [INFO] ================================================================================[0m
[0;37m[16:30:10] [INFO] [0m
[0;37m[16:30:10] [INFO] [0m
[0;37m[16:30:10] [INFO] ================================================================================[0m
[0;37m[16:30:10] [INFO]    Starting Step 10b: Local-Gravity Closure[0m
[0;37m[16:30:10] [INFO] ================================================================================[0m
[0;37m[16:30:10] [INFO] [0m
[0;37m[16:30:10] [INFO] alpha_clock=8.988e+05[0m
[0;37m[16:30:10] [INFO] Cassini margin=2.19e+05; MICROSCOPE margin=5.39e+06[0m
[0;37m[16:30:10] [INFO] q_sun=8.4e-12; q_earth=1.6e-15[0m
[1;32m[16:30:10] [SUCCESS] Saved local-gravity closure to /Users/matthewsmawfield/www/Temporal Equivalence Principle/TEP-H0/results/outputs/step_28_local_gravity_closure.json[0m
[1;32m[16:30:10] [SUCCESS] Step 28 (Local Gravity Closure) completed successfully.[0m
[0;37m[16:30:10] [INFO] [0m
[0;37m[16:30:10] [INFO] ================================================================================[0m
[0;37m[16:30:10] [INFO]    >>> STEP 29: Cross-channel Consistency[0m
[0;37m[16:30:10] [INFO] ================================================================================[0m
[0;37m[16:30:10] [INFO] [0m
[0;37m[16:30:10] [INFO] ============================================================[0m
[0;37m[16:30:10] [INFO] Step 12: Cross-channel consistency[0m
[0;37m[16:30:10] [INFO] The definitive TEP framework test[0m
[0;37m[16:30:10] [INFO] ============================================================[0m
[0;37m[16:30:18] [INFO] Cepheid host-only: kappa = 1.272e+06 +/- 7.860e+05[0m
[0;37m[16:30:18] [INFO] TRGB:  kappa = 2.986e+06 +/- 1.785e+06 (N=18)[0m
[0;37m[16:30:18] [INFO] TRGB raw delta_mu-sigma slope: -0.0060 +/- 0.0036 (t=-1.67)[0m
[0;37m[16:30:18] [INFO] Differential: kappa_diff = 8.094e+05 +/- 3.602e+05 (N=13)[0m
[0;37m[16:30:18] [INFO] Joint chi2 = 3.47 / 4 (p = 0.482)[0m
[1;32m[16:30:18] [SUCCESS] Results saved to /Users/matthewsmawfield/www/Temporal Equivalence Principle/TEP-H0/results/outputs/step_29_cross_channel_consistency.json[0m
[0;37m[16:30:18] [INFO] 
--- CROSS-CHANNEL SUMMARY ---[0m
[0;37m[16:30:18] [INFO] +-------------------+-----------+-----------+[0m
[0;37m[16:30:18] [INFO] | Quantity          | Value     | Error     |[0m
[0;37m[16:30:18] [INFO] +-------------------+-----------+-----------+[0m
[0;37m[16:30:18] [INFO] | kappa_Cep (host)  | 1.272e+06 | 7.860e+05 |[0m
[0;37m[16:30:18] [INFO] | kappa_Cep (joint) | 1.272e+06 | 4.625e+05 |[0m
[0;37m[16:30:18] [INFO] | kappa_TRGB        | 2.986e+06 | 1.785e+06 |[0m
[0;37m[16:30:18] [INFO] | kappa_diff        | 8.094e+05 | 3.602e+05 |[0m
[0;37m[16:30:18] [INFO] | Joint chi2        | 3.47      | p=0.482   |[0m
[0;37m[16:30:18] [INFO] +-------------------+-----------+-----------+[0m
[0;37m[16:30:18] [INFO] ============================================================[0m
[0;37m[16:30:18] [INFO] STEP 12 COMPLETE[0m
[0;37m[16:30:18] [INFO] ============================================================[0m
[1;32m[16:30:18] [SUCCESS] Step 29 (Cross-Channel) completed successfully.[0m
[0;37m[16:30:18] [INFO] [0m
[0;37m[16:30:18] [INFO] ================================================================================[0m
[0;37m[16:30:18] [INFO]    >>> STEP 30: Cosmology Inference[0m
[0;37m[16:30:18] [INFO] ================================================================================[0m
[0;37m[16:30:18] [INFO] [0m
[0;37m[16:30:18] [INFO] [0m
[0;37m[16:30:18] [INFO] ================================================================================[0m
[0;37m[16:30:18] [INFO]    Starting TEP-H0 Step 12: Cosmological Inference Template[0m
[0;37m[16:30:18] [INFO] ================================================================================[0m
[0;37m[16:30:18] [INFO] [0m
[0;37m[16:30:18] [INFO] Initializing TEP-CLASS Parameter Mapping...[0m
[0;37m[16:30:18] [INFO] Fiducial TEP H0: 68.83787861896722 km/s/Mpc[0m
[0;37m[16:30:18] [INFO] Max G_eff enhancement at z=1100: 1.0000e+00[0m
[1;32m[16:30:18] [SUCCESS] Step 12 template generated. Ready for hi_class integration.[0m
[0;37m[16:30:18] [INFO] Results saved to results/outputs/step_30_cosmology_inference_template.json[0m
[1;32m[16:30:18] [SUCCESS] Step 30 (Cosmology Inference) completed successfully.[0m
[0;37m[16:30:18] [INFO] [0m
[0;37m[16:30:18] [INFO] ================================================================================[0m
[0;37m[16:30:18] [INFO]    >>> STEP 31: Final Synthesis[0m
[0;37m[16:30:18] [INFO] ================================================================================[0m
[0;37m[16:30:18] [INFO] [0m
[0;37m[16:30:18] [INFO] [0m
[0;37m[16:30:18] [INFO] ================================================================================[0m
[0;37m[16:30:18] [INFO]    Starting Step 9: Final Synthesis[0m
[0;37m[16:30:18] [INFO] ================================================================================[0m
[0;37m[16:30:18] [INFO] [0m
[1;32m[16:30:18] [SUCCESS] Saved comparison plot to /Users/matthewsmawfield/www/Temporal Equivalence Principle/TEP-H0/results/figures/step_31_figure_08_robustness_synthesis_plot.png[0m
[1;32m[16:30:18] [SUCCESS] Report written to /Users/matthewsmawfield/www/Temporal Equivalence Principle/TEP-H0/results/outputs/step_31_TEP_FINAL_ROBUSTNESS_REPORT.md[0m
[1;32m[16:30:18] [SUCCESS] Step 9 Complete. Report generated.[0m
[1;32m[16:30:18] [SUCCESS] Step 31 (Final Synthesis) completed successfully.[0m
[0;37m[16:30:18] [INFO] [0m
[0;37m[16:30:18] [INFO] ================================================================================[0m
[0;37m[16:30:18] [INFO]    >>> STEP 34: Full Ladder Likelihood[0m
[0;37m[16:30:18] [INFO] ================================================================================[0m
[0;37m[16:30:18] [INFO] [0m
[0;37m[16:30:18] [INFO] [0m
[0;37m[16:30:18] [INFO] ================================================================================[0m
[0;37m[16:30:18] [INFO]    Full-Ladder Likelihood Analysis[0m
[0;37m[16:30:18] [INFO] ================================================================================[0m
[0;37m[16:30:18] [INFO] [0m
[0;37m[16:30:18] [INFO] Loading SH0ES Data...[0m
[0;37m[16:30:18] [INFO] Design matrix shape: (3490, 46)[0m
[0;37m[16:30:18] [INFO] Data vector length: 3490[0m
[0;37m[16:30:19] [INFO] Covariance matrix shape: (3490, 3490)[0m
[0;37m[16:30:19] [INFO] Number of parameters: 46[0m
[0;37m[16:30:19] [INFO] Loading Host Metadata...[0m
[0;37m[16:30:19] [INFO] Loaded 44 hosts[0m
[0;37m[16:30:19] [INFO] Mapped M1337 -> N1337[0m
[0;37m[16:30:19] [INFO] Mapped N105A -> N105[0m
[0;37m[16:30:19] [INFO] Mapped N976A -> N976[0m
[0;37m[16:30:19] [INFO] Created 122 name mappings[0m
[0;37m[16:30:19] [INFO] Calculating Effective Calibrator Sigma...[0m
[1;32m[16:30:19] [SUCCESS] Effective sigma_ref: 87.17 km/s[0m
[0;37m[16:30:19] [INFO] Running Baseline SH0ES Fit...[0m
[0;37m[16:30:19] [INFO] Using Cholesky-whitened GLS (numerically stable)[0m
[1;32m[16:30:20] [SUCCESS] Baseline H0: 73.04 +/- 1.01 km/s/Mpc[0m
[0;37m[16:30:20] [INFO] Baseline Chi2/dof: 1.03[0m
[0;37m[16:30:20] [INFO] Stage 1: Summary-Likelihood Analysis[0m
[0;37m[16:30:20] [INFO] Fitting 38 hosts with TEP regressor[0m
[0;37m[16:30:20] [INFO] X range: [-7.799e-08, 4.708e-07][0m
[0;37m[16:30:20] [INFO] mu range: [29.16, 34.49][0m
[0;37m[16:30:20] [INFO] Condition number of ATWA: 1.53e+14[0m
[0;37m[16:30:20] [INFO] Baseline mu_true: 31.377 mag[0m
[1;32m[16:30:20] [SUCCESS] TEP coefficient kappa_Cep: 2.750e+06 +/- 1.098e+05 mag[0m
[0;37m[16:30:20] [INFO] Chi2/dof: 581.32[0m
[0;37m[16:30:20] [INFO] Very high chi2/dof is expected for the summary-likelihood approximation[0m
[0;37m[16:30:20] [INFO] The simple linear model mu = mu_true + kappa*X is intentionally approximate[0m
[0;37m[16:30:20] [INFO] Mean mu shift: -0.0891 mag[0m
[0;37m[16:30:20] [INFO] Stage 2: Matrix-Level Likelihood Analysis[0m
[0;37m[16:30:20] [INFO] Found 40 host distance modulus parameters[0m
[0;37m[16:30:20] [INFO] TEP column has 3209/3490 non-zero entries[0m
[0;37m[16:30:20] [INFO] Baseline H0: 73.04 +/- 1.01 km/s/Mpc[0m
[0;37m[16:30:20] [INFO] Variant A: Free kappa with full latent host distances[0m
[0;37m[16:30:20] [INFO] Row class counts:[0m
[0;37m[16:30:20] [INFO]   Anchor_prior        :    2 rows (no TEP)[0m
[0;37m[16:30:20] [INFO]   Cepheid             : 3132 rows (TEP applied)[0m
[0;37m[16:30:20] [INFO]   Other               :    2 rows (no TEP)[0m
[0;37m[16:30:20] [INFO]   SN_Hubble           :  277 rows (no TEP)[0m
[0;37m[16:30:20] [INFO]   SN_calibrator       :   77 rows (no TEP)[0m
[0;37m[16:30:20] [INFO] Host-level TEP application:[0m
[0;37m[16:30:20] [INFO] Host       Cepheid rows          X_i  TEP?[0m
[0;37m[16:30:20] [INFO] ---------------------------------------------[0m
[0;37m[16:30:20] [INFO] LMC                 482   -8.078e-08   yes[0m
[0;37m[16:30:20] [INFO] M101                259   -7.799e-08   yes[0m
[0;37m[16:30:20] [INFO] M1337                15   -5.785e-10   yes[0m
[0;37m[16:30:20] [INFO] M31                  55    9.931e-08   yes[0m
[0;37m[16:30:20] [INFO] N0691                28    3.088e-08   yes[0m
[0;37m[16:30:20] [INFO] N1015                18    3.020e-08   yes[0m
[0;37m[16:30:20] [INFO] N105A                 8   -6.294e-09   yes[0m
[0;37m[16:30:20] [INFO] N1309                53   -3.219e-09   yes[0m
[0;37m[16:30:20] [INFO] N1365                46    1.208e-07   yes[0m
[0;37m[16:30:20] [INFO] N1448                73   -6.574e-10   yes[0m
[0;37m[16:30:20] [INFO] N1559               110   -3.181e-08   yes[0m
[0;37m[16:30:20] [INFO] N2442               177    1.132e-07   yes[0m
[0;37m[16:30:20] [INFO] N2525                73   -1.702e-08   yes[0m
[0;37m[16:30:20] [INFO] N2608                22   -7.118e-09   yes[0m
[0;37m[16:30:20] [INFO] N3021                16   -5.185e-08   yes[0m
[0;37m[16:30:20] [INFO] N3147                27    4.708e-07   yes[0m
[0;37m[16:30:20] [INFO] N3254                48    4.878e-08   yes[0m
[0;37m[16:30:20] [INFO] N3370                73   -1.252e-08   yes[0m
[0;37m[16:30:20] [INFO] N3447               101   -5.477e-08   yes[0m
[0;37m[16:30:20] [INFO] N3583                54    3.281e-08   yes[0m
[0;37m[16:30:20] [INFO] N3972                52   -2.489e-08   yes[0m
[0;37m[16:30:20] [INFO] N3982                27   -6.727e-09   yes[0m
[0;37m[16:30:20] [INFO] N4038                29    2.505e-08   yes[0m
[0;37m[16:30:20] [INFO] N4258               443    2.986e-08   yes[0m
[0;37m[16:30:20] [INFO] N4424                 9   -4.288e-08   yes[0m
[0;37m[16:30:20] [INFO] N4536                40    1.541e-08   yes[0m
[0;37m[16:30:20] [INFO] N4639                30    1.887e-08   yes[0m
[0;37m[16:30:20] [INFO] N4680                11    2.805e-08   yes[0m
[0;37m[16:30:20] [INFO] N5468                93   -3.776e-08   yes[0m
[0;37m[16:30:20] [INFO] N5584               165    1.067e-08   yes[0m
[0;37m[16:30:20] [INFO] N5643               251    2.627e-08   yes[0m
[0;37m[16:30:20] [INFO] N5728                20    2.248e-07   yes[0m
[0;37m[16:30:20] [INFO] N5861                41    4.096e-08   yes[0m
[0;37m[16:30:20] [INFO] N5917                14   -5.370e-08   yes[0m
[0;37m[16:30:20] [INFO] N7250                21   -5.626e-08   yes[0m
[0;37m[16:30:20] [INFO] N7329                31    6.621e-08   yes[0m
[0;37m[16:30:20] [INFO] N7541                33   -4.204e-08   yes[0m
[0;37m[16:30:20] [INFO] N7678                16    3.235e-08   yes[0m
[0;37m[16:30:20] [INFO] N976A                33    4.189e-07   yes[0m
[0;37m[16:30:20] [INFO] U9391                33   -2.550e-08   yes[0m
[0;37m[16:30:20] [INFO] TEP column: 3130/3490 non-zero entries[0m
[0;37m[16:30:20] [INFO] X range: [-8.078e-08, 4.708e-07][0m
[0;37m[16:30:20] [INFO] X_scaled range: [-8.078e-02, 4.708e-01][0m
[0;37m[16:30:20] [INFO] L_aug rank: 47 (full: 47)[0m
[0;37m[16:30:20] [INFO] Parameter correlations with kappa:[0m
[0;37m[16:30:20] [INFO]   corr(kappa, MHW1    ) =  -0.167[0m
[0;37m[16:30:20] [INFO]   corr(kappa, MB      ) =  -0.241[0m
[0;37m[16:30:20] [INFO]   corr(kappa, bW      ) =   0.000[0m
[0;37m[16:30:20] [INFO]   corr(kappa, ZW      ) =   0.208[0m
[0;37m[16:30:20] [INFO]   corr(kappa, 5logH0  ) =  -0.240[0m
[0;37m[16:30:20] [INFO] Free kappa: -6.665e+04 +/- 2.103e+05 mag[0m
[0;37m[16:30:20] [INFO] Significance: 0.32 sigma[0m
[0;37m[16:30:20] [INFO] H0 (free kappa): 73.12 km/s/Mpc[0m
[0;37m[16:30:20] [INFO] Chi2/dof: 1.03[0m
[0;37m[16:30:20] [INFO] Variant B: Prior-constrained kappa[0m
[0;37m[16:30:21] [INFO] Prior kappa: 1.556e+05 +/- 1.861e+05 mag[0m
[0;37m[16:30:21] [INFO] H0 (prior): 72.86 +/- 1.03 km/s/Mpc[0m
[0;37m[16:30:21] [INFO] Chi2/dof: 1.03[0m
[0;37m[16:30:21] [INFO] Variant C: Fixed-kappa sensitivity test[0m
[0;37m[16:30:21] [INFO] Fixed kappa = 9.600e+05 mag[0m
[0;37m[16:30:21] [INFO] Baseline H0: 73.04 +/- 1.01 km/s/Mpc[0m
[1;32m[16:30:21] [SUCCESS] Fixed-kappa H0: 71.91 +/- 0.99 km/s/Mpc[0m
[0;37m[16:30:21] [INFO] Baseline Chi2/dof: 1.03[0m
[0;37m[16:30:21] [INFO] Fixed-kappa Chi2/dof: 1.04[0m
[0;37m[16:30:21] [INFO] Chi2 penalty (fixed vs baseline): 23.7407 (dof=0)[0m
[0;37m[16:30:21] [INFO] Delta AIC: 23.7407[0m
[0;37m[16:30:21] [INFO] Delta BIC: 23.7407 (not valid for model selection)[0m
[0;37m[16:30:21] [INFO] Host-Summary Reconstruction Audit[0m
[0;37m[16:30:21] [INFO] Total hosts with both published and matrix mu: 40[0m
[0;37m[16:30:21] [INFO] After anchor exclusion and z>0.0035 cut: 29[0m
[0;37m[16:30:21] [INFO] --- Paper Discovery Statistic Reproduction ---[0m
[0;37m[16:30:21] [INFO] Published H0 vs sigma:  r=+0.466 (p=0.0109), rho=+0.517[0m
[0;37m[16:30:21] [INFO] Matrix H0 vs sigma:     r=+0.466 (p=0.0109), rho=+0.517[0m
[0;37m[16:30:21] [INFO] Published mu vs sigma:  r=+0.266 (p=0.1623)[0m
[0;37m[16:30:21] [INFO] Matrix mu vs sigma:    r=+0.266 (p=0.1623)[0m
[0;37m[16:30:21] [INFO] Delta mu vs sigma:     r=+0.212 (p=0.2687)[0m
[0;37m[16:30:21] [INFO] Delta H0 vs sigma:     r=-0.195 (p=0.3107)[0m
[0;37m[16:30:21] [INFO] Manuscript claims: r=0.466, rho=0.517[0m
[1;32m[16:30:21] [SUCCESS] ✓ Published H0-sigma reproduces manuscript r within 0.1[0m
[1;32m[16:30:21] [SUCCESS] ✓ Published H0-sigma reproduces manuscript rho within 0.1[0m
[1;32m[16:30:21] [SUCCESS] ✓ Matrix-derived H0 reproduces published H0 trend[0m
[0;37m[16:30:21] [INFO] Hosts with largest H0 discrepancy (published vs matrix):[0m
[0;37m[16:30:21] [INFO]   N2525        sigma=  77.9 H0_pub=  71.47 H0_fit=  71.47 dH0=  +0.00[0m
[0;37m[16:30:21] [INFO]   N5728        sigma= 166.7 H0_pub=  77.96 H0_fit=  77.96 dH0=  +0.00[0m
[0;37m[16:30:21] [INFO]   N1365        sigma= 135.9 H0_pub=  78.65 H0_fit=  78.65 dH0=  +0.00[0m
[0;37m[16:30:21] [INFO]   U9391        sigma=  72.8 H0_pub=  61.23 H0_fit=  61.23 dH0=  +0.00[0m
[0;37m[16:30:21] [INFO]   N3147        sigma= 223.4 H0_pub=  77.93 H0_fit=  77.93 dH0=  -0.00[0m
[1;32m[16:30:21] [SUCCESS] Saved audit to /Users/matthewsmawfield/www/Temporal Equivalence Principle/TEP-H0/results/outputs/step_34_host_summary_audit.csv[0m
[1;32m[16:30:21] [SUCCESS] Saved comparison to /Users/matthewsmawfield/www/Temporal Equivalence Principle/TEP-H0/results/outputs/step_34_matrix_vs_paper_host_residuals.csv[0m
[0;37m[16:30:21] [INFO] Injection test: kappa_inj = 9.600e+05 mag[0m
[0;37m[16:30:22] [INFO] Injected:  9.600e+05[0m
[0;37m[16:30:22] [INFO] Recovered: 9.582e+05 +/- 2.103e+05[0m
[0;37m[16:30:22] [INFO] Recovery fraction: 0.998[0m
[0;37m[16:30:22] [INFO] Negative injection: injected -9.600e+05, recovered -9.592e+05[0m
[0;37m[16:30:22] [INFO] Injection Tests for All Model Classes[0m
[0;37m[16:30:23] [INFO]   cepheid_offset            kappa0_6     injected=9.600e+05 recovered=9.606e+05 frac=1.001[0m
[0;37m[16:30:23] [INFO]   sn_offset                 kappaSN_6    injected=9.600e+05 recovered=9.583e+05 frac=0.998[0m
[0;37m[16:30:23] [INFO]   cepheid_plus_sn           kappaCep_6   injected=9.600e+05 recovered=9.583e+05 frac=0.998[0m
[0;37m[16:30:23] [INFO]   cepheid_plus_sn           kappaSN_6    injected=9.600e+05 recovered=9.566e+05 frac=0.997[0m
[1;32m[16:30:23] [SUCCESS] Saved injection tests to /Users/matthewsmawfield/www/Temporal Equivalence Principle/TEP-H0/results/outputs/step_34_injection_tests_all_models.csv[0m
[0;37m[16:30:23] [INFO] Running TEP Model Grid[0m
[1;32m[16:30:34] [SUCCESS] Saved model grid to /Users/matthewsmawfield/www/Temporal Equivalence Principle/TEP-H0/results/outputs/step_34_model_grid.csv[0m
[0;37m[16:30:34] [INFO] Model Grid Summary (key results):[0m
[0;37m[16:30:34] [INFO]   cepheid_offset                      centered           H0=73.12 dchi2=0.10 kappa0_6=-6.67e+04[0m
[0;37m[16:30:34] [INFO]   cepheid_period                      centered           H0=73.60 dchi2=2.92 kappaP_6=-3.69e+05[0m
[0;37m[16:30:34] [INFO]   cepheid_offset_plus_period          centered           H0=73.53 dchi2=3.47 kappa0_6=1.88e+05 kappaP_6=-4.75e+05[0m
[0;37m[16:30:34] [INFO]   cepheid_offset_plus_metallicity     centered           H0=73.19 dchi2=0.26 kappa0_6=-6.22e+04 kappaZ_6=3.05e+05[0m
[0;37m[16:30:34] [INFO]   sn_offset                           centered           H0=73.14 dchi2=0.54 kappaSN_6=1.78e+05[0m
[0;37m[16:30:34] [INFO]   cepheid_plus_sn                     centered           H0=72.96 dchi2=0.94 kappaSN_6=4.38e+05 kappaCep_6=2.62e+05[0m
[0;37m[16:30:34] [INFO]   cepheid_offset                      centered           H0=73.14 dchi2=0.54 kappa0_6=-1.78e+05[0m
[0;37m[16:30:34] [INFO]   cepheid_period                      centered           H0=73.10 dchi2=0.21 kappaP_6=-1.52e+05[0m
[0;37m[16:30:34] [INFO]   cepheid_offset_plus_period          centered           H0=73.11 dchi2=0.80 kappa0_6=-4.43e+05 kappaP_6=3.97e+05[0m
[0;37m[16:30:34] [INFO]   cepheid_offset_plus_metallicity     centered           H0=73.17 dchi2=1.83 kappa0_6=-2.41e+05 kappaZ_6=1.65e+06[0m
[0;37m[16:30:34] [INFO]   sn_offset                           centered           H0=73.14 dchi2=0.54 kappaSN_6=1.78e+05[0m
[0;37m[16:30:34] [INFO]   cepheid_plus_sn                     centered           H0=73.14 dchi2=0.54 kappaSN_6=-1.58e+07 kappaCep_6=-1.60e+07[0m
[0;37m[16:30:34] [INFO]   cepheid_offset                      raw_sigma2         H0=73.23 dchi2=0.12 kappa0_6=-7.25e+04[0m
[0;37m[16:30:34] [INFO]   cepheid_period                      raw_sigma2         H0=73.60 dchi2=2.92 kappaP_6=-3.69e+05[0m
[0;37m[16:30:34] [INFO]   cepheid_offset_plus_period          raw_sigma2         H0=73.27 dchi2=3.51 kappa0_6=1.94e+05 kappaP_6=-4.86e+05[0m
[0;37m[16:30:34] [INFO]   cepheid_offset_plus_metallicity     raw_sigma2         H0=73.31 dchi2=0.31 kappa0_6=-7.03e+04 kappaZ_6=3.52e+05[0m
[0;37m[16:30:34] [INFO]   sn_offset                           raw_sigma2         H0=73.65 dchi2=0.54 kappaSN_6=1.78e+05[0m
[0;37m[16:30:34] [INFO]   cepheid_plus_sn                     raw_sigma2         H0=73.81 dchi2=0.81 kappaSN_6=3.78e+05 kappaCep_6=2.00e+05[0m
[0;37m[16:30:34] [INFO]   cepheid_offset                      raw_sigma2         H0=73.65 dchi2=0.54 kappa0_6=-1.78e+05[0m
[0;37m[16:30:34] [INFO]   cepheid_period                      raw_sigma2         H0=74.09 dchi2=2.71 kappaP_6=-4.80e+05[0m
[0;37m[16:30:34] [INFO]   cepheid_offset_plus_period          raw_sigma2         H0=73.55 dchi2=3.81 kappa0_6=4.42e+05 kappaP_6=-9.15e+05[0m
[0;37m[16:30:34] [INFO]   cepheid_offset_plus_metallicity     raw_sigma2         H0=73.59 dchi2=0.56 kappa0_6=-1.73e+05 kappaZ_6=-1.04e+05[0m
[0;37m[16:30:34] [INFO]   sn_offset                           raw_sigma2         H0=73.65 dchi2=0.54 kappaSN_6=1.78e+05[0m
[0;37m[16:30:34] [INFO]   cepheid_plus_sn                     raw_sigma2         H0=73.65 dchi2=0.54 kappaSN_6=-4.70e+07 kappaCep_6=-4.72e+07[0m
[0;37m[16:30:34] [INFO]   cepheid_offset                      unscreened_centered H0=73.12 dchi2=0.10 kappa0_6=-6.67e+04[0m
[0;37m[16:30:34] [INFO]   cepheid_period                      unscreened_centered H0=73.60 dchi2=2.92 kappaP_6=-3.69e+05[0m
[0;37m[16:30:34] [INFO]   cepheid_offset_plus_period          unscreened_centered H0=73.53 dchi2=3.47 kappa0_6=1.88e+05 kappaP_6=-4.75e+05[0m
[0;37m[16:30:34] [INFO]   cepheid_offset_plus_metallicity     unscreened_centered H0=73.19 dchi2=0.26 kappa0_6=-6.22e+04 kappaZ_6=3.05e+05[0m
[0;37m[16:30:34] [INFO]   sn_offset                           unscreened_centered H0=73.14 dchi2=0.54 kappaSN_6=1.78e+05[0m
[0;37m[16:30:34] [INFO]   cepheid_plus_sn                     unscreened_centered H0=72.96 dchi2=0.94 kappaSN_6=4.38e+05 kappaCep_6=2.62e+05[0m
[0;37m[16:30:34] [INFO]   cepheid_offset                      unscreened_centered H0=73.14 dchi2=0.54 kappa0_6=-1.78e+05[0m
[0;37m[16:30:34] [INFO]   cepheid_period                      unscreened_centered H0=73.10 dchi2=0.21 kappaP_6=-1.52e+05[0m
[0;37m[16:30:34] [INFO]   cepheid_offset_plus_period          unscreened_centered H0=73.11 dchi2=0.80 kappa0_6=-4.43e+05 kappaP_6=3.97e+05[0m
[0;37m[16:30:34] [INFO]   cepheid_offset_plus_metallicity     unscreened_centered H0=73.17 dchi2=1.83 kappa0_6=-2.41e+05 kappaZ_6=1.65e+06[0m
[0;37m[16:30:34] [INFO]   sn_offset                           unscreened_centered H0=73.14 dchi2=0.54 kappaSN_6=1.78e+05[0m
[0;37m[16:30:34] [INFO]   cepheid_plus_sn                     unscreened_centered H0=73.14 dchi2=0.54 kappaSN_6=-1.58e+07 kappaCep_6=-1.60e+07[0m
[0;37m[16:30:34] [INFO] Leave-One-Host-Out Diagnostic[0m
[1;32m[16:30:49] [SUCCESS] Saved leave-one-host-out to /Users/matthewsmawfield/www/Temporal Equivalence Principle/TEP-H0/results/outputs/step_34_leave_one_host_out.csv[0m
[0;37m[16:30:49] [INFO] Hosts with largest kappa influence:[0m
[0;37m[16:30:49] [INFO]   N976A      sigma= 212.7 kappa=   8.381e+04 +/-    2.397e+05[0m
[0;37m[16:30:49] [INFO]   N1365      sigma= 135.9 kappa=   6.260e+04 +/-    2.165e+05[0m
[0;37m[16:30:49] [INFO]   N3147      sigma= 223.4 kappa=  -1.779e+05 +/-    2.429e+05[0m
[0;37m[16:30:49] [INFO]   LMC        sigma=  18.4 kappa=  -1.367e+05 +/-    2.393e+05[0m
[0;37m[16:30:49] [INFO]   M101       sigma=  24.3 kappa=  -1.320e+05 +/-    2.158e+05[0m
[0;37m[16:30:49] [INFO] Residual-After-Fit Audit[0m
[0;37m[16:30:49] [INFO] Baseline residual-sigma: r=0.443, rho=0.041[0m
[0;37m[16:30:49] [INFO] TEP residual-sigma:      r=0.409, rho=0.004[0m
[1;32m[16:30:49] [SUCCESS] ✓ TEP fit reduces residual-sigma correlation[0m
[1;32m[16:30:49] [SUCCESS] Saved residual audit to /Users/matthewsmawfield/www/Temporal Equivalence Principle/TEP-H0/results/outputs/step_34_residual_after_fit.csv[0m
[0;37m[16:30:49] [INFO] Host Covariate Table (B)[0m
[0;37m[16:30:50] [INFO] Host-level correlations:[0m
[0;37m[16:30:50] [INFO]   r(sigma, mean period term         ) = +0.202 (p=0.2939)[0m
[0;37m[16:30:50] [INFO]   r(sigma, mean period contrib      ) = -0.202 (p=0.2939)[0m
[0;37m[16:30:50] [INFO]   r(sigma, mean Z term              ) = +0.531 (p=0.0031)[0m
[0;37m[16:30:50] [INFO]   r(sigma, mean Z contrib           ) = -0.531 (p=0.0031)[0m
[0;37m[16:30:50] [INFO]   r(sigma, fraction logP > 1.5      ) = n/a[0m
[0;37m[16:30:50] [INFO] ---[0m
[0;37m[16:30:50] [INFO]   r(H0, mean period term         ) = +0.279 (p=0.1428)[0m
[0;37m[16:30:50] [INFO]   r(H0, mean period contrib      ) = -0.279 (p=0.1428)[0m
[0;37m[16:30:50] [INFO]   r(H0, mean Z term              ) = +0.323 (p=0.0875)[0m
[0;37m[16:30:50] [INFO]   r(H0, mean Z contrib           ) = -0.323 (p=0.0875)[0m
[0;37m[16:30:50] [INFO]   r(H0, fraction logP > 1.5      ) = n/a[0m
[1;32m[16:30:50] [SUCCESS] Saved host covariate table to /Users/matthewsmawfield/www/Temporal Equivalence Principle/TEP-H0/results/outputs/step_34_host_covariate_table.csv[0m
[0;37m[16:30:50] [INFO] Nested Absorption Test (P6) — Decomposition[0m
[0;37m[16:30:50] [INFO]   full_baseline       : r=+0.466 rho=+0.517 dH0= +7.86  (Full baseline (mu_i + all corrections))[0m
[0;37m[16:30:50] [INFO]   no_period           : r=+0.402 rho=+0.398 dH0=+12.27  (Remove period correction)[0m
[0;37m[16:30:50] [INFO]   no_Z                : r=+0.507 rho=+0.557 dH0= +8.61  (Remove metallicity correction)[0m
[0;37m[16:30:50] [INFO]   no_PZ               : r=+0.428 rho=+0.434 dH0=+13.07  (Remove period + metallicity)[0m
[0;37m[16:30:50] [INFO]   → Removing period correction weakens the H0-sigma trend[0m
[0;37m[16:30:50] [INFO]   → Period distribution contributes to the apparent trend[0m
[0;37m[16:30:50] [INFO]   → Removing metallicity correction strengthens the H0-sigma trend[0m
[0;37m[16:30:50] [INFO]   → Z_W was suppressing an environmental signal[0m
[1;32m[16:30:50] [SUCCESS] Saved nested absorption test to /Users/matthewsmawfield/www/Temporal Equivalence Principle/TEP-H0/results/outputs/step_34_nested_absorption_test.csv[0m
[0;37m[16:30:50] [INFO] SN-Channel Scope Validation (C)[0m
[0;37m[16:30:50] [INFO] SN calibrator rows total:           77[0m
[0;37m[16:30:50] [INFO] SN calibrator rows with X_SN != 0:  77[0m
[0;37m[16:30:50] [INFO] SN Hubble rows total:               0[0m
[0;37m[16:30:50] [INFO] SN Hubble rows with X_SN != 0:      0[0m
[0;37m[16:30:50] [INFO] TEP–Metallicity Disentanglement (A)[0m
[0;37m[16:30:51] [INFO]   Orthogonalization: X = +4.815e-02 + +3.364e-01 * Z_mean[0m
[0;37m[16:30:51] [INFO]   r(host_X, host_Z_mean) = +0.402[0m
[0;37m[16:30:51] [INFO] Disentanglement Results:[0m
[0;37m[16:30:51] [INFO] Model                     n_par     H0       chi2    dchi2       kappa0   sig0       kappaZ   sigZ[0m
[0;37m[16:30:51] [INFO]   1_baseline                 46  73.04    3552.71    +0.00          n/a    n/a          n/a    n/a[0m
[0;37m[16:30:51] [INFO]   2_noZ_plus_TEP             46  73.00    3575.18   -22.48    +1.41e+05    0.7          n/a    n/a[0m
[0;37m[16:30:51] [INFO]   3_baseline_plus_TEP        47  73.12    3552.61    +0.10    -6.67e+04    0.3          n/a    n/a[0m
[0;37m[16:30:51] [INFO]   4_baseline_TEP_Zint        48  73.19    3552.45    +0.26    -6.22e+04    0.3    +3.05e+05    0.4[0m
[0;37m[16:30:51] [INFO]   6_orthogonalized_TEP       47  72.99    3552.59    +0.11    -8.16e+04    0.3          n/a    n/a[0m
[1;32m[16:30:51] [SUCCESS] Saved disentanglement results to /Users/matthewsmawfield/www/Temporal Equivalence Principle/TEP-H0/results/outputs/step_34_tep_metallicity_disentanglement.csv[0m
[0;37m[16:30:51] [INFO] Generating Comparison Table...[0m
[1;32m[16:30:51] [SUCCESS] Saved comparison table to /Users/matthewsmawfield/www/Temporal Equivalence Principle/TEP-H0/results/outputs/step_34_ladder_likelihood_comparison.csv[0m
[0;37m[16:30:51] [INFO] Full-Ladder Likelihood Comparison[0m
[0;37m[16:30:51] [INFO] +----------------------------------+-------------------+--------------------+---------------------+-------------------+--------------------+--------------------+------+--------------------+------------------------+------------------------------------------------+[0m
[0;37m[16:30:51] [INFO] | model                            | kappa_Cep         | kappa_err          | kappa_significance  | H0                | H0_err             | chi2               | dof  | chi2_reduced       | delta_chi2_vs_baseline | notes                                          |[0m
[0;37m[16:30:51] [INFO] +----------------------------------+-------------------+--------------------+---------------------+-------------------+--------------------+--------------------+------+--------------------+------------------------+------------------------------------------------+[0m
[0;37m[16:30:51] [INFO] | Baseline SH0ES                   | 0.0               | 0.0                | 0                   | 73.04342157542929 | 1.007156253817851  | 3552.706270469551  | 3444 | 1.031563957743772  | 0                      | Standard SH0ES                                 |[0m
[0;37m[16:30:51] [INFO] | TEP Summary Likelihood (Stage 1) | 2750371.073096385 | 109848.63318825123 | 25.037826992193736  | —                 | —                  | 20927.510621042748 | 36   | 581.3197394734096  | —                      | Discarded: model broken                        |[0m
[0;37m[16:30:51] [INFO] | Variant A: Free kappa            | -66654.760951057  | 210262.0380227695  | 0.31700806088371924 | 73.12247467084623 | —                  | 3552.6057763588933 | 3443 | 1.0318343817481537 | —                      | kappa=-6.7e4+/-2.1e5 (0.3sigma; opposite sign) |[0m
[0;37m[16:30:51] [INFO] | Variant B: Prior kappa           | 155609.1205227623 | 186115.36388053637 | —                   | 72.8592003754001  | 1.0284353863103732 | 3553.723195353236  | 3443 | 1.0321589298150555 | —                      | Prior dominates                                |[0m
[0;37m[16:30:51] [INFO] | Variant C: Fixed kappa           | 960000.0          | 0.0                | —                   | 71.91428764124927 | 0.9915872363939752 | 3576.4469215020545 | 3444 | 1.0384572942805037 | 23.740651032503592     | Sensitivity test only                          |[0m
[0;37m[16:30:51] [INFO] +----------------------------------+-------------------+--------------------+---------------------+-------------------+--------------------+--------------------+------+--------------------+------------------------+------------------------------------------------+[0m
[1;32m[16:30:51] [SUCCESS] Saved results to /Users/matthewsmawfield/www/Temporal Equivalence Principle/TEP-H0/results/outputs/step_34_full_ladder_likelihood_results.json[0m
[1;32m[16:30:51] [SUCCESS] Full-Ladder Likelihood Analysis Complete[0m
[1;32m[16:30:51] [SUCCESS] Step 34 (Full Ladder Likelihood) completed successfully.[0m
[0;37m[16:30:51] [INFO] [0m
[0;37m[16:30:51] [INFO] ================================================================================[0m
[0;37m[16:30:51] [INFO]    >>> STEP 35: Bias-aware TEP Ladder[0m
[0;37m[16:30:51] [INFO] ================================================================================[0m
[0;37m[16:30:51] [INFO] [0m

============================================================
Step 35: Bias-Aware TEP Ladder
============================================================
[INFO] Design matrix shape: (3490, 46)
[INFO] Data vector length: 3490
[INFO] Covariance shape: (3490, 3490)
[INFO] Number of parameters: 46
[INFO] Loaded 120 sigma mappings, 113 redshift mappings
[INFO] Effective sigma_ref: 87.17 km/s
[INFO] Cepheid rows with X != 0: 2816
[INFO] SN rows with X != 0: 75

============================================================
BRANCH 1: Primary (no redshift priors)
============================================================
[INFO]   [primary] Fitting A_standard...
[INFO]   [primary] Fitting B_cepheid_tep...
[INFO]   [primary] Fitting C_full_tep...

============================================================
BRANCH 2: Redshift prior sensitivity (sigma_v = 150 km/s)
============================================================
[INFO] Redshift prior stats: added=29, skipped_anchor=3, skipped_zrange=6, skipped_noisy=0
[SUCCESS] Added 29 redshift-distance prior rows
[INFO] Augmented matrix shape: (3519, 46)
[INFO]   [sigma_v_150] Fitting A_standard...
[INFO]   [sigma_v_150] Fitting B_cepheid_tep...
[INFO]   [sigma_v_150] Fitting C_full_tep...

============================================================
BRANCH 2: Redshift prior sensitivity (sigma_v = 250 km/s)
============================================================
[INFO] Skipping N4639: z=0.00359, sigma_mu(vpec)=0.504 mag > 0.5 mag
[INFO] Redshift prior stats: added=28, skipped_anchor=3, skipped_zrange=6, skipped_noisy=1
[SUCCESS] Added 28 redshift-distance prior rows
[INFO] Augmented matrix shape: (3518, 46)
[INFO]   [sigma_v_250] Fitting A_standard...
[INFO]   [sigma_v_250] Fitting B_cepheid_tep...
[INFO]   [sigma_v_250] Fitting C_full_tep...

============================================================
BRANCH 2: Redshift prior sensitivity (sigma_v = 500 km/s)
============================================================
[INFO] Skipping N1309: z=0.00719, sigma_mu(vpec)=0.504 mag > 0.5 mag
[INFO] Skipping N1365: z=0.00483, sigma_mu(vpec)=0.750 mag > 0.5 mag
[INFO] Skipping N1559: z=0.00407, sigma_mu(vpec)=0.890 mag > 0.5 mag
[INFO] Skipping N2442: z=0.00488, sigma_mu(vpec)=0.742 mag > 0.5 mag
[INFO] Skipping N2525: z=0.00602, sigma_mu(vpec)=0.602 mag > 0.5 mag
[INFO] Skipping N3021: z=0.00673, sigma_mu(vpec)=0.538 mag > 0.5 mag
[INFO] Skipping N3254: z=0.00648, sigma_mu(vpec)=0.559 mag > 0.5 mag
[INFO] Skipping N3370: z=0.00588, sigma_mu(vpec)=0.616 mag > 0.5 mag
[INFO] Skipping N3447: z=0.00465, sigma_mu(vpec)=0.779 mag > 0.5 mag
[INFO] Skipping N4038: z=0.00571, sigma_mu(vpec)=0.634 mag > 0.5 mag
[INFO] Skipping N4639: z=0.00359, sigma_mu(vpec)=1.009 mag > 0.5 mag
[INFO] Skipping N5584: z=0.00625, sigma_mu(vpec)=0.579 mag > 0.5 mag
[INFO] Skipping N5861: z=0.00677, sigma_mu(vpec)=0.535 mag > 0.5 mag
[INFO] Skipping N5917: z=0.00710, sigma_mu(vpec)=0.510 mag > 0.5 mag
[INFO] Skipping N7250: z=0.00432, sigma_mu(vpec)=0.838 mag > 0.5 mag
[INFO] Redshift prior stats: added=14, skipped_anchor=3, skipped_zrange=6, skipped_noisy=15
[SUCCESS] Added 14 redshift-distance prior rows
[INFO] Augmented matrix shape: (3504, 46)
[INFO]   [sigma_v_500] Fitting A_standard...
[INFO]   [sigma_v_500] Fitting B_cepheid_tep...
[INFO]   [sigma_v_500] Fitting C_full_tep...

============================================================
BRANCH 2: Redshift prior sensitivity (sigma_v = 1000 km/s)
============================================================
[INFO] Skipping N0691: z=0.00855, sigma_mu(vpec)=0.847 mag > 0.5 mag
[INFO] Skipping N1015: z=0.00815, sigma_mu(vpec)=0.889 mag > 0.5 mag
[INFO] Skipping N1309: z=0.00719, sigma_mu(vpec)=1.007 mag > 0.5 mag
[INFO] Skipping N1365: z=0.00483, sigma_mu(vpec)=1.500 mag > 0.5 mag
[INFO] Skipping N1559: z=0.00407, sigma_mu(vpec)=1.780 mag > 0.5 mag
[INFO] Skipping N2442: z=0.00488, sigma_mu(vpec)=1.484 mag > 0.5 mag
[INFO] Skipping N2525: z=0.00602, sigma_mu(vpec)=1.203 mag > 0.5 mag
[INFO] Skipping N2608: z=0.00855, sigma_mu(vpec)=0.847 mag > 0.5 mag
[INFO] Skipping N3021: z=0.00673, sigma_mu(vpec)=1.076 mag > 0.5 mag
[INFO] Skipping N3147: z=0.01079, sigma_mu(vpec)=0.671 mag > 0.5 mag
[INFO] Skipping N3254: z=0.00648, sigma_mu(vpec)=1.118 mag > 0.5 mag
[INFO] Skipping N3370: z=0.00588, sigma_mu(vpec)=1.232 mag > 0.5 mag
[INFO] Skipping N3447: z=0.00465, sigma_mu(vpec)=1.558 mag > 0.5 mag
[INFO] Skipping N3583: z=0.00857, sigma_mu(vpec)=0.845 mag > 0.5 mag
[INFO] Skipping N4038: z=0.00571, sigma_mu(vpec)=1.269 mag > 0.5 mag
[INFO] Skipping N4639: z=0.00359, sigma_mu(vpec)=2.018 mag > 0.5 mag
[INFO] Skipping N4680: z=0.00864, sigma_mu(vpec)=0.838 mag > 0.5 mag
[INFO] Skipping N5468: z=0.00954, sigma_mu(vpec)=0.759 mag > 0.5 mag
[INFO] Skipping N5584: z=0.00625, sigma_mu(vpec)=1.159 mag > 0.5 mag
[INFO] Skipping N5728: z=0.00996, sigma_mu(vpec)=0.727 mag > 0.5 mag
[INFO] Skipping N5861: z=0.00677, sigma_mu(vpec)=1.070 mag > 0.5 mag
[INFO] Skipping N5917: z=0.00710, sigma_mu(vpec)=1.020 mag > 0.5 mag
[INFO] Skipping N7250: z=0.00432, sigma_mu(vpec)=1.677 mag > 0.5 mag
[INFO] Skipping N7329: z=0.01028, sigma_mu(vpec)=0.705 mag > 0.5 mag
[INFO] Skipping N7541: z=0.00814, sigma_mu(vpec)=0.890 mag > 0.5 mag
[INFO] Skipping N7678: z=0.01061, sigma_mu(vpec)=0.683 mag > 0.5 mag
[INFO] Skipping N976A: z=0.01312, sigma_mu(vpec)=0.552 mag > 0.5 mag
[INFO] Skipping U9391: z=0.00747, sigma_mu(vpec)=0.970 mag > 0.5 mag
[INFO] Redshift prior stats: added=1, skipped_anchor=3, skipped_zrange=6, skipped_noisy=28
[SUCCESS] Added 1 redshift-distance prior rows
[INFO] Augmented matrix shape: (3491, 46)
[INFO]   [sigma_v_1000] Fitting A_standard...
[INFO]   [sigma_v_1000] Fitting B_cepheid_tep...
[INFO]   [sigma_v_1000] Fitting C_full_tep...
[INFO] Primary Model Comparison (no redshift priors):
[INFO] Model                n_par     H0       chi2        AIC        BIC     kappaCep sigCep      kappaSN  sigSN
[INFO]   A_standard            46  73.04    3552.71    3644.71    3927.96          n/a    n/a          n/a    n/a
[INFO]   B_cepheid_tep         47  73.19    3552.44    3646.44    3935.85    -1.10e+05    0.5          n/a    n/a
[INFO]   C_full_tep            48  73.02    3551.37    3647.37    3942.93    +2.59e+05    0.6    +4.99e+05    1.0
[INFO] Sensitivity Branch (redshift priors, sigma_v sweep):
[INFO] Branch          Model                n_par     H0       chi2        AIC        BIC     kappaCep sigCep
[INFO]   sigma_v_150   A_standard            46  72.25    3599.45    3691.45    3975.08          n/a    n/a
[INFO]   sigma_v_250   A_standard            46  72.75    3569.69    3661.69    3945.31          n/a    n/a
[INFO]   sigma_v_500   A_standard            46  73.00    3556.14    3648.14    3931.57          n/a    n/a
[INFO]   sigma_v_1000  A_standard            46  73.03    3553.15    3645.15    3928.42          n/a    n/a
[SUCCESS] Saved results to /Users/matthewsmawfield/www/Temporal Equivalence Principle/TEP-H0/results/outputs/step_35_bias_aware_tep_ladder.csv
[SUCCESS] Saved JSON to /Users/matthewsmawfield/www/Temporal Equivalence Principle/TEP-H0/results/outputs/step_35_bias_aware_tep_ladder.json
[1;32m[16:31:00] [SUCCESS] Step 35 (Bias-Aware TEP Ladder) completed successfully.[0m
[0;37m[16:31:00] [INFO] [0m
[0;37m[16:31:00] [INFO] ================================================================================[0m
[0;37m[16:31:00] [INFO]    >>> STEP 36: Apparent Hubble Environment Likelihood[0m
[0;37m[16:31:00] [INFO] ================================================================================[0m
[0;37m[16:31:00] [INFO] [0m

============================================================
Step 36: Apparent Hubble Environment Likelihood
============================================================
[INFO] Design matrix: (3490, 46), loaded 120 sigma mappings
[INFO] Computed 38 calibrator hosts with Cepheid rows
[INFO] Primary sample (z >= 0.0035): 29 hosts
[INFO] Sensitivity sample (all non-anchor): 35 hosts
[INFO] Sample 'primary': H_app range 47.25 to 80.67, mean 70.06
[INFO] Sample 'sensitivity': H_app range 47.25 to 80.67, mean 67.98

============================================================
Summary Table
============================================================
[INFO]     sample sigma_v        Model   N   H_app s_int     beta_X  sig_X  p_perm   VIF    LOOCV
[INFO]   primary      150 0_intercept_only  29   69.85   3.8        n/a    n/a     n/a   1.0    61.61
[INFO]   primary      150 1_X           29   69.44   0.0 +2.398e+07    3.4   0.022   1.0    51.29
[INFO]   primary      150 2_X_Z         29   69.44   0.0 +1.888e+07    2.3   0.068   1.3    52.27
[INFO]   primary      150 3_X_Z_P       29   69.27   0.0 +1.922e+07    2.3   0.068   1.4    54.58
[INFO]   primary      150 4_X_Z_P_z     29   69.36   0.0 +2.036e+07    2.3   0.066   1.5    60.63
[INFO]   primary      250 0_intercept_only  29   69.92   0.0        n/a    n/a     n/a   1.0    61.22
[INFO]   primary      250 1_X           29   69.47   0.0 +2.350e+07    2.3   0.032   1.0    51.10
[INFO]   primary      250 2_X_Z         29   69.46   0.0 +1.812e+07    1.5   0.072   1.3    52.08
[INFO]   primary      250 3_X_Z_P       29   69.26   0.0 +1.852e+07    1.6   0.070   1.4    54.41
[INFO]   primary      250 4_X_Z_P_z     29   69.56   0.0 +2.069e+07    1.7   0.064   1.5    59.97
[INFO]   primary      500 0_intercept_only  29   69.87   0.0        n/a    n/a     n/a   1.0    61.25
[INFO]   primary      500 1_X           29   69.35   0.0 +2.371e+07    1.3   0.038   1.0    51.17
[INFO]   primary      500 2_X_Z         29   69.36   0.0 +1.780e+07    0.8   0.070   1.3    52.17
[INFO]   primary      500 3_X_Z_P       29   69.14   0.0 +1.825e+07    0.8   0.076   1.4    54.66
[INFO]   primary      500 4_X_Z_P_z     29   69.69   0.0 +2.099e+07    0.9   0.060   1.5    59.82
[INFO]   sensitivity   150 0_intercept_only  35   68.39   5.6        n/a    n/a     n/a   1.0    93.29
[INFO]   sensitivity   150 1_X           35   68.19   3.3 +2.868e+07    3.3   0.008   1.0    78.12
[INFO]   sensitivity   150 2_X_Z         35   68.22   2.8 +2.394e+07    2.5   0.040   1.2    79.77
[INFO]   sensitivity   150 3_X_Z_P       35   67.41   2.1 +2.256e+07    2.6   0.034   1.3    74.40
[INFO]   sensitivity   150 4_X_Z_P_z     35   67.34   2.1 +2.147e+07    2.2   0.068   2.0    81.13
[INFO]   sensitivity   250 0_intercept_only  35   69.00   0.0        n/a    n/a     n/a   1.0    93.23
[INFO]   sensitivity   250 1_X           35   68.38   0.0 +2.660e+07    2.7   0.020   1.0    77.63
[INFO]   sensitivity   250 2_X_Z         35   68.41   0.0 +2.165e+07    1.9   0.048   1.2    79.00
[INFO]   sensitivity   250 3_X_Z_P       35   67.46   0.0 +2.144e+07    1.9   0.036   1.3    73.62
[INFO]   sensitivity   250 4_X_Z_P_z     35   67.54   0.0 +2.206e+07    1.8   0.054   2.0    80.31
[INFO]   sensitivity   500 0_intercept_only  35   69.06   0.0        n/a    n/a     n/a   1.0    93.24
[INFO]   sensitivity   500 1_X           35   68.37   0.0 +2.641e+07    1.4   0.024   1.0    77.45
[INFO]   sensitivity   500 2_X_Z         35   68.43   0.0 +2.097e+07    1.0   0.056   1.2    78.82
[INFO]   sensitivity   500 3_X_Z_P       35   67.42   0.0 +2.094e+07    1.0   0.040   1.3    73.40
[INFO]   sensitivity   500 4_X_Z_P_z     35   67.69   0.0 +2.243e+07    1.0   0.048   2.0    80.41
[SUCCESS] Saved CSV to /Users/matthewsmawfield/www/Temporal Equivalence Principle/TEP-H0/results/outputs/step_36_apparent_hubble_environment.csv
[SUCCESS] Saved JSON to /Users/matthewsmawfield/www/Temporal Equivalence Principle/TEP-H0/results/outputs/step_36_apparent_hubble_environment.json
[1;32m[16:33:35] [SUCCESS] Step 36 (Apparent Hubble Environment) completed successfully.[0m
[0;37m[16:33:35] [INFO] [0m
[0;37m[16:33:35] [INFO] ================================================================================[0m
[0;37m[16:33:35] [INFO]    >>> STEP 37: Velocity Robustness[0m
[0;37m[16:33:35] [INFO] ================================================================================[0m
[0;37m[16:33:35] [INFO] [0m

============================================================
Step 37: Velocity Robustness Suite
============================================================
[INFO] Computed 38 calibrator hosts
[INFO] Primary sample (z >= 0.0035): 29 hosts
[INFO] Sensitivity sample (all non-anchor): 35 hosts

============================================================
TEST 1: Standard model sigma_v sweep (PRIMARY)
============================================================

============================================================
TEST 1b: Standard model sigma_v=250 (SENSITIVITY)
============================================================

============================================================
TEST 2: Redshift cut sweep (sigma_v=250, primary)
============================================================
[INFO]   z >= 0.0035: N=29
[INFO]   z >= 0.005: N=23
[INFO]   z >= 0.0075: N=13
[INFO]   z >= 0.01: N=5

============================================================
TEST 3: Leave-one-host-out (primary)
============================================================
[INFO]   LOHO: beta_X = 2.356e+07 +/- 9.417e+05, range [2.182e+07, 2.624e+07], positive in 29/29 hosts
[INFO]   Most influential host: N976A

============================================================
TEST 4: Student-t robust regression (nu=4, primary)
============================================================
[INFO]   Student-t: beta_X = 2.350e+07 (sign only), sigma_int = 0.50

============================================================
TEST 5: Redshift-bin-preserving permutation (primary)
============================================================
[INFO]   Binned permutation p-value: 0.002

============================================================
TEST 6: Bootstrap (N=1000, primary)
============================================================
[INFO]   Bootstrap: beta_X = 2.713e+07 +/- 1.086e+07
[INFO]   95% CI: [1.625e+07, 5.738e+07], frac_positive = 0.999

============================================================
Summary Table
============================================================
[INFO]         Test     sample sigma_v  z_cut   N   H_app s_int     beta_X  sig_X
[INFO]   standard   primary      150 0.0000  29   69.44   0.0 +2.398e+07    3.4
[INFO]   standard   primary      150 0.0000  29   69.44   0.0 +1.888e+07    2.3
[INFO]   standard   primary      250 0.0000  29   69.47   0.0 +2.350e+07    2.3
[INFO]   standard   primary      250 0.0000  29   69.46   0.0 +1.812e+07    1.5
[INFO]   standard   primary      300 0.0000  29   69.45   0.0 +2.351e+07    2.0
[INFO]   standard   primary      300 0.0000  29   69.44   0.0 +1.799e+07    1.3
[INFO]   standard   primary      500 0.0000  29   69.35   0.0 +2.371e+07    1.3
[INFO]   standard   primary      500 0.0000  29   69.36   0.0 +1.780e+07    0.8
[INFO]   standard   primary      750 0.0000  29   69.30   0.0 +2.386e+07    0.9
[INFO]   standard   primary      750 0.0000  29   69.32   0.0 +1.775e+07    0.6
[INFO]   standard   primary     1000 0.0000  29   69.27   0.0 +2.393e+07    0.7
[INFO]   standard   primary     1000 0.0000  29   69.30   0.0 +1.773e+07    0.4
[INFO]   standard   sensitivity   250 0.0000  35   68.38   0.0 +2.660e+07    2.7
[INFO]   z_cut      primary      250 0.0035  29   69.47   0.0 +2.350e+07    2.3
[INFO]   z_cut      primary      250 0.0050  23   70.37   0.0 +2.018e+07    2.0
[INFO]   z_cut      primary      250 0.0075  13   71.38   0.0 +1.948e+07    1.8
[INFO]   student_t  primary      250 0.0000  29   69.63   0.5 +2.350e+07    n/a

============================================================
Old-vs-New Comparison
============================================================
[SUCCESS] Saved comparison to /Users/matthewsmawfield/www/Temporal Equivalence Principle/TEP-H0/results/outputs/step_37_old_vs_patched_comparison.csv
[INFO]      sample screening  sigma_v  N_hosts  z_cut       beta_X   beta_X_err  beta_X_sig  redshift_binned_permutation_p  LOOCV
    primary  screened      150       29 0.0000 2.398206e+07 7.049664e+06    3.401874                              —      —
    primary  screened      250       29 0.0000 2.349740e+07 1.004477e+07    2.339268                              —      —
    primary  screened      300       29 0.0000 2.350966e+07 1.164717e+07    2.018486                              —      —
    primary  screened      500       29 0.0000 2.371257e+07 1.834358e+07    1.292690                              —      —
    primary  screened      750       29 0.0000 2.386231e+07 2.697238e+07    0.884694                              —      —
    primary  screened     1000       29 0.0000 2.393078e+07 3.570123e+07    0.670307                              —      —
sensitivity  screened      250       35 0.0000 2.660020e+07 9.964835e+06    2.669407                              —      —
    primary  screened      250       29 0.0035 2.349740e+07 1.004477e+07    2.339268                              —      —
    primary  screened      250       23 0.0050 2.018316e+07 1.022616e+07    1.973679                              —      —
    primary  screened      250       13 0.0075 1.947684e+07 1.091271e+07    1.784785                              —      —
[SUCCESS] Saved CSV to /Users/matthewsmawfield/www/Temporal Equivalence Principle/TEP-H0/results/outputs/step_37_velocity_robustness.csv
[SUCCESS] Saved JSON to /Users/matthewsmawfield/www/Temporal Equivalence Principle/TEP-H0/results/outputs/step_37_velocity_robustness.json
[SUCCESS] CSV/JSON consistency assertions passed
[1;32m[16:33:58] [SUCCESS] Step 37 (Velocity Robustness) completed successfully.[0m
[0;37m[16:33:58] [INFO] [0m
[0;37m[16:33:58] [INFO] ================================================================================[0m
[0;37m[16:33:58] [INFO]    >>> STEP 38: Hierarchical Joint Model[0m
[0;37m[16:33:58] [INFO] ================================================================================[0m
[0;37m[16:33:58] [INFO] [0m

============================================================
Step 38: Hierarchical Timefield Ladder
============================================================
[INFO] Computed 38 calibrator hosts
[INFO] Primary sample (z >= 0.0035): 29 hosts

============================================================
sigma_v = 150 km/s
============================================================
[INFO]   Fitting H0...
[INFO]   Fitting Hβ...
[INFO]     Hβ: H0=69.63, beta_X=+2.330e+07 (3.2σ), kappa=0.000e+00 (n/a), sigma_int_v=50.00, chi2/dof=31.6/26
[INFO]   Fitting K0...
[INFO]     K0: H0=69.58, beta_X=+0.000e+00 (n/a), kappa=6.809e+05 (4.3σ), sigma_int_v=50.00, chi2/dof=31.7/26
[INFO]   Fitting Kfixβ...
[INFO]     Kfixβ: H0=69.60, beta_X=-8.895e+06 (1.4σ), kappa=9.600e+05 (n/a), sigma_int_v=50.00, chi2/dof=31.7/26
[INFO]   Fitting Kpriorβ...
[INFO]   Fitting Kβ...
[INFO]     Kβ: H0=70.60, beta_X=-8.226e+07 (3.4σ), kappa=3.914e+06 (3.1σ), sigma_int_v=50.00, chi2/dof=30.0/25

============================================================
sigma_v = 250 km/s
============================================================
[INFO]   Fitting H0...
[INFO]   Fitting Hβ...
[INFO]     Hβ: H0=69.54, beta_X=+2.309e+07 (2.3σ), kappa=0.000e+00 (n/a), sigma_int_v=0.01, chi2/dof=14.5/26
[INFO]   Fitting K0...
[INFO]     K0: H0=69.50, beta_X=+0.000e+00 (n/a), kappa=6.764e+05 (2.4σ), sigma_int_v=0.01, chi2/dof=14.6/26
[INFO]   Fitting Kfixβ...
[INFO]     Kfixβ: H0=69.51, beta_X=-9.008e+06 (1.0σ), kappa=9.600e+05 (n/a), sigma_int_v=0.01, chi2/dof=14.5/26
[INFO]   Fitting Kpriorβ...
[INFO]   Fitting Kβ...
[INFO]     Kβ: H0=70.49, beta_X=-8.183e+07 (2.3σ), kappa=3.901e+06 (2.1σ), sigma_int_v=0.01, chi2/dof=13.7/25

============================================================
sigma_v = 500 km/s
============================================================
[INFO]   Fitting H0...
[INFO]   Fitting Hβ...
[INFO]     Hβ: H0=69.32, beta_X=+2.352e+07 (1.3σ), kappa=0.000e+00 (n/a), sigma_int_v=0.01, chi2/dof=4.0/26
[INFO]   Fitting K0...
[INFO]     K0: H0=69.27, beta_X=+0.000e+00 (n/a), kappa=6.908e+05 (1.3σ), sigma_int_v=0.01, chi2/dof=4.1/26
[INFO]   Fitting Kfixβ...
[INFO]     Kfixβ: H0=69.28, beta_X=-8.525e+06 (0.5σ), kappa=9.600e+05 (n/a), sigma_int_v=0.01, chi2/dof=4.1/26
[INFO]   Fitting Kpriorβ...
[INFO]   Fitting Kβ...
[INFO]     Kβ: H0=70.29, beta_X=-8.254e+07 (6.5σ), kappa=3.970e+06 (62.8σ), sigma_int_v=0.01, chi2/dof=3.8/25

============================================================
Redshift cut sensitivity
============================================================
[INFO]   z >= 0.005: N=23
[INFO]   z >= 0.0075: N=13

============================================================
Debug checks (primary, sigma_v=250, Kβ)
============================================================
[INFO]   Injection recovery: kappa=2e5, beta=0
[INFO]     recovered kappa=2.837e+05
[INFO]   Injection recovery: kappa=0, beta=2e7
[INFO]     recovered beta=2.277e+07
[INFO]   Injection recovery: kappa=2e5, beta=2e7
[INFO]     recovered kappa=8.536e+05, beta=3.914e+03
[INFO]   Likelihood contour in kappa-beta plane
[INFO]   Parameter correlation corr(kappa, beta)
[INFO]     corr(kappa, beta) = -0.984
[INFO]   LOHO sign stability
[INFO]     beta_X = -8.071e+07 +/- 7.904e+06, positive in 0/29
[INFO]   Bootstrap sign stability (N=500)
[INFO]     beta_X = -4.134e+07 +/- 8.273e+07, 95% CI [-1.045e+08, 1.768e+08], frac_positive=0.186

============================================================
Summary: what do the data prefer?
============================================================
[INFO]   H0     : H0=70.09, kappa=+0.000e+00 (n/a), beta=+0.000e+00 (n/a), chi2/dof=19.9/27
[INFO]   Hβ     : H0=69.54, kappa=+0.000e+00 (n/a), beta=+2.309e+07 (2.3σ), chi2/dof=14.5/26
[INFO]   K0     : H0=69.50, kappa=+6.764e+05 (2.4σ), beta=+0.000e+00 (n/a), chi2/dof=14.6/26
[INFO]   Kfixβ  : H0=69.51, kappa=+9.600e+05 (n/a), beta=-9.008e+06 (1.0σ), chi2/dof=14.5/26
[INFO]   Kpriorβ: H0=69.51, kappa=+9.677e+05 (2.4σ), beta=-9.247e+06 (0.6σ), chi2/dof=14.5/25
[INFO]   Kβ     : H0=70.49, kappa=+3.901e+06 (2.1σ), beta=-8.183e+07 (2.3σ), chi2/dof=13.7/25
[SUCCESS] Saved CSV to /Users/matthewsmawfield/www/Temporal Equivalence Principle/TEP-H0/results/outputs/step_38_hierarchical_timefield_ladder.csv
[SUCCESS] Saved JSON to /Users/matthewsmawfield/www/Temporal Equivalence Principle/TEP-H0/results/outputs/step_38_hierarchical_timefield_ladder.json
[SUCCESS] Saved debug checks to /Users/matthewsmawfield/www/Temporal Equivalence Principle/TEP-H0/results/outputs/step_38_debug_checks.json
[1;32m[16:34:14] [SUCCESS] Step 38 (Hierarchical Joint Model) completed successfully.[0m
[0;37m[16:34:14] [INFO] [0m
[0;37m[16:34:14] [INFO] ================================================================================[0m
[0;37m[16:34:14] [INFO]    >>> STEP 39: Environment Slope Decomposition[0m
[0;37m[16:34:14] [INFO] ================================================================================[0m
[0;37m[16:34:14] [INFO] [0m

============================================================
Step 39: Environment Slope Decomposition
============================================================
[INFO] Computed 38 calibrator hosts
[INFO] Primary sample (z >= 0.0035): 29 hosts

============================================================
sigma_v = 150 km/s
============================================================
[INFO]   Gamma_X = 2.330e+07 +/- 7.393e+06 (3.2σ)
[INFO]   H_app = 69.63, kappa_equiv = 7.266e+05 +/- 2.308e+05 (3.1σ)
[INFO]   Delta_Gamma_canonical = -7.484e+06

============================================================
sigma_v = 250 km/s
============================================================
[INFO]   Gamma_X = 2.309e+07 +/- 1.013e+07 (2.3σ)
[INFO]   H_app = 69.54, kappa_equiv = 7.210e+05 +/- 3.167e+05 (2.3σ)
[INFO]   Delta_Gamma_canonical = -7.656e+06

============================================================
sigma_v = 500 km/s
============================================================
[INFO]   Gamma_X = 2.352e+07 +/- 1.842e+07 (1.3σ)
[INFO]   H_app = 69.32, kappa_equiv = 7.369e+05 +/- 5.780e+05 (1.3σ)
[INFO]   Delta_Gamma_canonical = -7.123e+06

============================================================
Redshift cut sensitivity
============================================================
[INFO]   z >= 0.005: N=23
[INFO]   z >= 0.0075: N=13

============================================================
Statistical tests (primary, sigma_v=250)
============================================================
[INFO]   Permutation test (N=5000)...
[INFO]     permutation p = 0.0216, gamma_true = 2.309e+07
[INFO]   Bootstrap (N=1000)...
[INFO]     Gamma_X = 2.676e+07 +/- 1.089e+07, 95% CI [1.600e+07, 5.699e+07], frac_positive=0.999
[INFO]   LOHO sign stability...
[INFO]     Gamma_X = 2.316e+07 +/- 9.571e+05, positive in 29/29

============================================================
Summary: identifiable environmental slope
============================================================
    sample sig_v  z_cut   N        Gamma_X   sig  kappa_equiv ke_sig       dG_canon
----------------------------------------------------------------------------------------------------
   primary   150 0.0000  29     +2.330e+07   3.2   +7.266e+05    3.1     -7.484e+06
   primary   250 0.0000  29     +2.309e+07   2.3   +7.210e+05    2.3     -7.656e+06
   primary   500 0.0000  29     +2.352e+07   1.3   +7.369e+05    1.3     -7.123e+06
   primary   250 0.0050  23     +1.970e+07   2.4   +6.072e+05    2.4     -1.144e+07
   primary   250 0.0075  13     +1.878e+07   1.7   +5.705e+05    1.7     -1.282e+07
[SUCCESS] Saved CSV to /Users/matthewsmawfield/www/Temporal Equivalence Principle/TEP-H0/results/outputs/step_39_environment_slope_decomposition.csv
[SUCCESS] Saved JSON to /Users/matthewsmawfield/www/Temporal Equivalence Principle/TEP-H0/results/outputs/step_39_environment_slope_decomposition.json
[SUCCESS] Saved test results to /Users/matthewsmawfield/www/Temporal Equivalence Principle/TEP-H0/results/outputs/step_39_statistical_tests.json
[1;32m[16:45:58] [SUCCESS] Step 39 (Environment Slope Decomposition) completed successfully.[0m
[0;37m[16:45:58] [INFO] [0m
[0;37m[16:45:58] [INFO] ================================================================================[0m
[0;37m[16:45:58] [INFO]    >>> STEP 40: Flow / Sky Controls[0m
[0;37m[16:45:58] [INFO] ================================================================================[0m
[0;37m[16:45:58] [INFO] [0m

============================================================
Step 40: Flow / Sky Controls
============================================================
[INFO] Computed 38 calibrator hosts
[INFO] Primary sample (z >= 0.0035): 29 hosts
[INFO] Sky coordinates: 29/29
[INFO] Group IDs: 29/29, meaningful groups (>=2 hosts): 0
[INFO] Skipping M5/M6 group models: no meaningful groups found

============================================================
sigma_v = 150 km/s
============================================================
[INFO]   Fitting M0...
[INFO]     M0: H0=70.07, Gamma_X=+0.000e+00 (n/a), chi2/dof=42.3/26, dipole=n/a
[INFO]   Fitting M1...
[INFO]     M1: H0=69.63, Gamma_X=+2.330e+07 (3.2σ), chi2/dof=31.6/26, dipole=n/a
[INFO]   Fitting M2...
[INFO]     M2: H0=69.64, Gamma_X=+2.338e+07 (3.3σ), chi2/dof=34.4/25, dipole=n/a
[INFO]   Fitting M3...
[INFO]     M3: H0=70.02, Gamma_X=+2.449e+07 (3.5σ), chi2/dof=37.4/23, dipole=111.2
[INFO]   Fitting M4...
[INFO]     M4: H0=70.91, Gamma_X=+2.855e+07 (4.0σ), chi2/dof=95.2/20, dipole=197.3
[INFO]   Fitting M6...
[INFO]     M6: H0=70.91, Gamma_X=+2.855e+07 (4.1σ), chi2/dof=98.5/19, dipole=197.4

============================================================
sigma_v = 250 km/s
============================================================
[INFO]   Fitting M0...
[INFO]     M0: H0=70.09, Gamma_X=+0.000e+00 (n/a), chi2/dof=19.9/26, dipole=n/a
[INFO]   Fitting M1...
[INFO]     M1: H0=69.54, Gamma_X=+2.309e+07 (2.3σ), chi2/dof=14.5/26, dipole=n/a
[INFO]   Fitting M2...
[INFO]     M2: H0=69.54, Gamma_X=+2.309e+07 (2.3σ), chi2/dof=14.5/25, dipole=n/a
[INFO]   Fitting M3...
[INFO]     M3: H0=69.86, Gamma_X=+2.456e+07 (2.4σ), chi2/dof=15.4/23, dipole=107.5
[INFO]   Fitting M4...
[INFO]     M4: H0=70.65, Gamma_X=+2.832e+07 (2.8σ), chi2/dof=38.0/20, dipole=193.5
[INFO]   Fitting M6...
[INFO]     M6: H0=70.65, Gamma_X=+2.830e+07 (2.9σ), chi2/dof=38.2/19, dipole=193.4

============================================================
sigma_v = 500 km/s
============================================================
[INFO]   Fitting M0...
[INFO]     M0: H0=69.87, Gamma_X=+0.000e+00 (n/a), chi2/dof=5.7/26, dipole=n/a
[INFO]   Fitting M1...
[INFO]     M1: H0=69.32, Gamma_X=+2.352e+07 (1.3σ), chi2/dof=4.0/26, dipole=n/a
[INFO]   Fitting M2...
[INFO]     M2: H0=69.32, Gamma_X=+2.352e+07 (1.3σ), chi2/dof=4.0/25, dipole=n/a
[INFO]   Fitting M3...
[INFO]     M3: H0=69.64, Gamma_X=+2.507e+07 (1.4σ), chi2/dof=4.2/23, dipole=106.6
[INFO]   Fitting M4...
[INFO]     M4: H0=70.37, Gamma_X=+2.871e+07 (1.5σ), chi2/dof=10.1/20, dipole=192.5
[INFO]   Fitting M6...
[INFO]     M6: H0=70.32, Gamma_X=+2.868e+07 (1.6σ), chi2/dof=9.8/19, dipole=188.2

============================================================
Permutation suite (sigma_v=250)
============================================================
[INFO]   standard: p = 0.0280
[INFO]   redshift_binned: p = 0.0135
[INFO]   sky_binned: p = 0.0200
[INFO]   redshift_sky_binned: p = 0.0290
[INFO]   gamma_true = 2.246e+07

============================================================
LOHO and bootstrap (M1, sigma_v=250)
============================================================
[INFO]   LOHO: Gamma_X = 2.316e+07 +/- 9.571e+05, positive in 29/29
[INFO]   Bootstrap: Gamma_X = 2.676e+07 +/- 1.089e+07, 95% CI [1.600e+07, 5.699e+07], frac_positive=0.999

============================================================
Model comparison (primary, sigma_v=250)
============================================================
 Model N_param        Gamma_X   sig   chi2/dof        AIC        BIC
--------------------------------------------------------------------------------
    M0       3     +0.000e+00   n/a 19.9/26      349.9      354.0
    M1       3     +2.309e+07   2.3 14.5/26      344.5      348.6
    M2       4     +2.309e+07   2.3 14.5/25      346.5      351.9
    M3       6     +2.456e+07   2.4 15.4/23      349.3      357.5
    M4       9     +2.832e+07   2.8 38.0/20      353.6      365.9
    M6      10     +2.830e+07   2.9 38.2/19      355.6      369.3
[SUCCESS] Saved CSV to /Users/matthewsmawfield/www/Temporal Equivalence Principle/TEP-H0/results/outputs/step_40_flow_sky_controls.csv
[SUCCESS] Saved JSON to /Users/matthewsmawfield/www/Temporal Equivalence Principle/TEP-H0/results/outputs/step_40_flow_sky_controls.json
[SUCCESS] Saved test results to /Users/matthewsmawfield/www/Temporal Equivalence Principle/TEP-H0/results/outputs/step_40_statistical_tests.json
[1;32m[16:47:55] [SUCCESS] Step 40 (Flow / Sky Controls) completed successfully.[0m
[0;37m[16:47:55] [INFO] [0m
[0;37m[16:47:55] [INFO] ================================================================================[0m
[0;37m[16:47:55] [INFO]    >>> STEP 41: External Distance Breakers[0m
[0;37m[16:47:55] [INFO] ================================================================================[0m
[0;37m[16:47:55] [INFO] [0m

============================================================
Step 41: External Distance Breakers
============================================================
[INFO] Cepheid hosts: 38
[INFO] External distances: 18 hosts (TRGB)
[INFO] Merged Cepheid+TRGB overlap: 18 hosts
[INFO] Primary Cepheid sample: 29 hosts
[INFO] Primary merged sample: 13 hosts

============================================================
Part 1: Differential κ test (μ_Cep - μ_ext vs X)
============================================================
[INFO]   N=13, κ_Cep = +3.195e+05 (0.8σ), Δμ_offset = 0.014 +/- 0.022 mag, χ²/dof = 2.1/11

============================================================
Part 2: Velocity β with external-informed μ_true
============================================================
[INFO]   σ_v=150, κ=0: H_app=69.42, β_X=+2.371e+07 (3.4σ)
[INFO]   σ_v=150, κ=canonical: H_app=68.02, β_X=-7.474e+06 (1.2σ)
[INFO]   σ_v=150, κ=fit: H_app=68.92, β_X=+1.276e+07 (1.9σ)
[INFO]   σ_v=250, κ=0: H_app=69.44, β_X=+2.333e+07 (2.3σ)
[INFO]   σ_v=250, κ=canonical: H_app=68.03, β_X=-7.974e+06 (0.9σ)
[INFO]   σ_v=250, κ=fit: H_app=68.94, β_X=+1.231e+07 (1.3σ)
[INFO]   σ_v=500, κ=0: H_app=69.32, β_X=+2.358e+07 (1.3σ)
[INFO]   σ_v=500, κ=canonical: H_app=67.91, β_X=-7.792e+06 (0.5σ)
[INFO]   σ_v=500, κ=fit: H_app=68.82, β_X=+1.253e+07 (0.7σ)

============================================================
Part 3: Joint model (latent μ_true)
============================================================
[INFO]   E0 (σ_v=150): κ=+0.000e+00 (0.0σ), β=+0.000e+00 (0.0σ), AIC=40.7
[INFO]   Eβ (σ_v=150): κ=+0.000e+00 (0.0σ), β=+5.131e+07 (1.4σ), AIC=38.6
[INFO]   Eκ (σ_v=150): κ=+3.809e+05 (1.0σ), β=+0.000e+00 (0.0σ), AIC=39.7
[INFO]   Eκβ (σ_v=150): κ=+3.174e+05 (0.8σ), β=+4.750e+07 (1.3σ), AIC=37.9
[INFO]   Eκpriorβ (σ_v=150): κ=+6.301e+05 (2.2σ), β=+4.377e+07 (1.2σ), AIC=38.6
[INFO]   E0 (σ_v=250): κ=+0.000e+00 (0.0σ), β=+0.000e+00 (0.0σ), AIC=40.7
[INFO]   Eβ (σ_v=250): κ=+0.000e+00 (0.0σ), β=+5.071e+07 (0.9σ), AIC=40.0
[INFO]   Eκ (σ_v=250): κ=+3.429e+05 (0.9σ), β=+0.000e+00 (0.0σ), AIC=40.0
[INFO]   Eκβ (σ_v=250): κ=+3.187e+05 (0.8σ), β=+4.691e+07 (0.8σ), AIC=39.3
[INFO]   Eκpriorβ (σ_v=250): κ=+6.309e+05 (2.2σ), β=+4.321e+07 (0.8σ), AIC=39.9
[INFO]   E0 (σ_v=500): κ=+0.000e+00 (0.0σ), β=+0.000e+00 (0.0σ), AIC=52.7
[INFO]   Eβ (σ_v=500): κ=+0.000e+00 (0.0σ), β=+5.045e+07 (0.4σ), AIC=52.5
[INFO]   Eκ (σ_v=500): κ=+3.255e+05 (0.8σ), β=+0.000e+00 (0.0σ), AIC=52.0
[INFO]   Eκβ (σ_v=500): κ=+3.193e+05 (0.8σ), β=+4.665e+07 (0.4σ), AIC=51.8
[INFO]   Eκpriorβ (σ_v=500): κ=+6.313e+05 (2.3σ), β=+4.296e+07 (0.8σ), AIC=52.5

============================================================
Joint model comparison (σ_v=250)
============================================================
   Model N_param          κ_Cep            β_X        AIC        BIC
--------------------------------------------------------------------------------
      E0      18     +0.000e+00     +0.000e+00       40.7       50.9
      Eβ      18     +0.000e+00     +5.071e+07       40.0       50.1
      Eκ      18     +3.429e+05     +0.000e+00       40.0       50.1
     Eκβ      18     +3.187e+05     +4.691e+07       39.3       49.5
Eκpriorβ      18     +6.309e+05     +4.321e+07       39.9       50.1
[SUCCESS] Saved JSON to /Users/matthewsmawfield/www/Temporal Equivalence Principle/TEP-H0/results/outputs/step_41_external_distance_breakers.json
[SUCCESS] Saved CSV to /Users/matthewsmawfield/www/Temporal Equivalence Principle/TEP-H0/results/outputs/step_41_velocity_beta.csv
[SUCCESS] Saved CSV to /Users/matthewsmawfield/www/Temporal Equivalence Principle/TEP-H0/results/outputs/step_41_joint_model.csv
[1;32m[16:50:32] [SUCCESS] Step 41 (External Distance Breakers) completed successfully.[0m
[0;37m[16:50:32] [INFO] [0m
[0;37m[16:50:32] [INFO] ================================================================================[0m
[0;37m[16:50:32] [INFO]    >>> STEP 42: Cepheid-Dominant Generative Model[0m
[0;37m[16:50:32] [INFO] ================================================================================[0m
[0;37m[16:50:32] [INFO] [0m

============================================================
Step 42: TEP-Native Ladder (Generative Clock-Aware Model)
============================================================
[INFO] Cepheid hosts: 38
[INFO] External distances: 18 hosts (TRGB)
[INFO] Merged Cepheid+TRGB overlap: 18 hosts

============================================================
sigma_v = 150 km/s
============================================================
[INFO]   T0: H_app=69.44, Γ_X=+2.398e+07 (3.4σ), χ²/dof=34.3/27
[INFO]     Gauge A (κ=0):     β=+2.398e+07
[INFO]     Gauge B (β=0):     κ=+7.499e+05
[INFO]     Gauge C (κ=canonical): β=-6.719e+06
[INFO]     Gauge D (κ=ext):   κ=+3.195e+05 (0.8σ), β=+1.376e+07
[INFO]   TGamma: H_app=69.44, Γ_X=+2.398e+07 (3.4σ), χ²/dof=34.3/27
[INFO]     Gauge A (κ=0):     β=+2.398e+07
[INFO]     Gauge B (β=0):     κ=+7.499e+05
[INFO]     Gauge C (κ=canonical): β=-6.719e+06
[INFO]     Gauge D (κ=ext):   κ=+3.195e+05 (0.8σ), β=+1.376e+07
[INFO]   TK: H_app=69.44, Γ_X=+2.398e+07 (3.4σ), χ²/dof=34.3/27
[INFO]     Gauge A (κ=0):     β=+2.398e+07
[INFO]     Gauge B (β=0):     κ=+7.499e+05
[INFO]     Gauge C (κ=canonical): β=-6.719e+06
[INFO]     Gauge D (κ=ext):   κ=+3.195e+05 (0.8σ), β=+1.376e+07
[INFO]   TBeta: H_app=69.44, Γ_X=+2.398e+07 (3.4σ), χ²/dof=34.3/27
[INFO]     Gauge A (κ=0):     β=+2.398e+07
[INFO]     Gauge B (β=0):     κ=+7.499e+05
[INFO]     Gauge C (κ=canonical): β=-6.719e+06
[INFO]     Gauge D (κ=ext):   κ=+3.195e+05 (0.8σ), β=+1.376e+07
[INFO]   TMixed: H_app=69.44, Γ_X=+2.398e+07 (3.4σ), χ²/dof=34.3/27
[INFO]     Gauge A (κ=0):     β=+2.398e+07
[INFO]     Gauge B (β=0):     κ=+7.499e+05
[INFO]     Gauge C (κ=canonical): β=-6.719e+06
[INFO]     Gauge D (κ=ext):   κ=+3.195e+05 (0.8σ), β=+1.376e+07

============================================================
sigma_v = 250 km/s
============================================================
[INFO]   T0: H_app=69.47, Γ_X=+2.350e+07 (2.3σ), χ²/dof=14.4/27
[INFO]     Gauge A (κ=0):     β=+2.350e+07
[INFO]     Gauge B (β=0):     κ=+7.344e+05
[INFO]     Gauge C (κ=canonical): β=-7.217e+06
[INFO]     Gauge D (κ=ext):   κ=+3.195e+05 (0.8σ), β=+1.328e+07
[INFO]   TGamma: H_app=69.47, Γ_X=+2.350e+07 (2.3σ), χ²/dof=14.4/27
[INFO]     Gauge A (κ=0):     β=+2.350e+07
[INFO]     Gauge B (β=0):     κ=+7.344e+05
[INFO]     Gauge C (κ=canonical): β=-7.217e+06
[INFO]     Gauge D (κ=ext):   κ=+3.195e+05 (0.8σ), β=+1.328e+07
[INFO]   TK: H_app=69.47, Γ_X=+2.350e+07 (2.3σ), χ²/dof=14.4/27
[INFO]     Gauge A (κ=0):     β=+2.350e+07
[INFO]     Gauge B (β=0):     κ=+7.344e+05
[INFO]     Gauge C (κ=canonical): β=-7.217e+06
[INFO]     Gauge D (κ=ext):   κ=+3.195e+05 (0.8σ), β=+1.328e+07
[INFO]   TBeta: H_app=69.47, Γ_X=+2.350e+07 (2.3σ), χ²/dof=14.4/27
[INFO]     Gauge A (κ=0):     β=+2.350e+07
[INFO]     Gauge B (β=0):     κ=+7.344e+05
[INFO]     Gauge C (κ=canonical): β=-7.217e+06
[INFO]     Gauge D (κ=ext):   κ=+3.195e+05 (0.8σ), β=+1.328e+07
[INFO]   TMixed: H_app=69.47, Γ_X=+2.350e+07 (2.3σ), χ²/dof=14.4/27
[INFO]     Gauge A (κ=0):     β=+2.350e+07
[INFO]     Gauge B (β=0):     κ=+7.344e+05
[INFO]     Gauge C (κ=canonical): β=-7.217e+06
[INFO]     Gauge D (κ=ext):   κ=+3.195e+05 (0.8σ), β=+1.328e+07

============================================================
sigma_v = 500 km/s
============================================================
[INFO]   T0: H_app=69.35, Γ_X=+2.371e+07 (1.3σ), χ²/dof=4.0/27
[INFO]     Gauge A (κ=0):     β=+2.371e+07
[INFO]     Gauge B (β=0):     κ=+7.424e+05
[INFO]     Gauge C (κ=canonical): β=-6.949e+06
[INFO]     Gauge D (κ=ext):   κ=+3.195e+05 (0.8σ), β=+1.351e+07
[INFO]   TGamma: H_app=69.35, Γ_X=+2.371e+07 (1.3σ), χ²/dof=4.0/27
[INFO]     Gauge A (κ=0):     β=+2.371e+07
[INFO]     Gauge B (β=0):     κ=+7.424e+05
[INFO]     Gauge C (κ=canonical): β=-6.949e+06
[INFO]     Gauge D (κ=ext):   κ=+3.195e+05 (0.8σ), β=+1.351e+07
[INFO]   TK: H_app=69.35, Γ_X=+2.371e+07 (1.3σ), χ²/dof=4.0/27
[INFO]     Gauge A (κ=0):     β=+2.371e+07
[INFO]     Gauge B (β=0):     κ=+7.424e+05
[INFO]     Gauge C (κ=canonical): β=-6.949e+06
[INFO]     Gauge D (κ=ext):   κ=+3.195e+05 (0.8σ), β=+1.351e+07
[INFO]   TBeta: H_app=69.35, Γ_X=+2.371e+07 (1.3σ), χ²/dof=4.0/27
[INFO]     Gauge A (κ=0):     β=+2.371e+07
[INFO]     Gauge B (β=0):     κ=+7.424e+05
[INFO]     Gauge C (κ=canonical): β=-6.949e+06
[INFO]     Gauge D (κ=ext):   κ=+3.195e+05 (0.8σ), β=+1.351e+07
[INFO]   TMixed: H_app=69.35, Γ_X=+2.371e+07 (1.3σ), χ²/dof=4.0/27
[INFO]     Gauge A (κ=0):     β=+2.371e+07
[INFO]     Gauge B (β=0):     κ=+7.424e+05
[INFO]     Gauge C (κ=canonical): β=-6.949e+06
[INFO]     Gauge D (κ=ext):   κ=+3.195e+05 (0.8σ), β=+1.351e+07
[SUCCESS] Saved JSON to /Users/matthewsmawfield/www/Temporal Equivalence Principle/TEP-H0/results/outputs/step_42_tep_native_ladder.json
[SUCCESS] Saved CSV to /Users/matthewsmawfield/www/Temporal Equivalence Principle/TEP-H0/results/outputs/step_42_tep_native_ladder.csv
[1;32m[16:50:33] [SUCCESS] Step 42 (Cepheid-Dominant Generative Model) completed successfully.[0m
[0;37m[16:50:33] [INFO] [0m
[0;37m[16:50:33] [INFO] ================================================================================[0m
[0;37m[16:50:33] [INFO]    >>> STEP 43: Toy Recovery Experiment[0m
[0;37m[16:50:33] [INFO] ================================================================================[0m
[0;37m[16:50:33] [INFO] [0m
[0;37m[16:50:33] [INFO] Step 43: Toy Recovery Experiment (Step 34 vs Velocity-Space)[0m
[0;37m[16:50:33] [INFO] Loading SH0ES Data...[0m
[0;37m[16:50:33] [INFO] Design matrix shape: (3490, 46)[0m
[0;37m[16:50:33] [INFO] Data vector length: 3490[0m
[0;37m[16:50:34] [INFO] Covariance matrix shape: (3490, 3490)[0m
[0;37m[16:50:34] [INFO] Number of parameters: 46[0m
[0;37m[16:50:34] [INFO] Loading Host Metadata...[0m
[0;37m[16:50:34] [INFO] Loaded 44 hosts[0m
[0;37m[16:50:34] [INFO] Mapped M1337 -> N1337[0m
[0;37m[16:50:34] [INFO] Mapped N105A -> N105[0m
[0;37m[16:50:34] [INFO] Mapped N976A -> N976[0m
[0;37m[16:50:34] [INFO] Created 122 name mappings[0m
[0;37m[16:50:34] [INFO] Calculating Effective Calibrator Sigma...[0m
[1;32m[16:50:34] [SUCCESS] Effective sigma_ref: 87.17 km/s[0m
[0;37m[16:50:34] [INFO] Injected kappa_Cep (latent-modulus-equivalent): 6.987e+05 mag[0m
[0;37m[16:50:34] [INFO] Recovered Step-34 kappa_Cep: -2.089e-08 +/- 2.103e+05 mag[0m
[0;37m[16:50:35] [INFO] Injected Gamma_X: 2.350e+07[0m
[0;37m[16:50:35] [INFO] Recovered Gamma_X: 2.500e+07 +/- 1.109e+07[0m
[1;32m[16:50:35] [SUCCESS] Saved toy recovery JSON: /Users/matthewsmawfield/www/Temporal Equivalence Principle/TEP-H0/results/outputs/step_43_toy_recovery_experiment.json[0m
[1;32m[16:50:35] [SUCCESS] Saved toy recovery figure: /Users/matthewsmawfield/www/Temporal Equivalence Principle/TEP-H0/results/figures/step_43_figure_01_toy_recovery_experiment.png[0m
[1;32m[16:50:35] [SUCCESS] Copied figure to: /Users/matthewsmawfield/www/Temporal Equivalence Principle/TEP-H0/site/public/figures/step_43_figure_01_toy_recovery_experiment.png[0m
[1;32m[16:50:35] [SUCCESS] Step 43 (Toy Recovery Experiment) completed successfully.[0m
[0;37m[16:50:35] [INFO] [0m
[0;37m[16:50:35] [INFO] ================================================================================[0m
[0;37m[16:50:35] [INFO]    >>> STEP 44: Joint Redshift / TRGB / Anchor Likelihood[0m
[0;37m[16:50:35] [INFO] ================================================================================[0m
[0;37m[16:50:35] [INFO] [0m

============================================================
Step 44: Joint distance + redshift likelihood
============================================================
[INFO] Primary redshift sample: 27 hosts
[INFO] TRGB overlap sample: 13 hosts
[INFO] Independent anchor sample: 2 anchors
    host     mu_cep  mu_geo                                          method
0    LMC  18.487090  18.477  Detached Eclipsing Binaries (Pietrzynski+2019)
1  N4258  29.385304  29.398                         Water Maser (Reid+2019)

============================================================
sigma_v = 150 km/s
============================================================
[INFO]   Fitting Null...
[INFO]     Null: H_app=69.93, kappa=0.000e+00 (nanσ), beta=0.000e+00 (nanσ), BIC=257.0, logL=-121.0
[INFO]   Fitting Cepheid...
[INFO]     Cepheid: H_app=69.77, kappa=5.293e+05 (2.7σ), beta=0.000e+00 (nanσ), BIC=253.5, logL=-117.4
[INFO]   Fitting Velocity...
[INFO]     Velocity: H_app=69.74, kappa=0.000e+00 (nanσ), beta=2.540e+07 (3.0σ), BIC=252.8, logL=-117.1
[INFO]   Fitting Mixed...
[INFO]     Mixed: H_app=69.71, kappa=2.565e+05 (0.9σ), beta=1.613e+07 (1.2σ), BIC=255.8, logL=-116.7

============================================================
sigma_v = 250 km/s
============================================================
[INFO]   Fitting Null...
[INFO]     Null: H_app=70.17, kappa=0.000e+00 (nanσ), beta=0.000e+00 (nanσ), BIC=256.8, logL=-120.9
[INFO]   Fitting Cepheid...
[INFO]     Cepheid: H_app=69.99, kappa=4.327e+05 (1.8σ), beta=0.000e+00 (nanσ), BIC=257.2, logL=-119.3
[INFO]   Fitting Velocity...
[INFO]     Velocity: H_app=69.87, kappa=0.000e+00 (nanσ), beta=2.416e+07 (1.8σ), BIC=257.2, logL=-119.2
[INFO]   Fitting Mixed...
[INFO]     Mixed: H_app=69.85, kappa=2.655e+05 (0.9σ), beta=1.465e+07 (0.9σ), BIC=260.1, logL=-118.8

============================================================
sigma_v = 500 km/s
============================================================
[INFO]   Fitting Null...
[INFO]     Null: H_app=70.31, kappa=0.000e+00 (nanσ), beta=0.000e+00 (nanσ), BIC=280.1, logL=-132.6
[INFO]   Fitting Cepheid...
[INFO]     Cepheid: H_app=70.16, kappa=3.320e+05 (1.2σ), beta=0.000e+00 (nanσ), BIC=282.4, logL=-131.9
[INFO]   Fitting Velocity...
[INFO]     Velocity: H_app=69.96, kappa=0.000e+00 (nanσ), beta=2.356e+07 (1.0σ), BIC=282.9, logL=-132.1
[INFO]   Fitting Mixed...
[INFO]     Mixed: H_app=69.94, kappa=2.700e+05 (0.9σ), beta=1.390e+07 (0.5σ), BIC=285.8, logL=-131.7

============================================================
Leave-one-out cross-validation (Mixed, sigma_v=250)
============================================================
[INFO] LOOCV MSE = 0.628
[SUCCESS] Saved: /Users/matthewsmawfield/www/Temporal Equivalence Principle/TEP-H0/results/outputs/step_44_joint_distance_redshift_likelihood.json
[1;32m[16:50:37] [SUCCESS] Step 44 (Joint Likelihood) completed successfully.[0m
[0;37m[16:50:37] [INFO] [0m
[0;37m[16:50:37] [INFO] ================================================================================[0m
[0;37m[16:50:37] [INFO]    >>> STEP 45: Full-Ladder H_0 Propagation Test[0m
[0;37m[16:50:37] [INFO] ================================================================================[0m
[0;37m[16:50:37] [INFO] [0m
[0;37m[16:50:37] [INFO] Step 45: Full-Ladder H_0 Propagation Test[0m
[0;37m[16:50:37] [INFO] Decisive audit: does frozen kappa move the complete SH0ES ladder
from 73.04 to approximately 69?[0m
[0;37m[16:50:37] [INFO] Loading data...[0m
[0;37m[16:50:38] [INFO] SH0ES design matrix: (3490, 46), 3490 observations, 46 parameters[0m
[0;37m[16:50:38] [INFO] Hubble-flow sample: 274 SNe (z > 0.023)[0m
[0;37m[16:50:38] [INFO] Baseline SH0ES fit...[0m
[1;32m[16:50:38] [SUCCESS]   H_0 = 73.04 +/- 1.01 km/s/Mpc[0m
[0;37m[16:50:38] [INFO]   M_B = -19.2529 +/- 0.0289[0m
[0;37m[16:50:38] [INFO]   chi^2/dof = 3552.7/3444 = 1.0316[0m
[0;37m[16:50:38] [INFO]   (SH0ES reports H_0 = 73.04 +/- 1.01)[0m
[0;37m[16:50:38] [INFO] Extracting Cepheid host distance moduli...[0m
[0;37m[16:50:38] [INFO]   N_Cepheid hosts = 36[0m
[0;37m[16:50:38] [INFO]   sigma range: 50.4 - 223.4 km/s[0m
[0;37m[16:50:38] [INFO]   S range: 0.027 - 0.941[0m
[0;37m[16:50:38] [INFO] sigma_ref conventions...[0m
[0;37m[16:50:38] [INFO]   Standard  sigma_ref = 87.17 km/s[0m
[0;37m[16:50:38] [INFO]   Screened  sigma_ref = 48.72 km/s[0m
[0;37m[16:50:38] [INFO]     MW  S = 0.605  (N_mb = 7)[0m
[0;37m[16:50:38] [INFO]     LMC S = 0.873  (N_mb = 2)[0m
[0;37m[16:50:38] [INFO]     N4258 S = 0.096  (N_mb = 65)[0m
[0;37m[16:50:38] [INFO] Optimizing kappa for full host sample...[0m
[0;37m[16:50:38] [INFO]   Optimization sample: 35 hosts with z > 0[0m
[0;37m[16:50:38] [INFO]   S range: 0.027 - 0.941[0m
[0;37m[16:50:38] [INFO]   Strongly screened (S < 0.1): 5 hosts[0m
[1;32m[16:50:38] [SUCCESS]   standard: kappa_opt = 1.776e+06, mean(dmu) = 0.0433, H_0 = 71.60, tension = 3.73sigma, slope = 4.18e-10[0m
[1;32m[16:50:38] [SUCCESS]   screened: kappa_opt = 1.805e+06, mean(dmu) = 0.1198, H_0 = 69.12, tension = 1.53sigma, slope = 5.08e-10[0m
[0;37m[16:50:38] [INFO] Full-ladder propagation (M_B -> Hubble flow)...[0m
[0;37m[16:50:38] [INFO]   standard kappa_0_null              kappa=0.000e+00  H_0=73.04 +/- 1.01  tension=5.00sigma  delta_H0=+0.00[0m
[0;37m[16:50:38] [INFO]   standard kappa_gal_9.6e5           kappa=9.600e+05  H_0=72.28 +/- 1.01  tension=4.33sigma  delta_H0=-0.76[0m
[0;37m[16:50:38] [INFO]   standard kappa_gen_7.34e5          kappa=7.340e+05  H_0=72.46 +/- 1.01  tension=4.49sigma  delta_H0=-0.58[0m
[0;37m[16:50:38] [INFO]   standard kappa_resid_1.27e6        kappa=1.272e+06  H_0=72.03 +/- 1.01  tension=4.11sigma  delta_H0=-1.01[0m
[0;37m[16:50:38] [INFO]   standard kappa_full_35hosts        kappa=1.805e+06  H_0=71.62 +/- 1.01  tension=3.74sigma  delta_H0=-1.42[0m
[0;37m[16:50:38] [INFO]   screened kappa_0_null              kappa=0.000e+00  H_0=73.04 +/- 1.01  tension=5.00sigma  delta_H0=+0.00[0m
[0;37m[16:50:38] [INFO]   screened kappa_gal_9.6e5           kappa=9.600e+05  H_0=70.94 +/- 1.01  tension=3.14sigma  delta_H0=-2.10[0m
[0;37m[16:50:38] [INFO]   screened kappa_gen_7.34e5          kappa=7.340e+05  H_0=71.43 +/- 1.01  tension=3.57sigma  delta_H0=-1.61[0m
[0;37m[16:50:38] [INFO]   screened kappa_resid_1.27e6        kappa=1.272e+06  H_0=70.27 +/- 1.01  tension=2.55sigma  delta_H0=-2.77[0m
[0;37m[16:50:38] [INFO]   screened kappa_full_35hosts        kappa=1.805e+06  H_0=69.14 +/- 1.01  tension=1.54sigma  delta_H0=-3.90[0m
[0;37m[16:50:38] [INFO] Full-ladder propagation (SH0ES design matrix)...[0m
[0;37m[16:50:38] [INFO]   standard kappa_0_null              kappa=0.000e+00  H_0=73.04  delta_chi2=+0.0  tension=5.02sigma[0m
[0;37m[16:50:39] [INFO]   standard kappa_gal_9.6e5           kappa=9.600e+05  H_0=71.98  delta_chi2=+11.5  tension=4.13sigma[0m
[0;37m[16:50:39] [INFO]   standard kappa_gen_7.34e5          kappa=7.340e+05  H_0=72.23  delta_chi2=+6.8  tension=4.34sigma[0m
[0;37m[16:50:39] [INFO]   standard kappa_resid_1.27e6        kappa=1.272e+06  H_0=71.64  delta_chi2=+20.0  tension=3.83sigma[0m
[0;37m[16:50:39] [INFO]   standard kappa_full_35hosts        kappa=1.805e+06  H_0=71.07  delta_chi2=+39.9  tension=3.33sigma[0m
[0;37m[16:50:39] [INFO]   screened kappa_0_null              kappa=0.000e+00  H_0=73.04  delta_chi2=+0.0  tension=5.02sigma[0m
[0;37m[16:50:40] [INFO]   screened kappa_gal_9.6e5           kappa=9.600e+05  H_0=71.32  delta_chi2=+6.9  tension=3.55sigma[0m
[0;37m[16:50:40] [INFO]   screened kappa_gen_7.34e5          kappa=7.340e+05  H_0=71.72  delta_chi2=+3.8  tension=3.90sigma[0m
[0;37m[16:50:40] [INFO]   screened kappa_resid_1.27e6        kappa=1.272e+06  H_0=70.77  delta_chi2=+12.8  tension=3.07sigma[0m
[0;37m[16:50:40] [INFO]   screened kappa_full_35hosts        kappa=1.805e+06  H_0=69.83  delta_chi2=+27.0  tension=2.24sigma[0m
[0;37m[16:50:40] [INFO] Summary: Full-Ladder H_0 Propagation[0m
[0;37m[16:50:40] [INFO] Full-Ladder H_0 Propagation Results[0m
[0;37m[16:50:40] [INFO] +-----------+-----------+-----------+-----------+-------+-----------+[0m
[0;37m[16:50:40] [INFO] | sigma_ref | kappa     | H0_simple | H0_matrix | dChi2 | tension   |[0m
[0;37m[16:50:40] [INFO] +-----------+-----------+-----------+-----------+-------+-----------+[0m
[0;37m[16:50:40] [INFO] | standard  | 0.000e+00 | 73.04     | 73.04     | +0.0  | 5.00sigma |[0m
[0;37m[16:50:40] [INFO] | standard  | 9.600e+05 | 72.28     | 71.98     | +11.5 | 4.33sigma |[0m
[0;37m[16:50:40] [INFO] | standard  | 7.340e+05 | 72.46     | 72.23     | +6.8  | 4.49sigma |[0m
[0;37m[16:50:40] [INFO] | standard  | 1.272e+06 | 72.03     | 71.64     | +20.0 | 4.11sigma |[0m
[0;37m[16:50:40] [INFO] | standard  | 1.805e+06 | 71.62     | 71.07     | +39.9 | 3.74sigma |[0m
[0;37m[16:50:40] [INFO] | screened  | 0.000e+00 | 73.04     | 73.04     | +0.0  | 5.00sigma |[0m
[0;37m[16:50:40] [INFO] | screened  | 9.600e+05 | 70.94     | 71.32     | +6.9  | 3.14sigma |[0m
[0;37m[16:50:40] [INFO] | screened  | 7.340e+05 | 71.43     | 71.72     | +3.8  | 3.57sigma |[0m
[0;37m[16:50:40] [INFO] | screened  | 1.272e+06 | 70.27     | 70.77     | +12.8 | 2.55sigma |[0m
[0;37m[16:50:40] [INFO] | screened  | 1.805e+06 | 69.14     | 69.83     | +27.0 | 1.54sigma |[0m
[0;37m[16:50:40] [INFO] +-----------+-----------+-----------+-----------+-------+-----------+[0m
[0;37m[16:50:40] [INFO] Δχ² row-type decomposition (screened, kappa_full)...[0m
[0;37m[16:50:40] [INFO]   cepheid_nonanchor     : Δχ² = +20.5  (75.8%)  N_rows = 2152[0m
[0;37m[16:50:40] [INFO]   sn_calibrator         : Δχ² = +5.7  (21.0%)  N_rows = 77[0m
[0;37m[16:50:40] [INFO]   cepheid_anchor        : Δχ² = +0.8  (2.8%)  N_rows = 980[0m
[0;37m[16:50:40] [INFO]   sn_hubble_flow        : Δχ² = +0.2  (0.6%)  N_rows = 277[0m
[0;37m[16:50:40] [INFO]   other                 : Δχ² = -0.1  (-0.3%)  N_rows = 4[0m
[0;37m[16:50:40] [INFO]   total                 : Δχ² = +27.0[0m
[0;37m[16:50:40] [INFO] Key Conclusion[0m
[0;37m[16:50:40] [INFO]   Standard sigma_ref + residual kappa (1.272e+06): H_0 = 72.03 +/- 1.01, tension = 4.11sigma[0m
[1;32m[16:50:40] [SUCCESS]   Screened sigma_ref + generative kappa (7.340e+05): H_0 = 71.43 +/- 1.01, tension = 3.57sigma[0m
[1;32m[16:50:40] [SUCCESS] Saved JSON to /Users/matthewsmawfield/www/Temporal Equivalence Principle/TEP-H0/results/outputs/step_45_full_ladder_h0_propagation.json[0m
[1;32m[16:50:40] [SUCCESS] Saved CSV to /Users/matthewsmawfield/www/Temporal Equivalence Principle/TEP-H0/results/outputs/step_45_full_ladder_h0_propagation.csv[0m
[1;32m[16:50:40] [SUCCESS] Step 45 (Full-Ladder Propagation) completed successfully.[0m
[0;37m[16:50:40] [INFO] [0m
[0;37m[16:50:40] [INFO] ================================================================================[0m
[0;37m[16:50:40] [INFO]    >>> STEP 46: Profile-Likelihood Analysis for Bounded Scatter[0m
[0;37m[16:50:40] [INFO] ================================================================================[0m
[0;37m[16:50:40] [INFO] [0m

============================================================
Step 46: Profile-Likelihood Analysis for Bounded Scatter
============================================================
[INFO] Loading data...
[INFO]   N hosts = 34
[INFO]   sigma_ref (screened) = 48.72 km/s
[INFO]   sigma range: 24.3 - 223.4
[INFO]   S range: 0.027 - 0.941

============================================================
Profile likelihood over sigma_int_v...
============================================================
[INFO]   sigma_v = 150.0 km/s:
[WARNING]     H0  : best sigma_int_v = 100.0 km/s, logL = -202.46, kappa = 0.000e+00, beta = 0.000e+00 (AT BOUNDARY)
[WARNING]     K0  : best sigma_int_v = 100.0 km/s, logL = -197.87, kappa = 1.179e+06, beta = 0.000e+00 (AT BOUNDARY)
[WARNING]     Hβ  : best sigma_int_v = 100.0 km/s, logL = -197.68, kappa = 0.000e+00, beta = 4.155e+07 (AT BOUNDARY)
[WARNING]     Kβ  : best sigma_int_v = 100.0 km/s, logL = -197.86, kappa = 9.499e+05, beta = 7.625e+06 (AT BOUNDARY)
[INFO]   sigma_v = 250.0 km/s:
[WARNING]     H0  : best sigma_int_v = 0.0 km/s, logL = -202.40, kappa = 0.000e+00, beta = 0.000e+00 (AT BOUNDARY)
[WARNING]     K0  : best sigma_int_v = 0.0 km/s, logL = -199.70, kappa = 1.145e+06, beta = 0.000e+00 (AT BOUNDARY)
[WARNING]     Hβ  : best sigma_int_v = 0.0 km/s, logL = -199.59, kappa = 0.000e+00, beta = 4.016e+07 (AT BOUNDARY)
[WARNING]     Kβ  : best sigma_int_v = 0.0 km/s, logL = -199.69, kappa = 9.552e+05, beta = 6.284e+06 (AT BOUNDARY)
[INFO]   sigma_v = 500.0 km/s:
[WARNING]     H0  : best sigma_int_v = 0.0 km/s, logL = -215.27, kappa = 0.000e+00, beta = 0.000e+00 (AT BOUNDARY)
[WARNING]     K0  : best sigma_int_v = 0.0 km/s, logL = -214.51, kappa = 1.113e+06, beta = 0.000e+00 (AT BOUNDARY)
[WARNING]     Hβ  : best sigma_int_v = 0.0 km/s, logL = -214.49, kappa = 0.000e+00, beta = 3.883e+07 (AT BOUNDARY)
[WARNING]     Kβ  : best sigma_int_v = 0.0 km/s, logL = -214.51, kappa = 9.589e+05, beta = 5.054e+06 (AT BOUNDARY)

============================================================
Profile likelihood over kappa_Cep (profiling sigma_int_v)...
============================================================
[INFO]   sigma_v = 150.0 km/s:
[SUCCESS]     K0: best kappa = 1.200e+06, LRT = 9.18, p = 2.4483e-03, significance = 3.03sigma
[INFO]     1sigma CI: [8.000e+05, 1.500e+06]
[INFO]     2sigma CI: [5.000e+05, 1.900e+06]
[INFO]   sigma_v = 250.0 km/s:
[SUCCESS]     K0: best kappa = 1.100e+06, LRT = 5.39, p = 2.0282e-02, significance = 2.32sigma
[INFO]     1sigma CI: [7.000e+05, 1.600e+06]
[INFO]     2sigma CI: [2.000e+05, 2.000e+06]
[INFO]   sigma_v = 500.0 km/s:
[SUCCESS]     K0: best kappa = 1.100e+06, LRT = 1.52, p = 2.1796e-01, significance = 1.23sigma
[INFO]     1sigma CI: [3.000e+05, 1.900e+06]
[INFO]     2sigma CI: [-7.000e+05, 2.700e+06]

============================================================
Comparison: Hessian vs Profile-Likelihood significance
============================================================
Model    sigma_v  Hessian_sig  LRT_sig      sigma_int  boundary  
----------------------------------------------------------------------
H0       150      nan          3.0296545214457273 50.00      UPPER     

============================================================
Saving results...
============================================================
[SUCCESS] Saved JSON to /Users/matthewsmawfield/www/Temporal Equivalence Principle/TEP-H0/results/outputs/step_46_profile_likelihood_sigma_int.json
[SUCCESS] Saved CSV to /Users/matthewsmawfield/www/Temporal Equivalence Principle/TEP-H0/results/outputs/step_46_profile_likelihood_sigma_int.csv

============================================================
Key Conclusion
============================================================
[INFO] The profile-likelihood analysis properly handles the bounded sigma_int_v
nuisance parameter.  The LRT-based significance replaces the unreliable
Hessian-based significance for all models where sigma_int_v hits a boundary.
[1;32m[16:50:44] [SUCCESS] Step 46 (Profile-Likelihood) completed successfully.[0m
[0;37m[16:50:44] [INFO] [0m
[0;37m[16:50:44] [INFO] ================================================================================[0m
[0;37m[16:50:44] [INFO]    >>> STEP 47: Hierarchical Anchor Model Audit[0m
[0;37m[16:50:44] [INFO] ================================================================================[0m
[0;37m[16:50:44] [INFO] [0m

============================================================
Step 47: Hierarchical Anchor Model Audit
============================================================
[INFO] Addressing anchor double-counting and pseudo-replication concerns
[INFO] Design matrix: 3490 rows x 46 params
[INFO] Parameters: 46

============================================================
Anchor prior identification...
============================================================
[INFO] Found 2 prior-only rows:
[INFO]   Row 3488: mu_N4258 = 29.3980 (ANCHOR)
[INFO]   Row 3489: mu_LMC = 18.4770 (ANCHOR)
[INFO] 
Anchor prior count verification:
[SUCCESS]   LMC: 1 prior(s) — OK
[SUCCESS]   N4258: 1 prior(s) — OK

============================================================

TEP correction row audit...
============================================================
[INFO]   Cepheid rows corrected: 2816
[INFO]     Anchor Cepheid rows: 925
[INFO]     Non-anchor Cepheid rows: 1891
[SUCCESS]   Prior rows modified: 0 (should be 0)

============================================================

M_W shift analysis...
============================================================
[INFO]   M_W baseline:  -5.8935
[INFO]   M_W corrected: -5.8993
[INFO]   M_W shift:     -0.0058 mag
[INFO]   M_B baseline:  -19.2529
[INFO]   M_B corrected: -19.3499
[INFO]   M_B shift:     -0.0970 mag
[INFO]   H_0 baseline:  73.04
[INFO]   H_0 corrected: 69.83
[INFO]   H_0 shift:     -3.21 km/s/Mpc

============================================================

M_W shift decomposition...
============================================================
[INFO]   M_W shift from anchor correction only:    -0.0077 mag
[INFO]   M_W shift from non-anchor correction only: +0.0020 mag
[INFO]   M_W shift from both:                       -0.0058 mag
[INFO]   Sum of individual:                         -0.0058 mag
[INFO]   (Difference due to covariance:             -0.0000 mag)

============================================================

Pseudo-replication check...
============================================================
[INFO]   Unique Cepheid rows: 3132
[INFO]   Corrected Cepheid rows: 2816
[SUCCESS]   Match: True
[SUCCESS]   N4258: prior row 3488, 443 Cepheid rows (all distinct)
[SUCCESS]   LMC: prior row 3489, 482 Cepheid rows (all distinct)

============================================================

Audit Summary
============================================================
[INFO] 1. Each anchor has exactly one geometric prior — no double-counting.
2. TEP correction applies to Cepheid photometry rows, not prior rows.
3. The correction shifts M_W (Cepheid zero-point), not mu_anchor.
4. M_W propagates to M_B, then to H_0 through the Hubble diagram.
5. No pseudo-replication: each Cepheid observation enters once.
6. The anchor correction contribution to M_W is small due to screening.
[SUCCESS] 
Saved JSON to /Users/matthewsmawfield/www/Temporal Equivalence Principle/TEP-H0/results/outputs/step_47_anchor_double_counting_audit.json
[1;32m[16:50:45] [SUCCESS] Step 47 (Anchor Audit) completed successfully.[0m
[0;37m[16:50:45] [INFO] [0m
[0;37m[16:50:45] [INFO] ================================================================================[0m
[0;37m[16:50:45] [INFO]    >>> STEP 48: Pantheon+ Peculiar-Velocity Covariance Analysis[0m
[0;37m[16:50:45] [INFO] ================================================================================[0m
[0;37m[16:50:45] [INFO] [0m

============================================================
Step 48: Pantheon+ Peculiar-Velocity Covariance Analysis
============================================================
[INFO] Pantheon+SH0ES: 1701 SNe
[INFO] VPECERR (all SNe): [250]
[INFO] Calibrators: 77, Hubble-flow: 277
[INFO] Loading Pantheon+ STAT+SYS covariance...
[INFO]   Full covariance: (1701, 1701)
[INFO]   Calibrator covariance: (77, 77)
[INFO]   Correlated pairs (|r| > 0.1): 184

============================================================
Computing data-driven sigma_v...
============================================================
[INFO] Calibrator sigma_v from m_b:
[INFO]   Mean: 254.1 km/s
[INFO]   Median: 252.8 km/s
[INFO]   Std: 2.2 km/s
[INFO]   Min: 252.0 km/s
[INFO]   Max: 259.2 km/s
[INFO] 
Per-host sigma_v (unique Cepheid distances): 37
[INFO]   Mean per-host sigma_v: 253.8 km/s
[INFO] 
Comparison with fixed sigma_v:
[INFO]   Pantheon+ default: 250 km/s (all SNe)
[INFO]   Data-driven mean: 254.1 km/s
[INFO]   Data-driven median: 252.8 km/s

============================================================

Peculiar velocity scatter from VPEC residuals...
============================================================
[INFO] Calibrator VPEC:
[INFO]   Mean: 7.0 km/s
[INFO]   RMS: 182.3 km/s
[INFO]   Std (after mean removal): 182.1 km/s
[INFO] 
Hubble-flow VPEC:
[INFO]   Mean: -87.0 km/s
[INFO]   RMS: 162.5 km/s
[INFO]   Std (after mean removal): 137.2 km/s
[INFO] 
Residual sigma_v (calibrator): 182.1 km/s
[INFO] This is the data-driven estimate of the peculiar velocity scatter
[INFO] after removing the model-predicted bulk flow.

============================================================

Redshift–distance likelihood with data-driven sigma_v...
============================================================
[INFO]   N hosts = 34
[SUCCESS]   sigma_v = 150 km/s (fixed_150): kappa = 1.206e+06, LRT = 12.03, significance = 3.47sigma
[SUCCESS]   sigma_v = 183 km/s (data-driven): kappa = 1.177e+06, LRT = 8.95, significance = 2.99sigma
[SUCCESS]   sigma_v = 250 km/s (fixed_250): kappa = 1.145e+06, LRT = 5.40, significance = 2.32sigma
[SUCCESS]   sigma_v = 500 km/s (fixed_500): kappa = 1.113e+06, LRT = 1.52, significance = 1.23sigma

============================================================

Summary
============================================================
[INFO] The Pantheon+ peculiar velocity data provides a data-driven
sigma_v = 182.1 km/s (residual RMS after bulk flow
correction), compared to the Pantheon+ default of 250 km/s.
The kappa_Cep significance at the data-driven sigma_v is
2.99sigma
(LRT), compared to 2.32sigma at sigma_v = 250 km/s.
[SUCCESS] 
Saved JSON to /Users/matthewsmawfield/www/Temporal Equivalence Principle/TEP-H0/results/outputs/step_48_pantheon_velocity_covariance.json
[SUCCESS] Saved CSV to /Users/matthewsmawfield/www/Temporal Equivalence Principle/TEP-H0/results/outputs/step_48_pantheon_velocity_covariance.csv
[1;32m[16:50:47] [SUCCESS] Step 48 (Pantheon+ Velocity Covariance) completed successfully.[0m
[0;37m[16:50:47] [INFO] [0m
[0;37m[16:50:47] [INFO] ================================================================================[0m
[0;37m[16:50:47] [INFO]    >>> STEP 49: Independent κ Estimation from External Distances[0m
[0;37m[16:50:47] [INFO] ================================================================================[0m
[0;37m[16:50:47] [INFO] [0m

======================================================================
Step 49: Independent TRGB Confirmation of the TEP-Corrected Scale
======================================================================
[INFO] TRGB distances (Freedman+2024): 20 hosts
[INFO] Pantheon+ SN Ia calibrators: 77
[INFO] Matched TRGB-SN calibrators: 19
[INFO] TRGB-calibrated M_B = -19.2640 ± 0.0954 mag
[INFO] Hubble-flow SNe Ia: 274
[INFO] TRGB H0 (computed, simple) = 67.22 ± 2.95 km/s/Mpc
[INFO] TRGB H0 (Freedman+2024 best) = 70.39 ± 1.94 km/s/Mpc
[INFO] TRGB H0 (Freedman+2024 JWST) = 68.81 ± 2.22 km/s/Mpc
[INFO] JAGB H0 (Freedman+2024 JWST) = 67.80 ± 2.72 km/s/Mpc

======================================================================

Distance-scale comparison (all Freedman+2024 values)
======================================================================
  Scale                                H0     ±err
  --------------------------------------------------
  Standard Cepheid (SH0ES)          73.04     1.01
  TEP-corrected Cepheid             69.14     1.01
  TRGB best (HST+JWST)              70.39     1.94
  TRGB JWST-only                    68.81     2.22
  JAGB JWST-only                    67.80     2.72
  Planck (CMB)                      67.40     0.50
[INFO] 
Tension matrix (σ)
  Standard Cepheid (SH0ES) vs TEP-corrected Cepheid: 2.73σ
  Standard Cepheid (SH0ES) vs TRGB best (HST+JWST): 1.21σ
  Standard Cepheid (SH0ES) vs TRGB JWST-only: 1.73σ
  Standard Cepheid (SH0ES) vs JAGB JWST-only: 1.81σ
  Standard Cepheid (SH0ES) vs Planck (CMB): 5.00σ
  TEP-corrected Cepheid vs TRGB best (HST+JWST): 0.57σ
  TEP-corrected Cepheid vs TRGB JWST-only: 0.14σ
  TEP-corrected Cepheid vs JAGB JWST-only: 0.46σ
  TEP-corrected Cepheid vs Planck (CMB): 1.54σ
  TRGB best (HST+JWST) vs TRGB JWST-only: 0.54σ
  TRGB best (HST+JWST) vs JAGB JWST-only: 0.78σ
  TRGB best (HST+JWST) vs Planck (CMB): 1.50σ
  TRGB JWST-only vs JAGB JWST-only: 0.29σ
  TRGB JWST-only vs Planck (CMB): 0.62σ
  JAGB JWST-only vs Planck (CMB): 0.14σ

  Key tensions (TEP-corrected vs non-periodic scales):
    Comparison                                     Tension
    -------------------------------------------------------
    SH0ES vs TRGB best (70.39)                       1.21σ
    TEP vs TRGB best (70.39)                         0.57σ
    SH0ES vs TRGB JWST-only (68.81)                  1.73σ
    TEP vs TRGB JWST-only (68.81)                    0.14σ
    SH0ES vs JAGB JWST-only (67.80)                  1.81σ
    TEP vs JAGB JWST-only (67.80)                    0.46σ
    SH0ES vs Planck (67.4)                           5.00σ
    TEP vs Planck (67.4)                             1.54σ

======================================================================

M_B bias analysis
======================================================================
  TRGB best (HST+JWST) (H0 = 70.39 ± 1.94):
    M_B,SH0ES - M_B,ref = +0.0802 mag (SH0ES M_B is FAINTER)
    TEP correction:      +0.1192 mag (brightens M_B)
    M_B,TEP - M_B,ref =  -0.0389 mag (residual)
    Fraction captured:   148.5%
    TEP vs ref:          0.57σ
    SH0ES vs ref:        1.21σ

  TRGB JWST-only (H0 = 68.81 ± 2.22):
    M_B,SH0ES - M_B,ref = +0.1295 mag (SH0ES M_B is FAINTER)
    TEP correction:      +0.1192 mag (brightens M_B)
    M_B,TEP - M_B,ref =  +0.0104 mag (residual)
    Fraction captured:   92.0%
    TEP vs ref:          0.14σ
    SH0ES vs ref:        1.73σ

  JAGB JWST-only (H0 = 67.80 ± 2.72):
    M_B,SH0ES - M_B,ref = +0.1617 mag (SH0ES M_B is FAINTER)
    TEP correction:      +0.1192 mag (brightens M_B)
    M_B,TEP - M_B,ref =  +0.0425 mag (residual)
    Fraction captured:   73.7%
    TEP vs ref:          0.46σ
    SH0ES vs ref:        1.81σ

  Primary reference: JWST-only TRGB (H0 = 68.81 ± 2.22)
  This is the most independent comparison: purely JWST-based,
  non-periodic, and unaffected by HST Cepheid systematics.
  TEP captures 92.0% of the bias,
  with TEP vs TRGB = 0.14σ.

======================================================================

κ independence verification and multi-κ comparison
======================================================================
  The optimized κ = 1.805e6 is determined by minimizing the slope
  of (μ_corrected - μ_fiducial) vs σ — a Cepheid-internal criterion
  that does NOT use TRGB or Planck data. The TRGB agreement is
  therefore a genuine independent prediction, not a circular fit.

  H0 predictions from all κ estimates (screened σ_ref):
    κ source                                κ       H0    vs TRGB
    --------------------------------------------------------------
    0 null                          0.000e+00    73.04      1.73σ
    gal 9.6e5                       9.600e+05    70.94      0.87σ
    gen 7.34e5                      7.340e+05    71.43      1.07σ
    resid 1.27e6                    1.272e+06    70.27      0.60σ
    full 35hosts                    1.805e+06    69.14      0.14σ
    Γ_X likelihood (σv=150)         5.290e+05    71.87      1.25σ

  ALL κ estimates bring H0 closer to the JWST-only TRGB scale.
  The optimized κ gives 0.14σ agreement.
  The Γ_X-derived κ (fully independent of the optimization) gives 1.25σ.
  This confirms the TEP correction is robust to the κ estimation method.

======================================================================

TEP physics interpretation
======================================================================
  TEP predicts that periodic indicators (Cepheids) are subject to
  an environment-dependent conformal response that biases their
  calibrated distance scale, while non-periodic indicators (TRGB,
  JAGB) are unaffected.

  Observed hierarchy (all non-periodic scales below Cepheid):
    H0_JAGB_JWST  = 67.80 ± 2.72  (JAGB, JWST-only, 0.14σ from Planck)
    H0_Planck     = 67.40 ± 0.50  (early universe)
    H0_TRGB_JWST  = 68.81 ± 2.22  (TRGB, JWST-only, 0.62σ from Planck)
    H0_TRGB_best  = 70.39 ± 1.94  (TRGB, HST+JWST, 1.50σ from Planck)
    H0_TEP        = 69.14 ± 1.01  (corrected Cepheids)
    H0_SH0ES      = 73.04 ± 1.01  (uncorrected Cepheids)

  The TEP-corrected Cepheid scale agrees with all three non-periodic
  scales within 0.6σ:
    vs TRGB best:   0.57σ
    vs TRGB JWST:   0.14σ
    vs JAGB JWST:   0.46σ
  while the standard Cepheid scale is 1.2-1.8σ above all three:
    vs TRGB best:   1.21σ
    vs TRGB JWST:   1.73σ
    vs JAGB JWST:   1.81σ

  All three non-periodic scales agree with Planck within 1.5σ,
  confirming that the true distance scale is consistent with the CMB.

  This is the key independent confirmation: the TEP correction
  brings the Cepheid distance scale into agreement with three
  independent, TEP-unaffected distance indicators, exactly as
  predicted by the TEP framework.

======================================================================

Per-host TRGB-Cepheid differential (ancillary)
======================================================================
  The per-host Δμ = μ_TRGB - μ_Cepheid shows no correlation with X
  because the SH0ES free-mu_i parameterisation absorbs the TEP
  signal into each host's inferred modulus (Step 34).  This is
  expected and does not contradict TEP; the signal lives in the
  calibration zero-point, not in individual host residuals.
[SUCCESS] 
Saved JSON to /Users/matthewsmawfield/www/Temporal Equivalence Principle/TEP-H0/results/outputs/step_49_independent_kappa_estimation.json
[SUCCESS] Saved calibrators to /Users/matthewsmawfield/www/Temporal Equivalence Principle/TEP-H0/results/outputs/step_49_trgb_calibrators.csv
[1;32m[16:50:47] [SUCCESS] Step 49 (Independent κ) completed successfully.[0m
[0;37m[16:50:47] [INFO] [0m
[0;37m[16:50:47] [INFO] ================================================================================[0m
[0;37m[16:50:47] [INFO]    >>> REGRESSION GATES[0m
[0;37m[16:50:47] [INFO] ================================================================================[0m
[0;37m[16:50:47] [INFO] [0m
[1;32m[16:50:47] [SUCCESS]   [PASS] S34 H0 ≈ 73.04[0m
[1;32m[16:50:47] [SUCCESS]   [PASS] S34 κ_Cep ≈ −0.067e6 ± 0.210e6[0m
[1;32m[16:50:47] [SUCCESS]   [PASS] S34 fixed canonical χ² penalty ≈ +24.2[0m
[1;32m[16:50:47] [SUCCESS]   [PASS] S37 primary N=29[0m
[1;32m[16:50:47] [SUCCESS]   [PASS] S37 β_X > 0 at σ_v=250[0m
[1;32m[16:50:47] [SUCCESS]   [PASS] S39 Γ_X ≈ +2.3e7 at σ_v=250[0m
[1;32m[16:50:47] [SUCCESS]   [PASS] S39 κ_equiv ≈ +7.2e5[0m
[1;32m[16:50:47] [SUCCESS]   [PASS] S39 LOHO positive 29/29[0m
[1;32m[16:50:47] [SUCCESS]   [PASS] S40 Γ_X > 0 in all controlled models[0m
[1;32m[16:50:47] [SUCCESS]   [PASS] S40 M1 has best AIC[0m
[1;32m[16:50:47] [SUCCESS]   [PASS] S41 TRGB overlap N=13[0m
[1;32m[16:50:47] [SUCCESS]   [PASS] S41 differential κ consistent with zero[0m
[1;32m[16:50:47] [SUCCESS]   [PASS] S41 Γ_X stable across κ assumptions[0m
[1;32m[16:50:47] [SUCCESS]   [PASS] S42 Γ_X positive at σ_v=250[0m
[1;32m[16:50:47] [SUCCESS]   [PASS] S42 Γ_X in expected range[0m
[1;32m[16:50:47] [SUCCESS]   [PASS] S42 Γ_X > 1.5σ[0m
[1;32m[16:50:47] [SUCCESS]   [PASS] S42 Gauge A β == Γ_X[0m
[1;32m[16:50:47] [SUCCESS]   [PASS] S42 Gauge B κ_equiv ≈ 7.3e5[0m
[1;32m[16:50:47] [SUCCESS]   [PASS] S42 Gauge C β < 0 (canonical κ)[0m
[1;32m[16:50:47] [SUCCESS]   [PASS] S42 Gauge D κ_ext ≈ 3.2e5[0m
[1;32m[16:50:47] [SUCCESS]   [PASS] S42 Gauge D β > 0[0m
[1;32m[16:50:47] [SUCCESS]   [PASS] S43 primary N=29[0m
[1;32m[16:50:47] [SUCCESS]   [PASS] S43 injected κ_Cep positive[0m
[1;32m[16:50:47] [SUCCESS]   [PASS] S43 injected Γ_X positive[0m
[1;32m[16:50:47] [SUCCESS]   [PASS] S43 Step-34 κ_Cep absorbed (≈0)[0m
[1;32m[16:50:47] [SUCCESS]   [PASS] S43 velocity-space recovers Γ_X[0m
[0;37m[16:50:47] [INFO] Regression gates: 26/26 passed[0m
[1;32m[16:50:47] [SUCCESS] All regression gates passed.[0m
[0;37m[16:50:47] [INFO] [0m
[0;37m[16:50:47] [INFO] ================================================================================[0m
[0;37m[16:50:47] [INFO]    Pipeline execution summary[0m
[0;37m[16:50:47] [INFO] ================================================================================[0m
[0;37m[16:50:47] [INFO] [0m
[0;37m[16:50:47] [INFO] Execution Timing[0m
[0;37m[16:50:47] [INFO] +---------+--------------+-----------+[0m
[0;37m[16:50:47] [INFO] | Step    | Duration (s) | Status    |[0m
[0;37m[16:50:47] [INFO] +---------+--------------+-----------+[0m
[0;37m[16:50:47] [INFO] | Step 01 | 7.17         | COMPLETED |[0m
[0;37m[16:50:47] [INFO] | Step 02 | 0.81         | COMPLETED |[0m
[0;37m[16:50:47] [INFO] | Step 03 | 2.31         | COMPLETED |[0m
[0;37m[16:50:47] [INFO] | Step 04 | 13.07        | COMPLETED |[0m
[0;37m[16:50:47] [INFO] | Step 05 | 0.03         | COMPLETED |[0m
[0;37m[16:50:47] [INFO] | Step 06 | 0.46         | COMPLETED |[0m
[0;37m[16:50:47] [INFO] | Step 07 | 3.23         | COMPLETED |[0m
[0;37m[16:50:47] [INFO] | Step 08 | 211.59       | COMPLETED |[0m
[0;37m[16:50:47] [INFO] | Step 09 | 0.01         | COMPLETED |[0m
[0;37m[16:50:47] [INFO] | Step 10 | 154.99       | COMPLETED |[0m
[0;37m[16:50:47] [INFO] | Step 11 | 2.18         | COMPLETED |[0m
[0;37m[16:50:47] [INFO] | Step 12 | 1.11         | COMPLETED |[0m
[0;37m[16:50:47] [INFO] | Step 13 | 0.23         | COMPLETED |[0m
[0;37m[16:50:47] [INFO] | Step 14 | 82.23        | COMPLETED |[0m
[0;37m[16:50:47] [INFO] | Step 15 | 0.23         | COMPLETED |[0m
[0;37m[16:50:47] [INFO] | Step 16 | 0.08         | COMPLETED |[0m
[0;37m[16:50:47] [INFO] | Step 17 | 0.02         | COMPLETED |[0m
[0;37m[16:50:47] [INFO] | Step 18 | 0.02         | COMPLETED |[0m
[0;37m[16:50:47] [INFO] | Step 19 | 0.01         | COMPLETED |[0m
[0;37m[16:50:47] [INFO] | Step 20 | 0.01         | COMPLETED |[0m
[0;37m[16:50:47] [INFO] | Step 21 | 0.09         | COMPLETED |[0m
[0;37m[16:50:47] [INFO] | Step 22 | 0.00         | COMPLETED |[0m
[0;37m[16:50:47] [INFO] | Step 23 | 0.01         | COMPLETED |[0m
[0;37m[16:50:47] [INFO] | Step 24 | 0.01         | COMPLETED |[0m
[0;37m[16:50:47] [INFO] | Step 25 | 0.17         | COMPLETED |[0m
[0;37m[16:50:47] [INFO] | Step 26 | 0.54         | COMPLETED |[0m
[0;37m[16:50:47] [INFO] | Step 27 | 0.09         | COMPLETED |[0m
[0;37m[16:50:47] [INFO] | Step 28 | 0.00         | COMPLETED |[0m
[0;37m[16:50:47] [INFO] | Step 29 | 7.27         | COMPLETED |[0m
[0;37m[16:50:47] [INFO] | Step 30 | 0.00         | COMPLETED |[0m
[0;37m[16:50:47] [INFO] | Step 31 | 0.40         | COMPLETED |[0m
[0;37m[16:50:47] [INFO] | Step 34 | 33.42        | COMPLETED |[0m
[0;37m[16:50:47] [INFO] | Step 35 | 8.44         | COMPLETED |[0m
[0;37m[16:50:47] [INFO] | Step 36 | 154.72       | COMPLETED |[0m
[0;37m[16:50:47] [INFO] | Step 37 | 23.12        | COMPLETED |[0m
[0;37m[16:50:47] [INFO] | Step 38 | 16.43        | COMPLETED |[0m
[0;37m[16:50:47] [INFO] | Step 39 | 704.37       | COMPLETED |[0m
[0;37m[16:50:47] [INFO] | Step 40 | 116.55       | COMPLETED |[0m
[0;37m[16:50:47] [INFO] | Step 41 | 156.80       | COMPLETED |[0m
[0;37m[16:50:47] [INFO] | Step 42 | 1.42         | COMPLETED |[0m
[0;37m[16:50:47] [INFO] | Step 43 | 1.54         | COMPLETED |[0m
[0;37m[16:50:47] [INFO] | Step 44 | 2.28         | COMPLETED |[0m
[0;37m[16:50:47] [INFO] | Step 45 | 3.34         | COMPLETED |[0m
[0;37m[16:50:47] [INFO] | Step 46 | 3.75         | COMPLETED |[0m
[0;37m[16:50:47] [INFO] | Step 47 | 1.17         | COMPLETED |[0m
[0;37m[16:50:47] [INFO] | Step 48 | 1.49         | COMPLETED |[0m
[0;37m[16:50:47] [INFO] | Step 49 | 0.02         | COMPLETED |[0m
[0;37m[16:50:47] [INFO] | TOTAL   | 1717.29      | SUCCESS   |[0m
[0;37m[16:50:47] [INFO] +---------+--------------+-----------+[0m
[1;32m[16:50:47] [SUCCESS] Total Execution Time: 1717.29 seconds[0m
[0;37m[16:50:47] [INFO] Results Directory: /Users/matthewsmawfield/www/Temporal Equivalence Principle/TEP-H0/results/[0m
[0;37m[16:50:47] [INFO] Logs Directory:    /Users/matthewsmawfield/www/Temporal Equivalence Principle/TEP-H0/logs/[0m
[1;32m[16:50:47] [SUCCESS] Pipeline finished.[0m
